timestep,reward,length,violations,thrust,sfc,T4
200,212.174016,200,10,5116.75,0.5935987830162048,2740.0517578125
400,-466.534479,200,78,6003.900000000001,0.5447957664728165,2742.66943359375
600,-2451.558179,200,94,6380.301562500001,0.5193893983960152,2745.53076171875
800,-810.729501,200,69,7751.7640625,0.7526203989982605,2745.00439453125
1000,-1383.467097,200,93,5471.6953125,0.586836189031601,2740.847900390625
1200,-271.62637,200,84,10313.009375000001,0.6583528220653534,2782.53759765625
1400,-307.307914,200,93,10359.837500000001,0.6490673869848251,2784.10205078125
1600,-187.134633,200,72,10360.307812500001,0.6489685922861099,2784.117919921875
1800,-541.471543,200,129,10360.3578125,0.6489578634500504,2784.119873046875
2000,-398.308273,200,103,10360.3734375,0.6489545851945877,2784.120361328125
2200,-241.667082,200,76,10360.392187500001,0.6489507853984833,2784.120849609375
2400,261.168202,200,0,10360.3953125,0.6489500403404236,2784.12109375
2600,-494.077284,200,121,10360.3984375,0.6489495933055878,2784.12109375
2800,-594.711258,200,137,10360.400000000001,0.648949146270752,2784.12109375
3000,-560.000331,200,132,10360.3984375,0.6489496678113937,2784.12109375
3200,-58.997653,200,52,10360.400000000001,0.648949146270752,2784.12109375
3400,-120.885328,200,61,10360.400000000001,0.648949146270752,2784.12109375
3600,-321.718481,200,93,10360.400000000001,0.648949146270752,2784.12109375
3800,-578.636757,200,136,10360.400000000001,0.648949146270752,2784.12109375
4000,-123.217284,200,61,10360.3984375,0.64894899725914,2784.12109375
4200,-229.498097,200,81,10360.400000000001,0.648949146270752,2784.12109375
4400,-138.143955,200,67,10360.3984375,0.64894899725914,2784.12109375
4600,-257.541523,200,86,10360.3984375,0.64894899725914,2784.12109375
4800,-267.927367,200,84,10360.3984375,0.64894899725914,2784.12109375
5000,-439.936156,200,115,10360.3984375,0.64894899725914,2784.12109375
5200,17.828523,200,39,10360.3984375,0.64894899725914,2784.12109375
5400,-539.982973,200,129,10360.400000000001,0.648949146270752,2784.12109375
5600,-114.151298,200,58,10360.400000000001,0.648949146270752,2784.12109375
5800,-239.921757,200,82,10360.400000000001,0.648949146270752,2784.12109375
6000,-789.978191,200,169,10360.3984375,0.64894899725914,2784.12109375
6200,62.989548,200,31,10360.400000000001,0.648949146270752,2784.12109375
6400,-315.067533,200,90,10360.3984375,0.6489492207765579,2784.12109375
6600,138.046102,200,19,10360.3984375,0.6489496678113937,2784.12109375
6800,237.221808,200,0,10360.400000000001,0.648949146270752,2784.12109375
7000,-544.334234,200,127,10360.400000000001,0.648949146270752,2784.12109375
7200,-327.673625,200,93,10360.400000000001,0.648949146270752,2784.12109375
7400,-367.053178,200,100,10360.3984375,0.64894899725914,2784.12109375
7600,83.586735,200,29,10360.400000000001,0.648949146270752,2784.12109375
7800,-62.951324,200,53,10360.400000000001,0.648949146270752,2784.12109375
8000,-204.013055,200,73,10360.400000000001,0.648949146270752,2784.12109375
8200,-226.790534,200,82,10360.400000000001,0.648949146270752,2784.12109375
8400,-65.656102,200,51,10360.400000000001,0.648949146270752,2784.12109375
8600,38.412217,200,36,10360.400000000001,0.648949146270752,2784.12109375
8800,-66.872816,200,54,10360.400000000001,0.648949146270752,2784.12109375
9000,113.609877,200,26,10360.400000000001,0.648949146270752,2784.12109375
9200,277.373262,200,0,10360.400000000001,0.648949146270752,2784.12109375
9400,-596.608692,200,140,10360.400000000001,0.648949146270752,2784.12109375
9600,-379.664695,200,103,10360.400000000001,0.648949146270752,2784.12109375
9800,-401.374026,200,110,10360.400000000001,0.648949146270752,2784.12109375
10000,-208.317846,200,76,10360.400000000001,0.648949146270752,2784.12109375
10200,-300.285268,200,91,10360.400000000001,0.648949146270752,2784.12109375
10400,-853.020744,200,177,10360.400000000001,0.648949146270752,2784.12109375
10600,-182.696185,200,70,10360.400000000001,0.648949146270752,2784.12109375
10800,-227.485533,200,78,10360.400000000001,0.648949146270752,2784.12109375
11000,-224.460667,200,78,10360.400000000001,0.648949146270752,2784.12109375
11200,143.925561,200,18,10360.400000000001,0.648949146270752,2784.12109375
11400,9.614699,200,44,10360.400000000001,0.648949146270752,2784.12109375
11600,-377.674083,200,101,10360.400000000001,0.648949146270752,2784.12109375
11800,-366.368306,200,101,10360.400000000001,0.648949146270752,2784.12109375
12000,-555.613189,200,132,10360.400000000001,0.648949146270752,2784.12109375
12200,-667.800265,200,149,10360.400000000001,0.648949146270752,2784.12109375
12400,-274.906823,200,84,10360.400000000001,0.648949146270752,2784.12109375
12600,-300.168015,200,87,10360.400000000001,0.648949146270752,2784.12109375
12800,135.552835,200,18,10360.400000000001,0.648949146270752,2784.12109375
13000,-148.979446,200,66,10360.400000000001,0.648949146270752,2784.12109375
13200,-576.603512,200,133,10360.400000000001,0.648949146270752,2784.12109375
13400,36.316283,200,36,10360.400000000001,0.648949146270752,2784.12109375
13600,64.252114,200,34,10360.400000000001,0.648949146270752,2784.12109375
13800,-397.485305,200,105,10360.400000000001,0.648949146270752,2784.12109375
14000,129.48366,200,23,10360.400000000001,0.648949146270752,2784.12109375
14200,-254.361479,200,81,10360.400000000001,0.648949146270752,2784.12109375
14400,-194.532312,200,73,10360.400000000001,0.648949146270752,2784.12109375
14600,-682.040015,200,152,10360.400000000001,0.648949146270752,2784.12109375
14800,271.202577,200,0,10360.400000000001,0.648949146270752,2784.12109375
15000,-86.214013,200,55,10360.400000000001,0.648949146270752,2784.12109375
15200,-127.297414,200,59,10360.400000000001,0.648949146270752,2784.12109375
15400,133.196119,200,19,10360.400000000001,0.648949146270752,2784.12109375
15600,-115.089737,200,62,10360.400000000001,0.648949146270752,2784.12109375
15800,-335.216111,200,96,10360.400000000001,0.648949146270752,2784.12109375
16000,8.70829,200,41,10360.400000000001,0.648949146270752,2784.12109375
16200,-48.635479,200,50,10360.400000000001,0.648949146270752,2784.12109375
16400,72.205161,200,30,10360.400000000001,0.648949146270752,2784.12109375
16600,-71.99736,200,53,10360.400000000001,0.648949146270752,2784.12109375
16800,-187.587686,200,69,10360.400000000001,0.648949146270752,2784.12109375
17000,-605.883548,200,140,10360.400000000001,0.648949146270752,2784.12109375
17200,-231.339087,200,80,10360.400000000001,0.648949146270752,2784.12109375
17400,-42.315275,200,46,10360.400000000001,0.648949146270752,2784.12109375
17600,-470.62785,200,115,10360.400000000001,0.648949146270752,2784.12109375
17800,157.558897,200,13,10360.400000000001,0.648949146270752,2784.12109375
18000,-547.732094,200,128,10360.400000000001,0.648949146270752,2784.12109375
18200,-12.947853,200,44,10360.400000000001,0.648949146270752,2784.12109375
18400,-120.05426,200,63,10360.400000000001,0.648949146270752,2784.12109375
18600,-298.423489,200,89,10360.400000000001,0.648949146270752,2784.12109375
18800,-119.412221,200,60,10360.400000000001,0.648949146270752,2784.12109375
19000,-109.676906,200,61,10360.400000000001,0.648949146270752,2784.12109375
19200,-256.377664,200,83,10360.400000000001,0.648949146270752,2784.12109375
19400,-527.412447,200,125,10360.400000000001,0.648949146270752,2784.12109375
19600,-939.905226,200,196,10360.400000000001,0.648949146270752,2784.12109375
19800,-173.742949,200,68,10360.400000000001,0.648949146270752,2784.12109375
20000,-485.111491,200,121,10360.400000000001,0.648949146270752,2784.12109375
20200,-227.663244,200,79,10360.400000000001,0.648949146270752,2784.12109375
20400,-392.479717,200,104,10360.400000000001,0.648949146270752,2784.12109375
20600,-125.401868,200,59,10360.400000000001,0.648949146270752,2784.12109375
20800,136.410112,200,20,10360.400000000001,0.648949146270752,2784.12109375
21000,-19.879397,200,45,10360.400000000001,0.648949146270752,2784.12109375
21200,50.617723,200,34,10360.400000000001,0.648949146270752,2784.12109375
21400,-852.319429,200,181,10360.400000000001,0.648949146270752,2784.12109375
21600,152.999572,200,16,10360.400000000001,0.648949146270752,2784.12109375
21800,-0.567448,200,40,10360.400000000001,0.648949146270752,2784.12109375
22000,-14.398966,200,41,10360.400000000001,0.648949146270752,2784.12109375
22200,-17.587365,200,43,10360.400000000001,0.648949146270752,2784.12109375
22400,93.366267,200,29,10360.400000000001,0.648949146270752,2784.12109375
22600,48.606705,200,34,10360.400000000001,0.648949146270752,2784.12109375
22800,-380.105247,200,100,10360.400000000001,0.648949146270752,2784.12109375
23000,150.096606,200,17,10360.400000000001,0.648949146270752,2784.12109375
23200,-436.877799,200,109,10360.400000000001,0.648949146270752,2784.12109375
23400,-5.429597,200,42,10360.400000000001,0.648949146270752,2784.12109375
23600,-393.486186,200,103,10360.400000000001,0.648949146270752,2784.12109375
23800,-252.911837,200,82,10360.400000000001,0.648949146270752,2784.12109375
24000,-298.102283,200,89,10360.400000000001,0.648949146270752,2784.12109375
24200,-120.878695,200,58,10360.400000000001,0.648949146270752,2784.12109375
24400,-384.664021,200,103,10360.400000000001,0.648949146270752,2784.12109375
24600,-26.217286,200,44,10360.400000000001,0.648949146270752,2784.12109375
24800,-700.468551,200,154,10360.400000000001,0.648949146270752,2784.12109375
25000,259.687711,200,0,10360.400000000001,0.648949146270752,2784.12109375
25200,73.869476,200,30,10360.400000000001,0.648949146270752,2784.12109375
25400,-710.064956,200,156,10360.400000000001,0.648949146270752,2784.12109375
25600,-563.829972,200,132,10360.400000000001,0.648949146270752,2784.12109375
25800,250.940465,200,0,10360.400000000001,0.648949146270752,2784.12109375
26000,-347.336448,200,96,10360.400000000001,0.648949146270752,2784.12109375
26200,54.103827,200,32,10360.400000000001,0.648949146270752,2784.12109375
26400,168.17695,200,11,10360.400000000001,0.648949146270752,2784.12109375
26600,-170.639967,200,68,10360.400000000001,0.648949146270752,2784.12109375
26800,-602.720853,200,138,10360.400000000001,0.648949146270752,2784.12109375
27000,-148.797832,200,61,10360.400000000001,0.648949146270752,2784.12109375
27200,-627.600782,200,138,10360.400000000001,0.648949146270752,2784.12109375
27400,-297.516177,200,88,10360.400000000001,0.648949146270752,2784.12109375
27600,-77.804718,200,52,10360.400000000001,0.648949146270752,2784.12109375
27800,-79.521659,200,52,10360.400000000001,0.648949146270752,2784.12109375
28000,244.840783,200,0,10360.400000000001,0.648949146270752,2784.12109375
28200,-387.237073,200,101,10360.400000000001,0.648949146270752,2784.12109375
28400,-353.355853,200,97,10360.400000000001,0.648949146270752,2784.12109375
28600,29.652919,200,37,10360.400000000001,0.648949146270752,2784.12109375
28800,-343.299536,200,96,10360.400000000001,0.648949146270752,2784.12109375
29000,-149.149808,200,63,10360.400000000001,0.648949146270752,2784.12109375
29200,-308.889963,200,91,10360.400000000001,0.648949146270752,2784.12109375
29400,-142.137671,200,66,10360.400000000001,0.648949146270752,2784.12109375
29600,-218.123388,200,78,10360.400000000001,0.648949146270752,2784.12109375
29800,-217.623496,200,75,10360.400000000001,0.648949146270752,2784.12109375
30000,-794.699692,200,170,10360.400000000001,0.648949146270752,2784.12109375
30200,-297.216961,200,86,10360.400000000001,0.648949146270752,2784.12109375
30400,-248.661681,200,82,10360.400000000001,0.648949146270752,2784.12109375
30600,-371.65231,200,101,10360.400000000001,0.648949146270752,2784.12109375
30800,-44.677905,200,50,10360.400000000001,0.648949146270752,2784.12109375
31000,155.906372,200,15,10360.400000000001,0.648949146270752,2784.12109375
31200,-481.289488,200,119,10360.400000000001,0.648949146270752,2784.12109375
31400,-268.152587,200,85,10360.400000000001,0.648949146270752,2784.12109375
31600,-586.619995,200,135,10360.400000000001,0.648949146270752,2784.12109375
31800,-240.664915,200,81,10360.400000000001,0.648949146270752,2784.12109375
32000,-379.358341,200,99,10360.400000000001,0.648949146270752,2784.12109375
32200,-5.177006,200,44,10360.400000000001,0.648949146270752,2784.12109375
32400,-382.215677,200,104,10360.400000000001,0.648949146270752,2784.12109375
32600,-303.361718,200,86,10360.400000000001,0.648949146270752,2784.12109375
32800,79.881827,200,29,10360.400000000001,0.648949146270752,2784.12109375
33000,-268.947349,200,86,10360.400000000001,0.648949146270752,2784.12109375
33200,-367.223489,200,100,10360.400000000001,0.648949146270752,2784.12109375
33400,-385.200051,200,100,10360.400000000001,0.648949146270752,2784.12109375
33600,-512.257282,200,124,10360.400000000001,0.648949146270752,2784.12109375
33800,-333.446604,200,91,10360.400000000001,0.648949146270752,2784.12109375
34000,-646.399611,200,142,10360.400000000001,0.648949146270752,2784.12109375
34200,-94.265809,200,58,10360.400000000001,0.648949146270752,2784.12109375
34400,-279.045044,200,85,10360.400000000001,0.648949146270752,2784.12109375
34600,-552.872247,200,127,10360.400000000001,0.648949146270752,2784.12109375
34800,-480.043484,200,117,10360.400000000001,0.648949146270752,2784.12109375
35000,-427.903148,200,110,10360.400000000001,0.648949146270752,2784.12109375
35200,-220.572641,200,74,10360.400000000001,0.648949146270752,2784.12109375
35400,58.748714,200,31,10360.400000000001,0.648949146270752,2784.12109375
35600,-282.839688,200,87,10360.400000000001,0.648949146270752,2784.12109375
35800,-48.678463,200,46,10360.400000000001,0.648949146270752,2784.12109375
36000,-262.681135,200,83,10360.400000000001,0.648949146270752,2784.12109375
36200,-491.759774,200,121,10360.400000000001,0.648949146270752,2784.12109375
36400,-165.045935,200,68,10360.400000000001,0.648949146270752,2784.12109375
36600,-739.722435,200,158,10360.400000000001,0.648949146270752,2784.12109375
36800,-474.033364,200,116,10360.400000000001,0.648949146270752,2784.12109375
37000,-52.696326,200,49,10360.400000000001,0.648949146270752,2784.12109375
37200,110.28838,200,23,10360.400000000001,0.648949146270752,2784.12109375
37400,-212.015759,200,76,10360.400000000001,0.648949146270752,2784.12109375
37600,-160.972396,200,65,10360.400000000001,0.648949146270752,2784.12109375
37800,-201.144641,200,73,10360.3984375,0.64894899725914,2784.12109375
38000,-529.874021,200,124,10360.400000000001,0.648949146270752,2784.12109375
38200,-171.718923,200,68,10360.400000000001,0.648949146270752,2784.12109375
38400,-604.46307,200,137,10360.400000000001,0.648949146270752,2784.12109375
38600,-508.665326,200,121,10360.400000000001,0.648949146270752,2784.12109375
38800,-312.958195,200,93,10360.400000000001,0.648949146270752,2784.12109375
39000,-335.432258,200,93,10360.400000000001,0.648949146270752,2784.12109375
39200,-645.801164,200,142,10360.400000000001,0.648949146270752,2784.12109375
39400,-238.596945,200,80,10360.400000000001,0.648949146270752,2784.12109375
39600,-130.062659,200,60,10360.400000000001,0.648949146270752,2784.12109375
39800,-603.257706,200,138,10360.400000000001,0.648949146270752,2784.12109375
40000,-559.047034,200,131,10360.400000000001,0.648949146270752,2784.12109375
40200,129.27157,200,18,10360.400000000001,0.648949146270752,2784.12109375
40400,-362.43421,200,100,10360.400000000001,0.648949146270752,2784.12109375
40600,-303.102479,200,92,10360.400000000001,0.648949146270752,2784.12109375
40800,-341.509198,200,96,10360.400000000001,0.648949146270752,2784.12109375
41000,-254.191612,200,83,10360.400000000001,0.648949146270752,2784.12109375
41200,-338.719512,200,96,10360.400000000001,0.648949146270752,2784.12109375
41400,-406.532861,200,103,10360.400000000001,0.648949146270752,2784.12109375
41600,-43.710037,200,48,10360.400000000001,0.648949146270752,2784.12109375
41800,-175.404942,200,68,10360.400000000001,0.648949146270752,2784.12109375
42000,-338.110044,200,93,10360.400000000001,0.648949146270752,2784.12109375
42200,-376.093304,200,101,10360.400000000001,0.648949146270752,2784.12109375
42400,-297.164106,200,88,10360.400000000001,0.648949146270752,2784.12109375
42600,26.347361,200,36,10360.400000000001,0.648949146270752,2784.12109375
42800,-388.746249,200,104,10360.400000000001,0.648949146270752,2784.12109375
43000,-30.035159,200,45,10360.400000000001,0.648949146270752,2784.12109375
43200,-339.994618,200,93,10360.400000000001,0.648949146270752,2784.12109375
43400,-545.836622,200,127,10360.400000000001,0.648949146270752,2784.12109375
43600,-394.922008,200,104,10360.400000000001,0.648949146270752,2784.12109375
43800,-96.180162,200,55,10360.3984375,0.64894899725914,2784.12109375
44000,-167.635867,200,59,6900.63125,0.5456693097949028,2749.694580078125
44200,-103.256731,200,47,5051.1875,0.590093731880188,2739.787841796875
44400,-16.158216,200,33,5394.275000000001,0.5908026546239853,2740.711669921875
44600,239.438719,200,1,5261.478125000001,0.5948813259601593,2740.45556640625
44800,190.799895,200,2,5053.0921875,0.5902288481593132,2739.79638671875
45000,176.040143,200,3,9248.5484375,0.7833567261695862,2756.052734375
45200,-188.310981,200,51,5048.4171875,0.5898930504918098,2739.775146484375
45400,191.281251,200,2,9713.7953125,0.7375269383192062,2766.02880859375
45600,226.370836,200,2,9851.4921875,0.7220461219549179,2769.42578125
45800,184.202973,200,3,5045.521875,0.5896783247590065,2739.76171875
46000,232.021468,200,2,5045.265625,0.5896589532494545,2739.760498046875
46200,-168.0068,200,56,5120.14375,0.5937209725379944,2740.0634765625
46400,-11.427352,200,27,5108.678125,0.5932853370904922,2740.022705078125
46600,-374.352429,200,88,5043.6171875,0.589534267783165,2739.752685546875
46800,-162.578627,200,54,10204.306250000001,0.6765872240066528,2779.126708984375
47000,-644.750645,200,128,10360.400000000001,0.648949146270752,2784.12109375
47200,54.235923,200,31,5102.762500000001,0.5930360779166222,2740.000732421875
47400,257.078241,200,0,10360.3984375,0.6489494442939758,2784.12109375
47600,223.408456,200,3,5043.7484375,0.5895446613430977,2739.75341796875
47800,-201.595542,200,63,5043.6125,0.5895340070128441,2739.752685546875
48000,226.295782,200,6,5043.6125,0.5895340070128441,2739.752685546875
48200,196.592482,200,2,10359.0078125,0.6492412835359573,2784.07373046875
48400,-366.091526,200,91,5043.614062500001,0.5895334854722023,2739.752685546875
48600,-30.186854,200,29,5043.6125,0.5895340070128441,2739.752685546875
48800,102.49703,200,16,10360.400000000001,0.648949146270752,2784.12109375
49000,252.181831,200,1,10359.8796875,0.6490585207939148,2784.103515625
49200,-21.373303,200,41,5043.668750000001,0.5895381420850754,2739.7529296875
49400,-15.793829,200,39,10360.400000000001,0.648949146270752,2784.12109375
49600,-332.854188,200,89,5043.614062500001,0.5895334854722023,2739.752685546875
49800,-329.550689,200,87,5043.614062500001,0.5895334854722023,2739.752685546875
50000,-53.762799,200,39,5066.8390625,0.5911418795585632,2739.85693359375
50200,124.186004,200,19,5067.1125,0.5911589041352272,2739.858154296875
50400,-114.273706,200,48,5043.610937500001,0.5895335227251053,2739.752685546875
50600,-184.092421,200,58,8189.1046875,0.8015536516904831,2744.894287109375
50800,-565.637066,200,111,10360.400000000001,0.648949146270752,2784.12109375
51000,-32.304505,200,24,10360.400000000001,0.648949146270752,2784.12109375
51200,-407.652195,200,86,5043.614062500001,0.5895336344838142,2739.752685546875
51400,251.105545,200,0,5043.6125,0.5895340070128441,2739.752685546875
51600,181.390625,200,3,5043.614062500001,0.5895334854722023,2739.752685546875
51800,-143.745816,200,53,5043.614062500001,0.5895334854722023,2739.752685546875
52000,-142.982447,200,52,5048.251562500001,0.5898810923099518,2739.774169921875
52200,-125.502089,200,49,5044.015625,0.5895641446113586,2739.754638671875
52400,-77.986133,200,43,5043.6125,0.5895333364605904,2739.752685546875
52600,223.440667,200,4,5043.614062500001,0.5895334854722023,2739.752685546875
52800,-53.101883,200,39,5043.614062500001,0.5895334854722023,2739.752685546875
53000,70.50849,200,26,5043.731250000001,0.5895433947443962,2739.75341796875
53200,242.779664,200,2,5045.3125,0.589662492275238,2739.7607421875
53400,46.507624,200,25,8455.4234375,0.8134347200393677,2746.078369140625
53600,-69.484651,200,49,5043.610937500001,0.5895335227251053,2739.752685546875
53800,-214.339942,200,63,5043.6125,0.5895333364605904,2739.752685546875
54000,80.97495,200,18,5043.6125,0.5895333364605904,2739.752685546875
54200,252.779342,200,0,5043.6625,0.5895375087857246,2739.7529296875
54400,-148.076862,200,47,10360.400000000001,0.648949146270752,2784.12109375
54600,-283.66616,200,81,8563.104687500001,0.8146858215332031,2746.85205078125
54800,23.917303,200,20,5043.645312500001,0.5895364657044411,2739.7529296875
55000,-45.422741,200,39,5043.64375,0.5895361304283142,2739.7529296875
55200,-207.661112,200,62,10360.3203125,0.6489656865596771,2784.118408203125
55400,-213.592734,200,57,10360.2890625,0.6489724665880203,2784.117431640625
55600,-81.419327,200,29,10360.400000000001,0.648949146270752,2784.12109375
55800,229.473178,200,2,5043.610937500001,0.5895335227251053,2739.752685546875
56000,-288.317644,200,82,9645.440625000001,0.7449229061603546,2764.4140625
56200,-197.24347,200,61,10090.706250000001,0.6926631927490234,2775.81787109375
56400,-208.69227,200,63,8481.1,0.813911184668541,2746.246826171875
56600,-400.801405,200,98,10360.35,0.6489595025777817,2784.11962890625
56800,185.954187,200,2,5044.696875000001,0.5896163731813431,2739.7578125
57000,34.93013,200,24,10360.400000000001,0.648949146270752,2784.12109375
57200,-469.031806,200,96,7123.475,0.6090983003377914,2748.792236328125
57400,9.240854,200,23,10204.7859375,0.676514059305191,2779.14111328125
57600,249.253732,200,0,10083.7,0.6935921311378479,2775.620361328125
57800,116.945304,200,12,9223.9296875,0.7854059338569641,2755.597900390625
58000,136.780435,200,3,9991.875,0.7053101062774658,2773.0947265625
58200,-7.446942,200,33,8927.546875,0.8054579794406891,2750.82177734375
58400,-155.50372,200,62,9653.690625000001,0.744040384888649,2764.6064453125
58600,204.061201,200,1,9735.675000000001,0.7351198047399521,2766.5556640625
58800,-32.181607,200,45,5043.6125,0.5895333364605904,2739.752685546875
59000,-548.891225,200,120,5043.9984375,0.5895629152655602,2739.754638671875
59200,-495.566189,200,100,10360.400000000001,0.648949146270752,2784.12109375
59400,-13.718145,200,33,5044.064062500001,0.5895676836371422,2739.7548828125
59600,-374.352059,200,87,10360.400000000001,0.648949146270752,2784.12109375
59800,28.055331,200,27,10360.400000000001,0.648949146270752,2784.12109375
60000,81.759768,200,28,10360.400000000001,0.648949146270752,2784.12109375
60200,-355.725609,200,91,5043.809375000001,0.5895482748746872,2739.753662109375
60400,200.980471,200,2,5043.829687500001,0.5895505100488663,2739.753662109375
60600,-10.9775,200,37,5043.6125,0.5895333364605904,2739.752685546875
60800,-120.005306,200,44,5043.790625000001,0.5895470082759857,2739.75341796875
61000,84.650055,200,17,5043.6125,0.5895333364605904,2739.752685546875
61200,-220.976243,200,58,5043.725,0.5895424634218216,2739.753173828125
61400,-183.887746,200,61,10025.167187500001,0.7011498510837555,2773.997802734375
61600,267.277725,200,0,9998.384375000001,0.7045035809278488,2773.27001953125
61800,-31.652427,200,36,10060.228125000001,0.6966643035411835,2774.964111328125
62000,176.31355,200,12,5043.6125,0.5895333364605904,2739.752685546875
62200,112.456532,200,22,5043.6125,0.5895333364605904,2739.752685546875
62400,51.911495,200,24,10360.400000000001,0.648949146270752,2784.12109375
62600,-207.910318,200,54,10360.400000000001,0.648949146270752,2784.12109375
62800,250.415351,200,1,9828.909375000001,0.7246410101652145,2768.85546875
63000,-73.205851,200,42,10360.400000000001,0.648949146270752,2784.12109375
63200,66.535186,200,25,5082.098437500001,0.5920291319489479,2739.92041015625
63400,124.177817,200,11,5043.6125,0.5895333364605904,2739.752685546875
63600,-633.607011,200,120,5043.6125,0.5895333364605904,2739.752685546875
63800,-299.915796,200,76,5043.6125,0.5895333364605904,2739.752685546875
64000,-460.975242,200,101,5043.6125,0.5895333364605904,2739.752685546875
64200,56.595831,200,16,5046.6390625,0.5897617340087891,2739.766845703125
64400,-59.868938,200,40,5043.6125,0.5895333364605904,2739.752685546875
64600,58.757699,200,18,5043.6125,0.5895333364605904,2739.752685546875
64800,-203.005813,200,62,5043.6125,0.5895333364605904,2739.752685546875
65000,-121.361306,200,50,5043.6125,0.5895333364605904,2739.752685546875
65200,194.466591,200,1,5043.610937500001,0.5895335227251053,2739.752685546875
65400,78.262383,200,18,5087.659375,0.5923216789960861,2739.942626953125
65600,50.20025,200,32,5043.610937500001,0.5895335227251053,2739.752685546875
65800,-213.228097,200,73,5043.610937500001,0.5895335227251053,2739.752685546875
66000,-326.343487,200,74,10360.3984375,0.64894899725914,2784.12109375
66200,221.924976,200,1,5047.2328125,0.5898061394691467,2739.769775390625
66400,-59.586188,200,47,5043.610937500001,0.5895335227251053,2739.752685546875
66600,-76.918091,200,43,5043.6125,0.5895333364605904,2739.752685546875
66800,129.640146,200,5,5043.6125,0.5895333364605904,2739.752685546875
67000,-308.92014,200,79,5043.6125,0.5895333364605904,2739.752685546875
67200,141.152159,200,3,10360.400000000001,0.648949146270752,2784.12109375
67400,-367.175891,200,86,5043.6125,0.5895333364605904,2739.752685546875
67600,-242.850103,200,60,5043.6125,0.5895333364605904,2739.752685546875
67800,-126.39964,200,44,5093.6203125,0.592617467045784,2739.9658203125
68000,70.106821,200,22,10360.400000000001,0.648949146270752,2784.12109375
68200,189.394729,200,2,5043.6125,0.5895333364605904,2739.752685546875
68400,11.315698,200,39,5134.8546875,0.5941923335194588,2740.11376953125
68600,140.304882,200,18,5166.8890625,0.5949049815535545,2740.21435546875
68800,-170.361633,200,59,10360.400000000001,0.648949146270752,2784.12109375
69000,189.489051,200,1,10360.400000000001,0.648949146270752,2784.12109375
69200,-404.921557,200,91,5043.6125,0.5895333364605904,2739.752685546875
69400,-61.663068,200,41,5043.6125,0.5895333364605904,2739.752685546875
69600,-185.762998,200,62,10360.400000000001,0.648949146270752,2784.12109375
69800,-43.952712,200,44,5115.825000000001,0.5935642123222351,2740.04833984375
70000,9.234982,200,30,5043.6125,0.5895333364605904,2739.752685546875
70200,-129.863536,200,43,5109.959375,0.5933373421430588,2740.02734375
70400,54.98518,200,22,5043.6125,0.5895333364605904,2739.752685546875
70600,-210.142493,200,55,10360.400000000001,0.648949146270752,2784.12109375
70800,-406.700476,200,93,10360.400000000001,0.648949146270752,2784.12109375
71000,-66.742906,200,48,5043.610937500001,0.5895335227251053,2739.752685546875
71200,-55.934158,200,31,5043.6125,0.5895333364605904,2739.752685546875
71400,-148.957581,200,54,5043.6125,0.5895333364605904,2739.752685546875
71600,-25.131025,200,35,5043.6125,0.5895333364605904,2739.752685546875
71800,-393.334068,200,92,10360.400000000001,0.648949146270752,2784.12109375
72000,-301.930183,200,63,10360.396875,0.6489497423171997,2784.12109375
72200,198.113588,200,1,5043.6125,0.5895333364605904,2739.752685546875
72400,-48.753155,200,47,5043.6125,0.5895333364605904,2739.752685546875
72600,-72.222257,200,42,5043.6125,0.5895333364605904,2739.752685546875
72800,-57.93077,200,34,5043.6125,0.5895333364605904,2739.752685546875
73000,127.331433,200,4,5043.6125,0.5895333364605904,2739.752685546875
73200,104.424865,200,14,5043.6125,0.5895333364605904,2739.752685546875
73400,136.687325,200,2,10360.400000000001,0.648949146270752,2784.12109375
73600,-216.996378,200,69,5043.6125,0.5895333364605904,2739.752685546875
73800,171.33747,200,12,5043.6125,0.5895333364605904,2739.752685546875
74000,-82.796489,200,45,10360.3984375,0.64894899725914,2784.12109375
74200,-272.075782,200,71,10360.400000000001,0.648949146270752,2784.12109375
74400,-11.698238,200,26,10360.400000000001,0.648949146270752,2784.12109375
74600,201.36762,200,6,5043.6125,0.5895333364605904,2739.752685546875
74800,-448.299686,200,99,5044.001562500001,0.5895628780126572,2739.754638671875
75000,142.402191,200,2,5044.009375000001,0.5895638465881348,2739.754638671875
75200,-106.127695,200,39,10360.400000000001,0.648949146270752,2784.12109375
75400,253.976518,200,0,5044.009375000001,0.5895643308758736,2739.754638671875
75600,-19.588431,200,28,5043.6125,0.5895333364605904,2739.752685546875
75800,-48.955954,200,31,5043.6125,0.5895333364605904,2739.752685546875
76000,-175.680132,200,58,10360.400000000001,0.648949146270752,2784.12109375
76200,200.154417,200,1,5043.6125,0.5895333364605904,2739.752685546875
76400,-270.268509,200,73,5043.6125,0.5895333364605904,2739.752685546875
76600,194.564029,200,2,5043.6125,0.5895333364605904,2739.752685546875
76800,101.728823,200,15,5044.114062500001,0.5895721912384033,2739.755126953125
77000,-507.630466,200,116,5043.6125,0.5895333364605904,2739.752685546875
77200,210.20746,200,1,5043.6125,0.5895333364605904,2739.752685546875
77400,146.317298,200,3,5043.6125,0.5895333364605904,2739.752685546875
77600,-7.719085,200,19,5043.6125,0.5895333364605904,2739.752685546875
77800,57.086192,200,21,5043.6125,0.5895333364605904,2739.752685546875
78000,-289.246637,200,76,10360.400000000001,0.648949146270752,2784.12109375
78200,-226.15867,200,74,5043.6125,0.5895333364605904,2739.752685546875
78400,208.30043,200,1,5043.6125,0.5895333364605904,2739.752685546875
78600,-45.414669,200,37,5043.6125,0.5895333364605904,2739.752685546875
78800,185.221009,200,2,5043.6125,0.5895333364605904,2739.752685546875
79000,94.355962,200,16,10360.400000000001,0.648949146270752,2784.12109375
79200,88.481978,200,19,5043.6125,0.5895333364605904,2739.752685546875
79400,-171.619743,200,64,5043.6125,0.5895333364605904,2739.752685546875
79600,153.467045,200,2,10360.400000000001,0.648949146270752,2784.12109375
79800,-229.891239,200,58,10360.400000000001,0.648949146270752,2784.12109375
80000,114.934335,200,14,5043.6125,0.5895333364605904,2739.752685546875
80200,-274.334254,200,67,5043.6125,0.5895333364605904,2739.752685546875
80400,94.745084,200,21,5043.6125,0.5895333364605904,2739.752685546875
80600,145.045091,200,2,5044.129687500001,0.5895734205842018,2739.75537109375
80800,193.37752,200,1,5043.6125,0.5895333364605904,2739.752685546875
81000,-166.810329,200,50,10360.3984375,0.64894899725914,2784.12109375
81200,-218.612825,200,63,5043.6125,0.5895333364605904,2739.752685546875
81400,205.475539,200,1,5044.1359375,0.5895739048719406,2739.755126953125
81600,251.470782,200,0,5043.6125,0.5895333364605904,2739.752685546875
81800,3.365177,200,30,5043.6125,0.5895333364605904,2739.752685546875
82000,-245.847969,200,61,5043.6125,0.5895333364605904,2739.752685546875
82200,-145.134014,200,45,10360.400000000001,0.648949146270752,2784.12109375
82400,140.662862,200,3,10360.400000000001,0.648949146270752,2784.12109375
82600,-198.131579,200,48,10360.400000000001,0.648949146270752,2784.12109375
82800,-398.912191,200,93,5043.6125,0.5895333364605904,2739.752685546875
83000,-453.270718,200,93,5044.051562500001,0.5895670503377914,2739.754638671875
83200,-278.393608,200,68,5043.6125,0.5895333364605904,2739.752685546875
83400,-166.408225,200,49,10360.400000000001,0.648949146270752,2784.12109375
83600,-435.593364,200,104,5043.6125,0.5895333364605904,2739.752685546875
83800,188.101148,200,1,5044.0703125,0.5895684659481049,2739.7548828125
84000,-276.53989,200,79,5043.6125,0.5895333364605904,2739.752685546875
84200,182.451856,200,2,5044.05,0.5895674228668213,2739.754638671875
84400,49.640568,200,32,5043.6125,0.5895333364605904,2739.752685546875
84600,68.219488,200,14,5043.6125,0.5895333364605904,2739.752685546875
84800,-595.757187,200,108,10360.400000000001,0.648949146270752,2784.12109375
85000,211.109321,200,1,5044.064062500001,0.5895683541893959,2739.7548828125
85200,206.552713,200,1,5043.6125,0.5895333364605904,2739.752685546875
85400,10.147651,200,30,5044.285937500001,0.5895846337080002,2739.755859375
85600,21.127269,200,21,5044.00625,0.5895640328526497,2739.754638671875
85800,-400.463076,200,92,5043.6125,0.5895333364605904,2739.752685546875
86000,-728.864148,200,143,10360.400000000001,0.648949146270752,2784.12109375
86200,-256.03855,200,74,5043.6125,0.5895333364605904,2739.752685546875
86400,89.264509,200,16,5043.6125,0.5895333364605904,2739.752685546875
86600,202.155497,200,1,5043.6125,0.5895333364605904,2739.752685546875
86800,193.765183,200,1,5044.371875000001,0.5895910784602165,2739.75634765625
87000,-213.482109,200,51,5043.6125,0.5895333364605904,2739.752685546875
87200,136.612917,200,3,5043.6125,0.5895333364605904,2739.752685546875
87400,-83.946267,200,39,10360.400000000001,0.648949146270752,2784.12109375
87600,153.949758,200,2,5043.8234375,0.5895501747727394,2739.753662109375
87800,0.311751,200,32,5043.610937500001,0.5895335227251053,2739.752685546875
88000,40.270946,200,31,5043.6125,0.5895333364605904,2739.752685546875
88200,135.366451,200,3,10360.400000000001,0.648949146270752,2784.12109375
88400,-338.306459,200,90,5043.6125,0.5895333364605904,2739.752685546875
88600,71.058124,200,23,5043.610937500001,0.5895335227251053,2739.752685546875
88800,233.639932,200,0,5043.6125,0.5895333364605904,2739.752685546875
89000,32.939443,200,26,5043.8046875,0.5895477905869484,2739.75341796875
89200,-86.342858,200,50,5043.6125,0.5895333364605904,2739.752685546875
89400,140.113526,200,3,5043.793750000001,0.5895476788282394,2739.75341796875
89600,-31.797312,200,31,10360.400000000001,0.648949146270752,2784.12109375
89800,-298.84562,200,77,10360.400000000001,0.648949146270752,2784.12109375
90000,160.823287,200,2,5043.6125,0.5895333364605904,2739.752685546875
90200,-130.006187,200,49,10360.400000000001,0.648949146270752,2784.12109375
90400,-288.254346,200,68,10360.400000000001,0.648949146270752,2784.12109375
90600,-207.38689,200,64,5043.6125,0.5895333364605904,2739.752685546875
90800,99.048766,200,15,5043.6125,0.5895333364605904,2739.752685546875
91000,-110.709595,200,47,5043.8546875,0.5895526707172394,2739.75390625
91200,-280.615501,200,80,5043.6125,0.5895333364605904,2739.752685546875
91400,-477.698403,200,96,5043.6125,0.5895333364605904,2739.752685546875
91600,-165.961891,200,54,5043.6125,0.5895333364605904,2739.752685546875
91800,-77.616302,200,42,10360.400000000001,0.648949146270752,2784.12109375
92000,220.681752,200,1,5043.6125,0.5895333364605904,2739.752685546875
92200,9.484046,200,37,5043.6125,0.5895333364605904,2739.752685546875
92400,196.240529,200,10,5043.6125,0.5895333364605904,2739.752685546875
92600,55.742959,200,15,5043.6125,0.5895333364605904,2739.752685546875
92800,245.483319,200,0,5043.6125,0.5895333364605904,2739.752685546875
93000,-314.040291,200,86,5043.734375,0.5895437300205231,2739.75341796875
93200,-220.237286,200,63,10360.400000000001,0.648949146270752,2784.12109375
93400,-106.492917,200,49,5043.6125,0.5895333364605904,2739.752685546875
93600,37.51824,200,31,5043.6125,0.5895333364605904,2739.752685546875
93800,88.705967,200,16,5043.6125,0.5895333364605904,2739.752685546875
94000,-98.522944,200,47,5043.610937500001,0.5895335227251053,2739.752685546875
94200,133.484946,200,12,10360.400000000001,0.648949146270752,2784.12109375
94400,134.957692,200,2,5043.856250000001,0.5895530059933662,2739.75390625
94600,-253.411932,200,64,10360.400000000001,0.648949146270752,2784.12109375
94800,-226.560731,200,65,5043.790625000001,0.5895470082759857,2739.75341796875
95000,-327.19628,200,74,5043.6125,0.5895333364605904,2739.752685546875
95200,205.547149,200,1,5043.746875000001,0.5895441398024559,2739.75341796875
95400,126.060217,200,17,5043.6125,0.5895333364605904,2739.752685546875
95600,129.443175,200,12,10360.400000000001,0.648949146270752,2784.12109375
95800,-112.52359,200,40,5043.6125,0.5895333364605904,2739.752685546875
96000,-38.298743,200,37,5043.6125,0.5895333364605904,2739.752685546875
96200,-164.121307,200,42,5043.6125,0.5895333364605904,2739.752685546875
96400,54.521095,200,29,5043.6125,0.5895333364605904,2739.752685546875
96600,-82.957448,200,45,5043.6125,0.5895333364605904,2739.752685546875
96800,-134.840301,200,57,5043.6125,0.5895333364605904,2739.752685546875
97000,42.927946,200,24,5043.6125,0.5895333364605904,2739.752685546875
97200,253.365972,200,0,5043.6125,0.5895333364605904,2739.752685546875
97400,-28.697104,200,36,5043.6125,0.5895333364605904,2739.752685546875
97600,-18.203926,200,34,5043.6125,0.5895333364605904,2739.752685546875
97800,54.684789,200,25,5043.6125,0.5895333364605904,2739.752685546875
98000,-382.330505,200,89,10360.3953125,0.6489500403404236,2784.12109375
98200,-121.531287,200,42,5043.6125,0.5895333364605904,2739.752685546875
98400,186.999628,200,1,10360.400000000001,0.648949146270752,2784.12109375
98600,25.880032,200,25,10360.400000000001,0.648949146270752,2784.12109375
98800,-28.442328,200,36,5043.6125,0.5895333364605904,2739.752685546875
99000,-122.757271,200,48,5043.6125,0.5895333364605904,2739.752685546875
99200,-269.167438,200,77,5043.6125,0.5895333364605904,2739.752685546875
99400,-247.267189,200,68,5043.6125,0.5895333364605904,2739.752685546875
99600,-312.536258,200,79,5043.6125,0.5895333364605904,2739.752685546875
99800,-49.554357,200,23,10360.400000000001,0.648949146270752,2784.12109375
100000,17.655649,200,21,5043.614062500001,0.5895334854722023,2739.752685546875
100200,-15.468267,200,34,5043.6125,0.5895340070128441,2739.752685546875
100400,-316.668333,200,86,5043.610937500001,0.5895336717367172,2739.752685546875
100600,-190.659966,200,65,5043.6125,0.5895333364605904,2739.752685546875
100800,42.996271,200,23,5043.6125,0.5895333364605904,2739.752685546875
101000,-52.759666,200,32,10360.400000000001,0.648949146270752,2784.12109375
101200,-445.406907,200,105,5043.6125,0.5895333364605904,2739.752685546875
101400,95.111453,200,3,10360.400000000001,0.648949146270752,2784.12109375
101600,-32.663993,200,30,10360.400000000001,0.648949146270752,2784.12109375
101800,-2.341045,200,38,5043.614062500001,0.5895334854722023,2739.752685546875
102000,11.16292,200,29,10360.400000000001,0.648949146270752,2784.12109375
102200,190.660539,200,2,5043.6125,0.5895333364605904,2739.752685546875
102400,76.293401,200,14,5043.6125,0.5895333364605904,2739.752685546875
102600,-327.208283,200,81,5043.645312500001,0.5895364657044411,2739.7529296875
102800,-192.911562,200,49,10360.396875,0.6489497423171997,2784.12109375
103000,-12.353153,200,43,5043.6125,0.5895333364605904,2739.752685546875
103200,123.957573,200,11,10360.400000000001,0.648949146270752,2784.12109375
103400,-506.964396,200,108,5043.6125,0.5895333364605904,2739.752685546875
103600,-168.07062,200,56,5043.6125,0.5895333364605904,2739.752685546875
103800,253.151066,200,0,5043.6125,0.5895333364605904,2739.752685546875
104000,-48.927158,200,32,5043.6234375,0.5895350873470306,2739.752685546875
104200,-485.54382,200,105,5043.6125,0.5895333364605904,2739.752685546875
104400,-238.764605,200,69,5043.6125,0.5895333364605904,2739.752685546875
104600,-22.462003,200,28,10360.400000000001,0.648949146270752,2784.12109375
104800,-6.181254,200,23,5043.614062500001,0.589534156024456,2739.752685546875
105000,4.572247,200,17,5043.615625,0.5895339697599411,2739.752685546875
105200,-64.441879,200,34,10360.400000000001,0.648949146270752,2784.12109375
105400,-144.073562,200,48,5043.6125,0.5895340070128441,2739.752685546875
105600,200.806139,200,8,5043.6125,0.5895333364605904,2739.752685546875
105800,-38.447164,200,42,5043.6125,0.5895333364605904,2739.752685546875
106000,201.049546,200,1,5043.6125,0.5895333364605904,2739.752685546875
106200,68.647921,200,21,5043.6125,0.5895333364605904,2739.752685546875
106400,179.864095,200,2,5043.6203125,0.5895349383354187,2739.7529296875
106600,-120.583626,200,50,5043.6171875,0.5895339325070381,2739.752685546875
106800,-460.033701,200,101,5043.6125,0.5895333364605904,2739.752685546875
107000,-282.445066,200,72,10360.400000000001,0.648949146270752,2784.12109375
107200,83.818628,200,12,5043.6125,0.5895333364605904,2739.752685546875
107400,-471.464711,200,108,5043.6125,0.5895333364605904,2739.752685546875
107600,13.821931,200,36,5043.6125,0.5895333364605904,2739.752685546875
107800,-405.567296,200,92,10360.400000000001,0.648949146270752,2784.12109375
108000,-36.512756,200,36,10360.400000000001,0.648949146270752,2784.12109375
108200,-69.179044,200,43,5043.6125,0.5895333364605904,2739.752685546875
108400,-3.688792,200,41,5043.6125,0.5895333364605904,2739.752685546875
108600,258.822444,200,0,5043.6125,0.5895333364605904,2739.752685546875
108800,-33.449056,200,28,5043.6125,0.5895333364605904,2739.752685546875
109000,115.345413,200,14,5043.618750000001,0.5895344540476799,2739.752685546875
109200,-72.326495,200,50,5043.6125,0.5895333364605904,2739.752685546875
109400,-394.176583,200,83,10360.400000000001,0.648949146270752,2784.12109375
109600,55.087119,200,20,5043.6125,0.5895333364605904,2739.752685546875
109800,245.347262,200,0,5043.637500000001,0.5895361676812172,2739.7529296875
110000,-155.827799,200,55,5043.6203125,0.5895349383354187,2739.7529296875
110200,-57.110502,200,42,5043.6125,0.5895333364605904,2739.752685546875
110400,283.279831,200,0,5043.6125,0.5895333364605904,2739.752685546875
110600,-83.658108,200,42,10360.400000000001,0.648949146270752,2784.12109375
110800,-54.585599,200,38,5043.6125,0.5895333364605904,2739.752685546875
111000,-314.814266,200,73,5043.6125,0.5895333364605904,2739.752685546875
111200,-185.469087,200,67,5043.6125,0.5895333364605904,2739.752685546875
111400,147.34927,200,11,5043.6125,0.5895333364605904,2739.752685546875
111600,18.600293,200,27,10360.400000000001,0.648949146270752,2784.12109375
111800,213.742163,200,1,5043.6125,0.5895333364605904,2739.752685546875
112000,-293.395491,200,71,5043.6171875,0.5895339325070381,2739.752685546875
112200,-38.204516,200,39,5043.6125,0.5895333364605904,2739.752685546875
112400,-139.63081,200,52,5043.6125,0.5895333364605904,2739.752685546875
112600,70.495924,200,17,10360.400000000001,0.648949146270752,2784.12109375
112800,-476.025211,200,106,10360.400000000001,0.648949146270752,2784.12109375
113000,-142.521722,200,62,5043.884375000001,0.5895541235804558,2739.754150390625
113200,119.82127,200,14,5043.6125,0.5895333364605904,2739.752685546875
113400,-387.483246,200,96,5043.6125,0.5895333364605904,2739.752685546875
113600,142.504407,200,12,5044.079687500001,0.5895697697997093,2739.7548828125
113800,-165.495335,200,50,5044.137500000001,0.5895743891596794,2739.75537109375
114000,-213.883498,200,65,5043.6125,0.5895333364605904,2739.752685546875
114200,140.657649,200,17,5043.6125,0.5895333364605904,2739.752685546875
114400,163.168511,200,2,5043.6484375,0.5895364284515381,2739.7529296875
114600,80.635348,200,17,5043.628125,0.5895352363586426,2739.752685546875
114800,161.88611,200,2,5043.6125,0.5895333364605904,2739.752685546875
115000,-140.715479,200,60,5043.6125,0.5895333364605904,2739.752685546875
115200,-105.27234,200,46,5043.6125,0.5895333364605904,2739.752685546875
115400,-234.060673,200,74,5043.6125,0.5895333364605904,2739.752685546875
115600,-467.023919,200,96,10360.400000000001,0.648949146270752,2784.12109375
115800,-75.776397,200,29,10360.400000000001,0.648949146270752,2784.12109375
116000,8.546133,200,37,5043.6125,0.5895333364605904,2739.752685546875
116200,-145.307349,200,61,5043.6125,0.5895333364605904,2739.752685546875
116400,-470.291971,200,105,10360.400000000001,0.648949146270752,2784.12109375
116600,182.154456,200,2,5043.6125,0.5895333364605904,2739.752685546875
116800,-51.846727,200,31,5043.6125,0.5895333364605904,2739.752685546875
117000,-1.821056,200,39,5043.6125,0.5895333364605904,2739.752685546875
117200,-378.207423,200,88,5043.6125,0.5895333364605904,2739.752685546875
117400,191.344065,200,1,5043.6125,0.5895333364605904,2739.752685546875
117600,131.32388,200,18,5044.668750000001,0.58961421251297,2739.7578125
117800,-99.528506,200,54,5043.614062500001,0.5895338207483292,2739.752685546875
118000,3.545592,200,30,5043.6125,0.5895333364605904,2739.752685546875
118200,-20.143407,200,33,5043.6125,0.5895333364605904,2739.752685546875
118400,-158.300031,200,47,10360.400000000001,0.648949146270752,2784.12109375
118600,-38.341617,200,35,10360.400000000001,0.648949146270752,2784.12109375
118800,79.845685,200,14,5043.703125,0.5895407497882843,2739.753173828125
119000,-639.052628,200,129,10360.400000000001,0.648949146270752,2784.12109375
119200,18.835649,200,35,5043.6125,0.5895333364605904,2739.752685546875
119400,-241.231625,200,76,5043.6125,0.5895333364605904,2739.752685546875
119600,-167.416354,200,49,10360.400000000001,0.648949146270752,2784.12109375
119800,-287.466295,200,81,5043.6125,0.5895333364605904,2739.752685546875
120000,-107.720274,200,52,5043.6125,0.5895333364605904,2739.752685546875
120200,-380.096815,200,96,5043.6125,0.5895333364605904,2739.752685546875
120400,-154.785882,200,56,5046.317187500001,0.589737631380558,2739.765380859375
120600,-45.60075,200,39,5043.6125,0.5895333364605904,2739.752685546875
120800,17.279019,200,28,5043.6125,0.5895333364605904,2739.752685546875
121000,-58.040883,200,39,5043.6125,0.5895333364605904,2739.752685546875
121200,171.92141,200,2,7921.3265625,0.7760970294475555,2744.678466796875
121400,169.679901,200,2,10360.400000000001,0.648949146270752,2784.12109375
121600,-222.947631,200,66,8232.620312500001,0.8043847978115082,2745.019287109375
121800,-16.335259,200,40,5043.6125,0.5895333364605904,2739.752685546875
122000,-58.617304,200,40,5043.6125,0.5895333364605904,2739.752685546875
122200,-180.217691,200,63,5043.6125,0.5895333364605904,2739.752685546875
122400,79.045457,200,12,10360.126562500001,0.6490060687065125,2784.112060546875
122600,-34.289926,200,23,10360.400000000001,0.648949146270752,2784.12109375
122800,-633.409112,200,120,10360.400000000001,0.648949146270752,2784.12109375
123000,241.580013,200,0,5043.6125,0.5895333364605904,2739.752685546875
123200,148.391161,200,3,10360.400000000001,0.648949146270752,2784.12109375
123400,203.711956,200,1,5044.890625,0.5896306410431862,2739.7587890625
123600,76.395834,200,24,5043.6125,0.5895333364605904,2739.752685546875
123800,27.964515,200,33,5043.84375,0.5895515531301498,2739.75390625
124000,-110.643563,200,48,10360.400000000001,0.648949146270752,2784.12109375
124200,-426.706771,200,97,10360.400000000001,0.648949146270752,2784.12109375
124400,188.843091,200,3,5046.375,0.589742437005043,2739.765625
124600,-232.725702,200,68,10360.400000000001,0.648949146270752,2784.12109375
124800,91.956792,200,16,9614.5078125,0.7482070475816727,2763.69921875
125000,259.702559,200,0,5053.739062500001,0.5902744084596634,2739.79931640625
125200,-394.965671,200,92,8844.1375,0.8092553168535233,2749.72509765625
125400,-125.337174,200,55,5043.6125,0.5895333364605904,2739.752685546875
125600,-7.818128,200,39,5048.7015625,0.5899142101407051,2739.7763671875
125800,-148.222904,200,59,10360.400000000001,0.648949146270752,2784.12109375
126000,-228.157142,200,66,5043.6125,0.5895333364605904,2739.752685546875
126200,71.767012,200,27,10360.400000000001,0.648949146270752,2784.12109375
126400,-297.31226,200,85,5043.6125,0.5895333364605904,2739.752685546875
126600,-74.440919,200,48,5043.6125,0.5895333364605904,2739.752685546875
126800,-48.149779,200,38,5043.6125,0.5895333364605904,2739.752685546875
127000,30.004612,200,21,9769.3953125,0.7313720881938934,2767.377197265625
127200,179.140204,200,2,10360.400000000001,0.648949146270752,2784.12109375
127400,194.858673,200,1,5074.931250000001,0.5916287377476692,2739.890869140625
127600,-133.441357,200,50,5047.2453125,0.5898074060678482,2739.769775390625
127800,-150.037778,200,62,10360.400000000001,0.648949146270752,2784.12109375
128000,-694.374329,200,144,5055.5265625,0.5903986096382141,2739.807373046875
128200,19.538481,200,26,5043.6125,0.5895333364605904,2739.752685546875
128400,-306.400856,200,86,10360.2859375,0.6489729881286621,2784.1171875
128600,-222.464738,200,71,5043.6125,0.5895333364605904,2739.752685546875
128800,-230.211753,200,67,5088.8890625,0.5923843383789062,2739.947265625
129000,51.709828,200,30,8560.1234375,0.8146773278713226,2746.828125
129200,218.776655,200,1,10360.400000000001,0.648949146270752,2784.12109375
129400,138.119447,200,17,8363.800000000001,0.8107957988977432,2745.55615234375
129600,-553.100064,200,122,5043.6125,0.5895333364605904,2739.752685546875
129800,-209.416805,200,69,5043.6125,0.5895333364605904,2739.752685546875
130000,259.784436,200,0,9616.175000000001,0.7480309903621674,2763.737548828125
130200,-138.70416,200,47,10360.400000000001,0.648949146270752,2784.12109375
130400,130.152692,200,5,5043.610937500001,0.5895335227251053,2739.752685546875
130600,193.654638,200,2,10360.400000000001,0.648949146270752,2784.12109375
130800,56.379132,200,22,8411.5609375,0.8123556524515152,2745.81298828125
131000,-501.574984,200,107,10360.400000000001,0.648949146270752,2784.12109375
131200,202.519565,200,1,10360.328125,0.6489641219377518,2784.11865234375
131400,-80.03385,200,38,10360.400000000001,0.648949146270752,2784.12109375
131600,260.855022,200,1,5043.6125,0.5895333364605904,2739.752685546875
131800,-304.612081,200,85,10360.3203125,0.6489656865596771,2784.11865234375
132000,-95.904396,200,46,8568.3265625,0.8146972209215164,2746.89404296875
132200,-389.351503,200,97,5043.6125,0.5895333364605904,2739.752685546875
132400,-43.127166,200,46,10331.4609375,0.6548217684030533,2783.146728515625
132600,-225.523578,200,67,5043.6125,0.5895333364605904,2739.752685546875
132800,86.937581,200,18,10340.493750000001,0.6530346721410751,2783.4482421875
133000,-80.449594,200,44,10360.400000000001,0.648949146270752,2784.12109375
133200,-735.031031,200,136,5043.610937500001,0.5895335227251053,2739.752685546875
133400,64.652871,200,20,10360.400000000001,0.648949146270752,2784.12109375
133600,184.124954,200,4,5043.6125,0.5895333364605904,2739.752685546875
133800,-54.198903,200,36,10342.721875000001,0.6525871157646179,2783.523193359375
134000,-212.342963,200,64,10360.400000000001,0.648949146270752,2784.12109375
134200,242.931244,200,1,10360.31875,0.6489662081003189,2784.118408203125
134400,-50.788707,200,47,5043.610937500001,0.5895335227251053,2739.752685546875
134600,-399.32734,200,90,5043.610937500001,0.5895335227251053,2739.752685546875
134800,-240.335937,200,67,5043.610937500001,0.5895335227251053,2739.752685546875
135000,251.612997,200,0,10360.400000000001,0.648949146270752,2784.12109375
135200,192.83846,200,2,9151.1921875,0.791156142950058,2754.30419921875
135400,-47.798364,200,45,10360.400000000001,0.648949146270752,2784.12109375
135600,-343.814303,200,78,10360.400000000001,0.648949146270752,2784.12109375
135800,194.174251,200,2,10360.400000000001,0.648949146270752,2784.12109375
136000,-245.075749,200,68,5043.6125,0.5895333364605904,2739.752685546875
136200,18.962104,200,36,9150.4625,0.7912112772464752,2754.29150390625
136400,246.624993,200,1,10360.400000000001,0.648949146270752,2784.12109375
136600,204.244609,200,1,5044.309375000001,0.5895863100886345,2739.756103515625
136800,117.920013,200,13,10360.278125,0.6489744782447815,2784.1171875
137000,14.62801,200,31,5044.371875000001,0.5895910784602165,2739.75634765625
137200,184.480234,200,3,10360.400000000001,0.648949146270752,2784.12109375
137400,-260.257165,200,78,5043.610937500001,0.5895335227251053,2739.752685546875
137600,-16.141838,200,42,5048.9953125,0.5899352952837944,2739.77783203125
137800,257.226514,200,0,5048.659375,0.5899108201265335,2739.776123046875
138000,-239.049845,200,75,9109.078125,0.7942603528499603,2753.58984375
138200,211.510797,200,1,10360.400000000001,0.648949146270752,2784.12109375
138400,-327.375956,200,79,10360.25625,0.6489791721105576,2784.116455078125
138600,52.833382,200,30,8989.0203125,0.8020917326211929,2751.701416015625
138800,-61.038075,200,48,5043.6125,0.5895333364605904,2739.752685546875
139000,-231.599479,200,61,10360.400000000001,0.648949146270752,2784.12109375
139200,138.52375,200,11,5044.471875,0.5895989388227463,2739.7568359375
139400,146.748357,200,2,10360.400000000001,0.648949146270752,2784.12109375
139600,-61.393868,200,41,9176.456250000001,0.7892125844955444,2754.744873046875
139800,124.892919,200,12,5044.400000000001,0.5895935744047165,2739.756591796875
140000,165.006003,200,3,5043.610937500001,0.5895335227251053,2739.752685546875
140200,177.861642,200,2,10360.3984375,0.64894899725914,2784.12109375
140400,149.560941,200,14,5043.610937500001,0.5895335227251053,2739.752685546875
140600,-352.322731,200,90,5043.610937500001,0.5895335227251053,2739.752685546875
140800,113.248955,200,3,10360.400000000001,0.648949146270752,2784.12109375
141000,130.963191,200,18,5044.3734375,0.5895917117595673,2739.75634765625
141200,60.799898,200,25,8757.5671875,0.8121901750564575,2748.70556640625
141400,118.938216,200,18,5043.610937500001,0.5895335227251053,2739.752685546875
141600,-249.543109,200,68,5044.34375,0.5895894393324852,2739.756103515625
141800,-267.780697,200,59,10360.25,0.648980587720871,2784.1162109375
142000,-22.585552,200,42,10261.121875,0.6675326824188232,2780.8740234375
142200,-141.793924,200,58,8185.76875,0.8013216406106949,2744.8857421875
142400,-365.055608,200,80,5047.753125,0.589844286441803,2739.77197265625
142600,-200.754217,200,60,10360.400000000001,0.648949146270752,2784.12109375
142800,-45.386407,200,43,5043.610937500001,0.5895335227251053,2739.752685546875
143000,257.206227,200,0,10360.400000000001,0.648949146270752,2784.12109375
143200,28.033186,200,28,5043.610937500001,0.5895335227251053,2739.752685546875
143400,106.296735,200,20,5043.610937500001,0.5895335227251053,2739.752685546875
143600,-68.540417,200,42,5043.6125,0.5895333364605904,2739.752685546875
143800,-181.277057,200,58,5043.610937500001,0.5895335227251053,2739.752685546875
144000,138.194336,200,3,10360.400000000001,0.648949146270752,2784.12109375
144200,-176.368333,200,58,10360.203125,0.6489906460046768,2784.114501953125
144400,-306.350847,200,85,5043.6125,0.5895333364605904,2739.752685546875
144600,213.528927,200,1,10271.634375000001,0.6657525897026062,2781.205322265625
144800,64.502942,200,21,5043.610937500001,0.5895335227251053,2739.752685546875
145000,109.834946,200,14,5043.610937500001,0.5895335227251053,2739.752685546875
145200,-328.192076,200,82,10360.3984375,0.64894899725914,2784.12109375
145400,183.243708,200,2,5043.8546875,0.5895526707172394,2739.75390625
145600,-50.586608,200,39,10302.325,0.6603293120861053,2782.189208984375
145800,-137.622362,200,53,10360.400000000001,0.648949146270752,2784.12109375
146000,-62.412255,200,40,5043.6125,0.5895333364605904,2739.752685546875
146200,-65.297405,200,48,5051.6625,0.5901274457573891,2739.7900390625
146400,-139.010606,200,60,5043.610937500001,0.5895335227251053,2739.752685546875
146600,122.195442,200,15,6549.6671875,0.515669584274292,2747.127685546875
146800,-121.597069,200,57,5043.6125,0.5895333364605904,2739.752685546875
147000,135.54842,200,3,5043.668750000001,0.5895384773612022,2739.7529296875
147200,-138.817048,200,60,10346.921875,0.6517378240823746,2783.664306640625
147400,-133.65053,200,45,5060.442187500001,0.5907308682799339,2739.8291015625
147600,-259.98767,200,78,5043.6125,0.5895333364605904,2739.752685546875
147800,-113.877197,200,50,10351.896875,0.650719627737999,2783.83251953125
148000,-79.57377,200,43,5043.6125,0.5895333364605904,2739.752685546875
148200,-165.217668,200,49,5045.1046875,0.5896471440792084,2739.759765625
148400,173.033153,200,12,5043.6125,0.5895333364605904,2739.752685546875
148600,38.573136,200,24,6117.85,0.5355462431907654,2743.39892578125
148800,213.484366,200,1,5058.746875000001,0.5906174331903458,2739.82177734375
149000,97.992266,200,25,5061.098437500001,0.5907737836241722,2739.83203125
149200,-24.651982,200,36,10360.400000000001,0.648949146270752,2784.12109375
149400,192.225899,200,1,10357.243750000001,0.6496106833219528,2784.013671875
149600,-227.710545,200,58,5043.6125,0.5895333364605904,2739.752685546875
149800,-58.948176,200,43,10360.400000000001,0.648949146270752,2784.12109375
150000,-30.187761,200,43,5044.2609375,0.589582771062851,2739.755859375
150200,-156.896268,200,55,10357.493750000001,0.6495584547519684,2784.022216796875
150400,210.05739,200,1,10360.400000000001,0.648949146270752,2784.12109375
150600,-128.518228,200,57,5043.610937500001,0.5895335227251053,2739.752685546875
150800,183.529758,200,2,7889.012500000001,0.7720697671175003,2744.714111328125
151000,-21.976406,200,30,5065.4953125,0.5910570546984673,2739.85107421875
151200,-37.760512,200,29,5043.610937500001,0.5895335227251053,2739.752685546875
151400,-26.546366,200,35,10360.400000000001,0.648949146270752,2784.12109375
151600,-34.096284,200,42,5043.6125,0.5895333364605904,2739.752685546875
151800,18.99803,200,30,10360.400000000001,0.648949146270752,2784.12109375
152000,250.281926,200,1,10356.776562500001,0.6497079133987427,2783.997802734375
152200,53.928591,200,29,5043.610937500001,0.5895335227251053,2739.752685546875
152400,-314.008493,200,79,5044.275000000001,0.5895843729376793,2739.755859375
152600,-342.78079,200,84,5044.296875,0.5895855277776718,2739.755859375
152800,165.426767,200,12,5043.6125,0.5895333364605904,2739.752685546875
153000,193.057427,200,1,10360.400000000001,0.648949146270752,2784.12109375
153200,-180.455058,200,66,5150.459375,0.5945916473865509,2740.164306640625
153400,61.545396,200,15,5043.6125,0.5895333364605904,2739.752685546875
153600,-358.234055,200,84,10360.3984375,0.64894899725914,2784.12109375
153800,-182.391018,200,56,5043.6125,0.5895333364605904,2739.752685546875
154000,-9.171752,200,32,10360.400000000001,0.648949146270752,2784.12109375
154200,187.659963,200,1,5043.610937500001,0.5895335227251053,2739.752685546875
154400,192.772381,200,2,10358.1703125,0.649416595697403,2784.04541015625
154600,-51.74882,200,44,5043.6125,0.5895333364605904,2739.752685546875
154800,-452.59544,200,99,5043.6125,0.5895333364605904,2739.752685546875
155000,-64.054868,200,34,10360.3984375,0.64894899725914,2784.12109375
155200,-240.726781,200,68,5043.6125,0.5895333364605904,2739.752685546875
155400,-314.086861,200,87,5043.6125,0.5895333364605904,2739.752685546875
155600,-62.313341,200,48,8049.2578125,0.7900051772594452,2744.66552734375
155800,-294.505916,200,74,10360.3984375,0.64894899725914,2784.12109375
156000,136.076187,200,8,5043.6125,0.5895333364605904,2739.752685546875
156200,-393.965481,200,84,5043.6125,0.5895333364605904,2739.752685546875
156400,-355.529753,200,78,10360.3984375,0.64894899725914,2784.12109375
156600,116.120441,200,15,5043.6125,0.5895333364605904,2739.752685546875
156800,115.06708,200,20,5043.610937500001,0.5895335227251053,2739.752685546875
157000,94.967192,200,17,7804.157812500001,0.7604967802762985,2744.867431640625
157200,-98.882302,200,53,5043.6125,0.5895333364605904,2739.752685546875
157400,-188.441661,200,47,7107.0734375,0.604010783135891,2748.917236328125
157600,209.957941,200,1,5043.734375,0.5895433947443962,2739.75341796875
157800,0.100771,200,23,5043.6125,0.5895333364605904,2739.752685546875
158000,86.710194,200,26,10360.400000000001,0.648949146270752,2784.12109375
158200,-353.417519,200,78,10360.400000000001,0.648949146270752,2784.12109375
158400,-343.059286,200,90,5043.6125,0.5895333364605904,2739.752685546875
158600,-473.779037,200,110,10359.7171875,0.6490926444530487,2784.097900390625
158800,-228.948402,200,69,5043.6125,0.5895333364605904,2739.752685546875
159000,-67.411652,200,41,8804.75,0.8107222616672516,2749.246337890625
159200,234.97008,200,1,7344.8046875,0.671171024441719,2747.078125
159400,-62.462974,200,41,8789.7546875,0.8112233132123947,2749.070556640625
159600,-263.290212,200,64,10360.400000000001,0.648949146270752,2784.12109375
159800,-261.722813,200,78,8708.979687500001,0.8133608102798462,2748.186279296875
160000,-311.672286,200,86,5043.6125,0.5895333364605904,2739.752685546875
160200,-61.251384,200,41,5043.6125,0.5895333364605904,2739.752685546875
160400,-3.468934,200,25,10360.400000000001,0.648949146270752,2784.12109375
160600,137.762315,200,2,5043.6125,0.5895333364605904,2739.752685546875
160800,-81.963947,200,43,5043.615625,0.589534118771553,2739.752685546875
161000,-89.611452,200,44,10360.400000000001,0.648949146270752,2784.12109375
161200,-17.518403,200,34,5043.6125,0.5895333364605904,2739.752685546875
161400,-74.109786,200,42,5043.6203125,0.5895349383354187,2739.752685546875
161600,177.145725,200,3,5043.610937500001,0.5895335227251053,2739.752685546875
161800,-104.413933,200,54,5043.6125,0.5895333364605904,2739.752685546875
162000,63.858477,200,29,10359.3265625,0.6491748988628387,2784.084716796875
162200,-86.26741,200,42,5043.6125,0.5895333364605904,2739.752685546875
162400,260.693169,200,0,6759.157812500001,0.5244415998458862,2748.99462890625
162600,-110.838013,200,48,5043.6125,0.5895333364605904,2739.752685546875
162800,198.285375,200,1,10360.360937500001,0.6489571928977966,2784.119873046875
163000,-119.233626,200,47,5043.6125,0.5895333364605904,2739.752685546875
163200,208.621828,200,1,10360.385937500001,0.6489519774913788,2784.12060546875
163400,-259.324962,200,71,8663.11875,0.8141382783651352,2747.730712890625
163600,-95.925249,200,50,5043.6390625,0.5895356461405754,2739.7529296875
163800,-339.528221,200,82,10360.400000000001,0.648949146270752,2784.12109375
164000,-256.655759,200,76,5043.6125,0.5895333364605904,2739.752685546875
164200,17.663726,200,23,10360.400000000001,0.648949146270752,2784.12109375
164400,-170.258696,200,50,10360.370312500001,0.6489552557468414,2784.1201171875
164600,71.73476,200,27,10359.385937500001,0.6491623818874359,2784.086669921875
164800,38.316847,200,32,8471.625,0.8137485384941101,2746.183349609375
165000,164.208833,200,2,10360.3125,0.6489675492048264,2784.1181640625
165200,54.909268,200,15,5043.6125,0.5895333364605904,2739.752685546875
165400,-259.454845,200,70,5043.9328125,0.5895581468939781,2739.754150390625
165600,20.477091,200,36,8366.59375,0.810898020863533,2745.5703125
165800,-90.343995,200,39,5043.6125,0.5895333364605904,2739.752685546875
166000,-797.997006,200,158,5043.6125,0.5895333364605904,2739.752685546875
166200,-99.005355,200,52,5043.6125,0.5895333364605904,2739.752685546875
166400,-101.565153,200,53,5043.6125,0.5895333364605904,2739.752685546875
166600,-57.978443,200,32,5043.6125,0.5895333364605904,2739.752685546875
166800,87.375015,200,25,8295.9515625,0.8078739792108536,2745.248291015625
167000,-168.801935,200,57,10360.400000000001,0.648949146270752,2784.12109375
167200,191.396416,200,2,5045.067187500001,0.5896442010998726,2739.759765625
167400,-352.05131,200,90,10359.339062500001,0.6491719186306,2784.0849609375
167600,-84.528207,200,38,10360.400000000001,0.648949146270752,2784.12109375
167800,-328.71396,200,89,5043.6125,0.5895333364605904,2739.752685546875
168000,-3.188468,200,33,5043.6125,0.5895333364605904,2739.752685546875
168200,-227.267784,200,71,5043.950000000001,0.5895595625042915,2739.754150390625
168400,-142.644124,200,54,10359.625,0.6491120904684067,2784.0947265625
168600,-192.018865,200,67,8122.359375,0.796511322259903,2744.752685546875
168800,82.17552,200,24,5043.6125,0.5895333364605904,2739.752685546875
169000,95.733299,200,16,10360.400000000001,0.648949146270752,2784.12109375
169200,96.545459,200,22,5045.204687500001,0.5896546691656113,2739.760009765625
169400,-128.845351,200,44,5087.428125,0.5923101305961609,2739.941650390625
169600,144.968641,200,2,5387.0921875,0.5911187455058098,2740.69873046875
169800,6.527016,200,24,8065.5765625,0.7915480434894562,2744.678955078125
170000,56.326598,200,31,5830.190625,0.5597703158855438,2741.81298828125
170200,51.30164,200,23,10360.400000000001,0.648949146270752,2784.12109375
170400,180.424826,200,2,10330.803125,0.6549499928951263,2783.124755859375
170600,77.946199,200,26,5044.9125,0.5896326899528503,2739.7587890625
170800,-366.59634,200,92,10359.4921875,0.649140253663063,2784.09033203125
171000,-202.569643,200,62,8388.8171875,0.811663493514061,2745.6865234375
171200,-575.201237,200,125,5043.6125,0.5895333364605904,2739.752685546875
171400,154.575463,200,10,5043.6125,0.5895333364605904,2739.752685546875
171600,171.180017,200,2,10360.400000000001,0.648949146270752,2784.12109375
171800,193.189921,200,8,5043.6125,0.5895333364605904,2739.752685546875
172000,74.437452,200,5,10360.400000000001,0.648949146270752,2784.12109375
172200,-214.769598,200,64,5043.6125,0.5895333364605904,2739.752685546875
172400,202.837278,200,1,5044.75625,0.5896205082535744,2739.758056640625
172600,-226.00819,200,72,5043.806250000001,0.5895483121275902,2739.753662109375
172800,163.633562,200,2,10360.400000000001,0.648949146270752,2784.12109375
173000,141.361333,200,16,5043.6125,0.5895333364605904,2739.752685546875
173200,-18.992513,200,33,10360.400000000001,0.648949146270752,2784.12109375
173400,-458.432636,200,95,10360.400000000001,0.648949146270752,2784.12109375
173600,-120.224301,200,49,5118.3359375,0.593656525015831,2740.05712890625
173800,-384.4417,200,89,8519.9046875,0.8144184947013855,2746.5205078125
174000,-179.928841,200,66,5043.6125,0.5895333364605904,2739.752685546875
174200,23.421431,200,30,7841.759375000001,0.7658042758703232,2744.788818359375
174400,85.557922,200,13,10359.635937500001,0.6491098552942276,2784.09521484375
174600,-447.984732,200,106,5045.360937500001,0.5896663665771484,2739.760986328125
174800,202.558473,200,1,8259.3578125,0.8059488981962204,2745.109130859375
175000,202.592368,200,1,8414.978125,0.8124520629644394,2745.83251953125
175200,-155.182112,200,48,5043.6125,0.5895333364605904,2739.752685546875
175400,-74.649989,200,40,5043.6125,0.5895333364605904,2739.752685546875
175600,-537.031071,200,113,10360.400000000001,0.648949146270752,2784.12109375
175800,40.665291,200,18,10360.400000000001,0.648949146270752,2784.12109375
176000,107.93777,200,15,10360.400000000001,0.648949146270752,2784.12109375
176200,-82.287976,200,46,10360.400000000001,0.648949146270752,2784.12109375
176400,163.379504,200,15,5043.6125,0.5895333364605904,2739.752685546875
176600,171.794602,200,2,5043.6125,0.5895333364605904,2739.752685546875
176800,-268.666359,200,80,5043.6125,0.5895333364605904,2739.752685546875
177000,224.846783,200,1,10360.400000000001,0.648949146270752,2784.12109375
177200,123.791186,200,16,5581.8,0.5797283723950386,2741.063232421875
177400,-75.748144,200,44,5055.928125,0.5904261022806168,2739.80908203125
177600,-123.848475,200,50,10360.400000000001,0.648949146270752,2784.12109375
177800,177.649385,200,12,5051.528125000001,0.590117834508419,2739.789306640625
178000,183.965338,200,2,9187.6078125,0.7883360981941223,2754.9423828125
178200,-17.844862,200,32,5043.6125,0.5895333364605904,2739.752685546875
178400,98.971257,200,16,10360.400000000001,0.648949146270752,2784.12109375
178600,-173.682086,200,57,5043.6125,0.5895333364605904,2739.752685546875
178800,-11.424438,200,39,5043.610937500001,0.5895335227251053,2739.752685546875
179000,2.053213,200,30,6427.192187500001,0.5176803097128868,2745.963134765625
179200,-234.015787,200,67,5043.6125,0.5895333364605904,2739.752685546875
179400,-162.563171,200,56,8752.18125,0.8123371005058289,2748.646240234375
179600,5.752029,200,36,5043.6125,0.5895333364605904,2739.752685546875
179800,185.8975,200,3,8993.050000000001,0.8018551766872406,2751.76123046875
180000,-811.858155,200,161,5043.6125,0.5895333364605904,2739.752685546875
180200,188.487459,200,2,8915.495312500001,0.8060626685619354,2750.656494140625
180400,205.596251,200,1,10358.9265625,0.6492586433887482,2784.071044921875
180600,5.765968,200,38,10358.6625,0.6493140757083893,2784.06201171875
180800,-111.620717,200,56,5043.735937500001,0.5895437300205231,2739.753173828125
181000,-220.208107,200,64,5054.6046875,0.5903343111276627,2739.80322265625
181200,-101.890016,200,48,10360.400000000001,0.648949146270752,2784.12109375
181400,-174.322536,200,60,10360.400000000001,0.648949146270752,2784.12109375
181600,136.509481,200,20,5065.484375,0.5910564586520195,2739.85107421875
181800,136.839618,200,3,8453.175000000001,0.8133877068758011,2746.06396484375
182000,-9.8868,200,25,10360.400000000001,0.648949146270752,2784.12109375
182200,133.560127,200,17,5043.6125,0.5895333364605904,2739.752685546875
182400,-187.452905,200,67,5288.065625,0.5943943560123444,2740.51220703125
182600,-83.977435,200,37,9115.7390625,0.7937811315059662,2753.701171875
182800,243.667231,200,0,8545.0359375,0.8146116882562637,2746.709716796875
183000,189.159547,200,2,9188.15,0.78829325735569,2754.9521484375
183200,-50.934312,200,39,5597.734375,0.5785840749740601,2741.098388671875
183400,-138.91719,200,56,5043.6125,0.5895333364605904,2739.752685546875
183600,197.145548,200,2,5531.1203125,0.5831856653094292,2740.958984375
183800,237.420474,200,1,5043.610937500001,0.5895335227251053,2739.752685546875
184000,222.041554,200,2,5043.89375,0.5895557254552841,2739.754150390625
184200,-279.075029,200,80,5043.6125,0.5895333364605904,2739.752685546875
184400,143.523994,200,4,10360.400000000001,0.648949146270752,2784.12109375
184600,243.813413,200,0,8000.7609375,0.7851129770278931,2744.64599609375
184800,75.664839,200,29,5043.6125,0.5895333364605904,2739.752685546875
185000,-118.149712,200,48,5043.996875000001,0.5895631015300751,2739.754638671875
185200,-296.810414,200,78,10337.94375,0.6535429507493973,2783.363037109375
185400,241.597993,200,0,7493.251562500001,0.7052948325872421,2746.125
185600,239.750757,200,2,8910.209375,0.8063223212957382,2750.58447265625
185800,-299.000262,200,70,10360.400000000001,0.648949146270752,2784.12109375
186000,-8.46708,200,24,5043.610937500001,0.5895335227251053,2739.752685546875
186200,215.598002,200,1,8006.553125,0.7857214659452438,2744.64697265625
186400,-99.532893,200,46,5043.6125,0.5895333364605904,2739.752685546875
186600,-346.395417,200,92,10347.2890625,0.6516627222299576,2783.6767578125
186800,-325.28118,200,73,10360.400000000001,0.648949146270752,2784.12109375
187000,-418.662524,200,95,7404.190625,0.685492679476738,2746.671630859375
187200,-224.904919,200,66,10360.400000000001,0.648949146270752,2784.12109375
187400,77.297656,200,18,5043.610937500001,0.5895335227251053,2739.752685546875
187600,-126.634951,200,44,10360.400000000001,0.648949146270752,2784.12109375
187800,-24.31615,200,34,5043.6125,0.5895333364605904,2739.752685546875
188000,200.392387,200,1,7426.7953125,0.6907030940055847,2746.525634765625
188200,-404.48102,200,86,10360.400000000001,0.648949146270752,2784.12109375
188400,-26.290239,200,43,10351.9984375,0.6506984680891037,2783.8359375
188600,92.951339,200,17,5043.9484375,0.5895590782165527,2739.75439453125
188800,146.370105,200,4,10360.400000000001,0.648949146270752,2784.12109375
189000,-113.036626,200,48,5043.6125,0.5895333364605904,2739.752685546875
189200,-17.772824,200,33,5043.6125,0.5895333364605904,2739.752685546875
189400,-69.574246,200,48,5043.610937500001,0.5895335227251053,2739.752685546875
189600,-139.450721,200,59,5043.95625,0.5895598605275154,2739.75439453125
189800,223.969554,200,2,5043.6125,0.5895333364605904,2739.752685546875
190000,-181.012766,200,65,5043.6125,0.5895333364605904,2739.752685546875
190200,103.289423,200,16,5043.6125,0.5895333364605904,2739.752685546875
190400,-62.750941,200,39,10360.400000000001,0.648949146270752,2784.12109375
190600,98.63973,200,22,9025.590625,0.799875408411026,2752.253173828125
190800,-231.307098,200,72,7980.340625000001,0.7829152792692184,2744.646728515625
191000,-259.377056,200,71,8637.3609375,0.8144316077232361,2747.4892578125
191200,-299.413749,200,80,10360.400000000001,0.648949146270752,2784.12109375
191400,-38.499283,200,43,5043.610937500001,0.5895335227251053,2739.752685546875
191600,-41.174777,200,31,8461.8171875,0.8135640621185303,2746.119140625
191800,177.299977,200,11,5043.610937500001,0.5895335227251053,2739.752685546875
192000,256.311935,200,0,8679.665625,0.8138946443796158,2747.89111328125
192200,-134.893566,200,49,8836.370312500001,0.8095618337392807,2749.628662109375
192400,-42.694362,200,44,5043.610937500001,0.5895335227251053,2739.752685546875
192600,-222.276965,200,63,5046.553125,0.5897554755210876,2739.7666015625
192800,-45.187871,200,37,5043.610937500001,0.5895335227251053,2739.752685546875
193000,-33.364368,200,28,10360.400000000001,0.648949146270752,2784.12109375
193200,62.226877,200,28,5043.610937500001,0.5895335227251053,2739.752685546875
193400,-324.745507,200,66,10360.400000000001,0.648949146270752,2784.12109375
193600,-59.374813,200,34,5043.610937500001,0.5895335227251053,2739.752685546875
193800,89.826043,200,12,10360.400000000001,0.648949146270752,2784.12109375
194000,-469.511941,200,107,5043.6125,0.5895333364605904,2739.752685546875
194200,22.301678,200,27,10360.23125,0.6489845365285873,2784.115478515625
194400,-72.239596,200,41,5043.6125,0.5895333364605904,2739.752685546875
194600,-90.607994,200,49,10360.400000000001,0.648949146270752,2784.12109375
194800,191.003056,200,7,5043.6125,0.5895333364605904,2739.752685546875
195000,90.82675,200,16,10360.400000000001,0.648949146270752,2784.12109375
195200,131.208493,200,3,10360.400000000001,0.648949146270752,2784.12109375
195400,136.402081,200,3,10360.400000000001,0.648949146270752,2784.12109375
195600,-0.092245,200,37,10265.9890625,0.6667131930589676,2781.027099609375
195800,-135.037537,200,59,5062.618750000001,0.5908732488751411,2739.838623046875
196000,100.395466,200,18,10360.400000000001,0.648949146270752,2784.12109375
196200,140.698286,200,18,10360.2015625,0.6489907950162888,2784.114501953125
196400,266.205845,200,0,10360.2,0.6489916145801544,2784.1142578125
196600,-61.728854,200,42,8211.721875000001,0.8030698448419571,2744.9560546875
196800,252.668515,200,1,5052.6828125,0.5901998654007912,2739.79443359375
197000,-358.205888,200,85,5043.610937500001,0.5895335227251053,2739.752685546875
197200,-174.338413,200,59,10360.400000000001,0.648949146270752,2784.12109375
197400,-661.380735,200,138,10039.171875,0.6993719935417175,2774.3818359375
197600,-223.009769,200,65,10360.400000000001,0.648949146270752,2784.12109375
197800,-61.41117,200,34,5043.6125,0.5895333364605904,2739.752685546875
198000,-291.319805,200,77,5132.0078125,0.594109520316124,2740.1044921875
198200,32.422748,200,19,5058.0078125,0.5905678123235703,2739.818359375
198400,92.528918,200,20,5043.6125,0.5895333364605904,2739.752685546875
198600,9.652754,200,37,5046.207812500001,0.5897295102477074,2739.764892578125
198800,-219.293598,200,51,10360.400000000001,0.648949146270752,2784.12109375
199000,-134.493928,200,51,7225.676562500001,0.6394780427217484,2747.979248046875
199200,-136.808649,200,59,5363.4359375,0.5920896679162979,2740.656494140625
199400,-140.950461,200,61,5044.470312500001,0.5895987898111343,2739.7568359375
199600,-375.664691,200,89,5043.6125,0.5895333364605904,2739.752685546875
199800,55.239749,200,31,9149.1484375,0.7913105934858322,2754.268798828125
200000,-295.286009,200,78,5043.6125,0.5895333364605904,2739.752685546875
200200,-30.718825,200,35,5043.6125,0.5895333364605904,2739.752685546875
200400,-51.840263,200,37,5045.5546875,0.5896808207035065,2739.76171875
200600,-8.088308,200,32,5043.6125,0.5895333364605904,2739.752685546875
200800,52.247256,200,30,5043.6125,0.5895333364605904,2739.752685546875
201000,-67.948423,200,43,5043.6125,0.5895333364605904,2739.752685546875
201200,271.034134,200,0,8693.5671875,0.8136576414108276,2748.029296875
201400,188.629766,200,1,8612.9296875,0.8146133273839951,2747.270263671875
201600,-20.767998,200,42,8606.328125,0.8146459609270096,2747.212646484375
201800,-100.630179,200,48,8739.487500000001,0.8126667141914368,2748.508056640625
202000,-248.953344,200,64,10360.400000000001,0.648949146270752,2784.12109375
202200,79.278549,200,19,10360.400000000001,0.648949146270752,2784.12109375
202400,-68.61336,200,43,8692.59375,0.8136754482984543,2748.01953125
202600,-194.0605,200,55,5043.6125,0.5895333364605904,2739.752685546875
202800,211.830313,200,1,8268.550000000001,0.806455984711647,2745.142333984375
203000,-590.892538,200,114,10360.400000000001,0.648949146270752,2784.12109375
203200,-161.762367,200,63,5043.6125,0.5895333364605904,2739.752685546875
203400,-206.492097,200,68,5043.6125,0.5895333364605904,2739.752685546875
203600,109.04227,200,22,5069.9515625,0.5913326889276505,2739.8701171875
203800,-239.166557,200,73,10248.721875000001,0.6695867329835892,2780.486572265625
204000,-62.33879,200,49,10284.776562500001,0.6634733080863953,2781.623779296875
204200,-230.973996,200,67,10360.400000000001,0.648949146270752,2784.12109375
204400,241.260711,200,1,5043.6125,0.5895333364605904,2739.752685546875
204600,150.114092,200,2,10360.400000000001,0.648949146270752,2784.12109375
204800,-450.850075,200,98,10360.400000000001,0.648949146270752,2784.12109375
205000,-1.747534,200,34,8706.315625000001,0.8134147524833679,2748.158935546875
205200,-738.565853,200,150,5043.6125,0.5895333364605904,2739.752685546875
205400,163.716419,200,3,5043.6125,0.5895333364605904,2739.752685546875
205600,-162.371781,200,48,5048.9640625,0.5899336934089661,2739.777587890625
205800,-595.328734,200,121,5043.6125,0.5895333364605904,2739.752685546875
206000,-128.582105,200,57,5043.6125,0.5895333364605904,2739.752685546875
206200,202.541179,200,1,5043.6125,0.5895333364605904,2739.752685546875
206400,79.849412,200,21,8625.234375,0.8145336806774139,2747.37939453125
206600,195.96917,200,2,10360.400000000001,0.648949146270752,2784.12109375
206800,-37.471988,200,38,5043.6125,0.5895333364605904,2739.752685546875
207000,42.752527,200,22,5043.6125,0.5895333364605904,2739.752685546875
207200,-320.031476,200,72,5043.610937500001,0.5895335227251053,2739.752685546875
207400,73.744533,200,19,5044.5625,0.5896053835749626,2739.757080078125
207600,-28.699055,200,34,8953.453125,0.8040958642959595,2751.18505859375
207800,49.429526,200,23,5043.6125,0.5895333364605904,2739.752685546875
208000,23.262921,200,20,5043.6125,0.5895333364605904,2739.752685546875
208200,178.897661,200,3,8459.9421875,0.8135265856981277,2746.107177734375
208400,173.888045,200,2,10360.400000000001,0.648949146270752,2784.12109375
208600,109.049803,200,4,10360.400000000001,0.648949146270752,2784.12109375
208800,238.079959,200,1,10360.400000000001,0.648949146270752,2784.12109375
209000,-23.856448,200,42,5043.6125,0.5895333364605904,2739.752685546875
209200,67.601913,200,21,5051.653125000001,0.5901265144348145,2739.789794921875
209400,-311.681778,200,71,10360.400000000001,0.648949146270752,2784.12109375
209600,-475.379514,200,111,8491.540625,0.8140727132558823,2746.318115234375
209800,-268.6189,200,73,8769.268750000001,0.8118560165166855,2748.83642578125
210000,-292.664954,200,76,5043.6125,0.5895333364605904,2739.752685546875
210200,-284.88741,200,75,8817.8640625,0.8102579414844513,2749.403076171875
210400,-22.697664,200,31,10360.400000000001,0.648949146270752,2784.12109375
210600,-74.530226,200,50,5043.6125,0.5895333364605904,2739.752685546875
210800,-301.497065,200,83,8799.809375,0.8108909428119659,2749.18798828125
211000,136.070738,200,15,5043.6125,0.5895333364605904,2739.752685546875
211200,183.780882,200,2,8327.0640625,0.8093178272247314,2745.38134765625
211400,-77.052927,200,44,5043.6125,0.5895333364605904,2739.752685546875
211600,190.494166,200,2,5043.6125,0.5895333364605904,2739.752685546875
211800,-37.529868,200,36,5043.6125,0.5895333364605904,2739.752685546875
212000,-190.901187,200,67,8363.43125,0.8107821643352509,2745.55419921875
212200,-138.574029,200,50,5043.6125,0.5895333364605904,2739.752685546875
212400,-107.493955,200,54,5043.6125,0.5895333364605904,2739.752685546875
212600,-191.825231,200,67,5043.6125,0.5895333364605904,2739.752685546875
212800,87.983833,200,17,5052.075000000001,0.5901568755507469,2739.791748046875
213000,-72.802081,200,49,8482.0609375,0.8139272034168243,2746.253173828125
213200,44.418898,200,18,8259.1875,0.8059393614530563,2745.108642578125
213400,-335.577991,200,89,5043.6125,0.5895333364605904,2739.752685546875
213600,-195.963937,200,61,7850.2578125,0.7669650763273239,2744.7734375
213800,-15.908347,200,41,5043.6125,0.5895333364605904,2739.752685546875
214000,45.506029,200,24,8357.85625,0.8105730265378952,2745.526611328125
214200,76.922584,200,5,8234.121875,0.8044764399528503,2745.02392578125
214400,111.145857,200,21,5043.6125,0.5895333364605904,2739.752685546875
214600,190.22483,200,1,8150.840625000001,0.7987669855356216,2744.805908203125
214800,-114.056008,200,49,8012.837500000001,0.7863745093345642,2744.648193359375
215000,-124.637449,200,48,10360.400000000001,0.648949146270752,2784.12109375
215200,-166.355623,200,56,5043.6125,0.5895333364605904,2739.752685546875
215400,-373.599922,200,80,5043.6125,0.5895333364605904,2739.752685546875
215600,-270.779332,200,78,8810.090625,0.8105359226465225,2749.3095703125
215800,-161.601692,200,63,7937.6359375,0.7780511677265167,2744.66552734375
216000,-375.383347,200,80,5043.6125,0.5895333364605904,2739.752685546875
216200,-324.733055,200,87,5043.6125,0.5895333364605904,2739.752685546875
216400,-25.485404,200,39,10360.400000000001,0.648949146270752,2784.12109375
216600,65.287145,200,21,5043.6125,0.5895333364605904,2739.752685546875
216800,148.452395,200,11,5048.4515625,0.5898959934711456,2739.775390625
217000,100.761792,200,23,5043.6125,0.5895333364605904,2739.752685546875
217200,-268.040866,200,72,5043.6125,0.5895333364605904,2739.752685546875
217400,46.837739,200,32,5043.6125,0.5895333364605904,2739.752685546875
217600,159.1179,200,3,5043.6125,0.5895333364605904,2739.752685546875
217800,-21.17062,200,38,5043.6125,0.5895333364605904,2739.752685546875
218000,140.922863,200,2,10360.400000000001,0.648949146270752,2784.12109375
218200,244.128938,200,0,5051.909375,0.5901451408863068,2739.791015625
218400,-129.209379,200,58,7445.228125000001,0.6948574632406235,2746.41015625
218600,-111.301269,200,48,5043.6125,0.5895333364605904,2739.752685546875
218800,-480.26572,200,110,5043.6125,0.5895333364605904,2739.752685546875
219000,-103.907126,200,47,5043.6125,0.5895333364605904,2739.752685546875
219200,-2.471482,200,39,7998.553125,0.7848794758319855,2744.64599609375
219400,-115.843205,200,54,7479.115625,0.7022799551486969,2746.20654296875
219600,-200.088113,200,62,5043.6125,0.5895333364605904,2739.752685546875
219800,-180.596906,200,59,10360.400000000001,0.648949146270752,2784.12109375
220000,-373.260144,200,87,7814.837500000001,0.762033686041832,2744.84326171875
220200,-235.245515,200,74,7592.970312500001,0.7252664119005203,2745.60791015625
220400,39.482825,200,25,5043.6125,0.5895333364605904,2739.752685546875
220600,267.404455,200,0,7861.329687500001,0.7684542238712311,2744.754638671875
220800,-9.616012,200,33,7811.6078125,0.7615707069635391,2744.8505859375
221000,-701.939808,200,138,10351.1375,0.6508757174015045,2783.806884765625
221200,-288.370704,200,75,10360.400000000001,0.648949146270752,2784.12109375
221400,140.679443,200,3,10360.400000000001,0.648949146270752,2784.12109375
221600,-193.371141,200,61,7710.493750000001,0.7460193336009979,2745.13427734375
221800,130.917163,200,3,10360.400000000001,0.648949146270752,2784.12109375
222000,-187.935451,200,52,7663.876562500001,0.7381372898817062,2745.30419921875
222200,-171.155314,200,49,5043.6125,0.5895333364605904,2739.752685546875
222400,172.017977,200,2,5043.6125,0.5895333364605904,2739.752685546875
222600,45.676237,200,30,5043.6125,0.5895333364605904,2739.752685546875
222800,72.359832,200,22,7654.225,0.7364478707313538,2745.34228515625
223000,-386.168241,200,90,5046.8671875,0.5897789821028709,2739.76806640625
223200,-33.813078,200,44,7648.3421875,0.7354094833135605,2745.365966796875
223400,-311.951735,200,72,10360.400000000001,0.648949146270752,2784.12109375
223600,-835.341592,200,165,5043.6125,0.5895333364605904,2739.752685546875
223800,-37.197807,200,29,5043.6125,0.5895333364605904,2739.752685546875
224000,144.565941,200,13,5043.6125,0.5895333364605904,2739.752685546875
224200,37.356209,200,25,10360.400000000001,0.648949146270752,2784.12109375
224400,39.720159,200,26,7171.125,0.6235941499471664,2748.41552734375
224600,182.112981,200,11,5043.6125,0.5895333364605904,2739.752685546875
224800,-114.929357,200,47,5043.6125,0.5895333364605904,2739.752685546875
225000,-342.664649,200,89,5043.6125,0.5895333364605904,2739.752685546875
225200,21.761033,200,28,5044.8671875,0.589628629386425,2739.758544921875
225400,43.133927,200,23,5043.6125,0.5895333364605904,2739.752685546875
225600,-166.251087,200,50,5044.71875,0.5896182358264923,2739.758056640625
225800,-663.905135,200,131,5043.6125,0.5895333364605904,2739.752685546875
226000,236.105218,200,1,5043.6125,0.5895333364605904,2739.752685546875
226200,47.31459,200,23,10360.400000000001,0.648949146270752,2784.12109375
226400,-57.022053,200,48,7440.6796875,0.6938404589891434,2746.438232421875
226600,105.009354,200,16,10357.453125,0.6495669484138489,2784.02099609375
226800,-169.830535,200,62,5043.6125,0.5895333364605904,2739.752685546875
227000,-36.587917,200,34,5043.6125,0.5895333364605904,2739.752685546875
227200,110.107876,200,20,5043.6125,0.5895333364605904,2739.752685546875
227400,15.84215,200,28,5044.4171875,0.5895951390266418,2739.756591796875
227600,215.147248,200,1,10275.746875,0.6650460511445999,2781.335693359375
227800,128.960582,200,3,10360.400000000001,0.648949146270752,2784.12109375
228000,91.980793,200,19,5043.6125,0.5895333364605904,2739.752685546875
228200,-454.480738,200,108,8096.392187500001,0.7943189144134521,2744.7138671875
228400,-326.311907,200,73,5043.6125,0.5895333364605904,2739.752685546875
228600,189.938869,200,2,10360.400000000001,0.648949146270752,2784.12109375
228800,-346.384979,200,84,5043.6125,0.5895333364605904,2739.752685546875
229000,-20.634327,200,39,5044.5375,0.5896037071943283,2739.757080078125
229200,199.262472,200,1,7618.5578125,0.7300344109535217,2745.491943359375
229400,237.981144,200,1,8426.540625,0.8127620816230774,2745.900390625
229600,99.024577,200,17,10360.400000000001,0.648949146270752,2784.12109375
229800,148.361361,200,3,10360.400000000001,0.648949146270752,2784.12109375
230000,-699.995289,200,145,5044.368750000001,0.5895914509892464,2739.75634765625
230200,-297.301044,200,83,5044.509375000001,0.5896018818020821,2739.7568359375
230400,-262.884703,200,77,5043.6125,0.5895333364605904,2739.752685546875
230600,-299.338896,200,64,7386.184375000001,0.6812475621700287,2746.79150390625
230800,121.476383,200,4,10360.400000000001,0.648949146270752,2784.12109375
231000,-597.67465,200,115,10360.400000000001,0.648949146270752,2784.12109375
231200,-38.155151,200,37,7744.0609375,0.7514151930809021,2745.027099609375
231400,192.309985,200,1,10360.400000000001,0.648949146270752,2784.12109375
231600,105.078176,200,14,10360.400000000001,0.648949146270752,2784.12109375
231800,185.375931,200,2,5043.6125,0.5895333364605904,2739.752685546875
232000,94.291929,200,24,7850.2875,0.7669688761234283,2744.7734375
232200,100.151932,200,5,10360.400000000001,0.648949146270752,2784.12109375
232400,148.774836,200,15,10336.745312500001,0.653780996799469,2783.32275390625
232600,-69.730239,200,36,10360.400000000001,0.648949146270752,2784.12109375
232800,130.119175,200,3,10360.400000000001,0.648949146270752,2784.12109375
233000,38.555964,200,26,10360.400000000001,0.648949146270752,2784.12109375
233200,136.552201,200,3,10360.400000000001,0.648949146270752,2784.12109375
233400,102.51465,200,14,5044.1671875,0.5895761772990227,2739.75537109375
233600,3.516154,200,38,5043.6125,0.5895333364605904,2739.752685546875
233800,-201.22783,200,55,5043.6125,0.5895333364605904,2739.752685546875
234000,-74.994151,200,49,5043.6125,0.5895333364605904,2739.752685546875
234200,256.005505,200,0,5043.6125,0.5895333364605904,2739.752685546875
234400,82.461296,200,24,5043.6125,0.5895333364605904,2739.752685546875
234600,8.312185,200,38,5043.6125,0.5895333364605904,2739.752685546875
234800,149.111296,200,2,5044.207812500001,0.5895787477493286,2739.75537109375
235000,205.790094,200,1,10360.400000000001,0.648949146270752,2784.12109375
235200,-123.063751,200,50,7797.8734375,0.7595819979906082,2744.882080078125
235400,119.860615,200,12,7994.225,0.7844182103872299,2744.645751953125
235600,-114.400993,200,56,5043.6125,0.5895333364605904,2739.752685546875
235800,-386.095642,200,90,7851.6671875,0.7671556621789932,2744.77099609375
236000,-192.753265,200,61,5043.6125,0.5895333364605904,2739.752685546875
236200,-291.282645,200,82,8057.0765625,0.7907503843307495,2744.671630859375
236400,-153.577981,200,54,5043.6125,0.5895333364605904,2739.752685546875
236600,-231.289731,200,66,5043.6125,0.5895333364605904,2739.752685546875
236800,-461.680141,200,101,5043.6125,0.5895333364605904,2739.752685546875
237000,-9.419234,200,40,8231.104687500001,0.8042921870946884,2745.0146484375
237200,243.429129,200,0,5044.2484375,0.5895823985338211,2739.755859375
237400,-54.449865,200,39,5043.6125,0.5895333364605904,2739.752685546875
237600,-22.043954,200,41,5043.6125,0.5895333364605904,2739.752685546875
237800,-40.066825,200,38,7922.8828125,0.7762865722179413,2744.67724609375
238000,-110.976338,200,34,10360.400000000001,0.648949146270752,2784.12109375
238200,135.493891,200,3,10360.400000000001,0.648949146270752,2784.12109375
238400,-233.564129,200,68,10360.400000000001,0.648949146270752,2784.12109375
238600,-53.054012,200,40,5043.6125,0.5895333364605904,2739.752685546875
238800,239.473421,200,2,5043.6125,0.5895333364605904,2739.752685546875
239000,-186.991729,200,58,9515.0515625,0.758483037352562,2761.46875
239200,-85.476193,200,39,5043.6125,0.5895333364605904,2739.752685546875
239400,-557.755319,200,116,10360.400000000001,0.648949146270752,2784.12109375
239600,28.858836,200,33,6691.909375,0.5193990468978882,2748.4482421875
239800,-293.443094,200,69,10360.400000000001,0.648949146270752,2784.12109375
240000,-175.414383,200,64,5043.6125,0.5895333364605904,2739.752685546875
240200,-34.491447,200,44,10346.759375000001,0.651770755648613,2783.658935546875
240400,-184.692365,200,67,5043.6125,0.5895333364605904,2739.752685546875
240600,119.573785,200,14,5043.610937500001,0.5895335227251053,2739.752685546875
240800,-159.765057,200,50,8102.625,0.794856995344162,2744.72216796875
241000,-219.120379,200,65,8100.5765625,0.7946809381246567,2744.71923828125
241200,-324.689345,200,89,5043.6125,0.5895333364605904,2739.752685546875
241400,55.220856,200,31,10350.684375,0.6509685516357422,2783.79150390625
241600,81.09693,200,25,5043.6125,0.5895333364605904,2739.752685546875
241800,-106.730604,200,40,10360.400000000001,0.648949146270752,2784.12109375
242000,38.714077,200,28,6421.629687500001,0.5178589001297951,2745.9111328125
242200,36.66971,200,27,5043.610937500001,0.5895335227251053,2739.752685546875
242400,265.040261,200,0,5044.762500000001,0.5896202847361565,2739.758056640625
242600,239.456248,200,2,5043.6125,0.5895333364605904,2739.752685546875
242800,-26.867217,200,35,7964.478125000001,0.7811501622200012,2744.651123046875
243000,37.900146,200,35,10349.557812500001,0.6511995196342468,2783.75341796875
243200,-2.91664,200,27,5043.6125,0.5895333364605904,2739.752685546875
243400,-350.600142,200,85,10360.400000000001,0.648949146270752,2784.12109375
243600,-211.253275,200,69,10344.032812500001,0.6523230671882629,2783.567138671875
243800,244.920948,200,1,5043.610937500001,0.5895335227251053,2739.752685546875
244000,6.206192,200,31,5043.6125,0.5895333364605904,2739.752685546875
244200,233.976721,200,2,5043.610937500001,0.5895335227251053,2739.752685546875
244400,-145.517439,200,55,5045.145312500001,0.5896499007940292,2739.759765625
244600,-149.574845,200,45,5043.610937500001,0.5895335227251053,2739.752685546875
244800,-28.68806,200,43,10321.46875,0.6567532569169998,2782.815673828125
245000,266.950111,200,0,10360.400000000001,0.648949146270752,2784.12109375
245200,-84.44559,200,48,7771.8734375,0.7557100802659988,2744.947998046875
245400,203.051555,200,2,5045.095312500001,0.5896462127566338,2739.759765625
245600,-8.645041,200,35,5043.6125,0.5895333364605904,2739.752685546875
245800,130.504502,200,19,5043.610937500001,0.5895335227251053,2739.752685546875
246000,-643.619611,200,129,5043.6125,0.5895333364605904,2739.752685546875
246200,86.030859,200,26,5043.610937500001,0.5895335227251053,2739.752685546875
246400,258.101157,200,0,8267.206250000001,0.8063825219869614,2745.13720703125
246600,-264.331928,200,71,5043.6125,0.5895333364605904,2739.752685546875
246800,-82.271097,200,36,10360.400000000001,0.648949146270752,2784.12109375
247000,-120.091696,200,48,5043.610937500001,0.5895335227251053,2739.752685546875
247200,88.671811,200,17,5043.6125,0.5895333364605904,2739.752685546875
247400,80.604557,200,27,5099.578125,0.5928950384259224,2739.98876953125
247600,-394.27226,200,84,10342.439062500001,0.6526441127061844,2783.513671875
247800,176.968579,200,1,10360.400000000001,0.648949146270752,2784.12109375
248000,-200.209761,200,61,5043.610937500001,0.5895335227251053,2739.752685546875
248200,-131.5596,200,51,5043.6125,0.5895333364605904,2739.752685546875
248400,107.748228,200,24,5047.767187500001,0.5898453667759895,2739.772216796875
248600,-206.53528,200,64,6585.798437500001,0.5158954858779907,2747.472900390625
248800,25.370223,200,27,5113.7765625,0.593486912548542,2740.041015625
249000,147.441696,200,15,5117.770312500001,0.5936354026198387,2740.055419921875
249200,-51.493544,200,47,7005.9671875,0.5728280544281006,2749.546875
249400,-190.512604,200,62,9187.178125,0.7883700728416443,2754.934814453125
249600,145.387939,200,2,10336.212500000001,0.6538866460323334,2783.304931640625
249800,-364.693354,200,92,5089.7421875,0.5924271792173386,2739.950927734375
250000,44.439512,200,19,5043.6125,0.5895333364605904,2739.752685546875
250200,-186.057938,200,58,5043.6125,0.5895333364605904,2739.752685546875
250400,-515.463067,200,103,10360.400000000001,0.648949146270752,2784.12109375
250600,237.104964,200,1,5043.610937500001,0.5895335227251053,2739.752685546875
250800,-348.499378,200,78,5043.6125,0.5895333364605904,2739.752685546875
251000,-32.27935,200,34,8113.048437500001,0.7957398891448975,2744.73779296875
251200,-83.875507,200,44,9417.540625,0.7680885493755341,2759.3876953125
251400,66.290598,200,22,10360.400000000001,0.648949146270752,2784.12109375
251600,-235.436737,200,69,5043.610937500001,0.5895335227251053,2739.752685546875
251800,49.650414,200,32,5043.6125,0.5895333364605904,2739.752685546875
252000,189.432352,200,3,5043.610937500001,0.5895335227251053,2739.752685546875
252200,-33.69087,200,35,5043.6125,0.5895333364605904,2739.752685546875
252400,193.049511,200,1,7045.676562500001,0.5848629772663116,2749.339111328125
252600,-409.584707,200,101,9259.53125,0.7824267446994781,2756.25830078125
252800,148.336991,200,10,5099.425,0.592888630926609,2739.98828125
253000,11.170441,200,36,10360.400000000001,0.648949146270752,2784.12109375
253200,77.28471,200,24,10360.400000000001,0.648949146270752,2784.12109375
253400,101.553599,200,22,9378.4765625,0.7717868685722351,2758.5849609375
253600,-18.406067,200,33,5123.9640625,0.5938520282506943,2740.076904296875
253800,124.031504,200,17,5043.6125,0.5895333364605904,2739.752685546875
254000,-231.057444,200,67,5043.6125,0.5895333364605904,2739.752685546875
254200,-383.812748,200,98,8377.495312500001,0.8112844079732895,2745.626220703125
254400,-42.167453,200,31,5098.246875000001,0.5928349122405052,2739.983642578125
254600,44.256836,200,34,8490.9546875,0.8140645176172256,2746.314208984375
254800,268.402173,200,0,10356.621875,0.6497405469417572,2783.99267578125
255000,-56.149865,200,37,5043.6125,0.5895333364605904,2739.752685546875
255200,245.564278,200,3,5043.6125,0.5895333364605904,2739.752685546875
255400,194.171141,200,3,8758.790625,0.8121559768915176,2748.71923828125
255600,-36.440169,200,35,5043.610937500001,0.5895335227251053,2739.752685546875
255800,-130.320062,200,43,10360.400000000001,0.648949146270752,2784.12109375
256000,38.245469,200,29,5043.6125,0.5895333364605904,2739.752685546875
256200,-51.032734,200,46,5043.6125,0.5895333364605904,2739.752685546875
256400,236.366109,200,1,5043.6125,0.5895333364605904,2739.752685546875
256600,-63.021523,200,42,5043.6125,0.5895333364605904,2739.752685546875
256800,-96.34647,200,49,5043.610937500001,0.5895335227251053,2739.752685546875
257000,98.993684,200,23,5043.6125,0.5895333364605904,2739.752685546875
257200,-217.076219,200,65,9335.8765625,0.775710716843605,2757.73095703125
257400,-61.456591,200,40,10360.400000000001,0.648949146270752,2784.12109375
257600,57.18806,200,29,8868.609375,0.8082368224859238,2750.03515625
257800,228.666128,200,2,9016.115625,0.8004644513130188,2752.108154296875
258000,24.265126,200,35,5095.168750000001,0.5926910415291786,2739.971923828125
258200,49.61893,200,25,5072.078125,0.5914613232016563,2739.879150390625
258400,-497.625256,200,108,10360.400000000001,0.648949146270752,2784.12109375
258600,163.445691,200,16,9058.8921875,0.7977253198623657,2752.7734375
258800,-242.555922,200,70,10360.400000000001,0.648949146270752,2784.12109375
259000,-106.505842,200,48,8597.646875,0.8146780729293823,2747.1376953125
259200,-45.943294,200,45,10360.400000000001,0.648949146270752,2784.12109375
259400,219.765324,200,1,10359.0984375,0.6492225825786591,2784.076904296875
259600,57.137102,200,29,5043.614062500001,0.5895334854722023,2739.752685546875
259800,230.701259,200,0,10360.400000000001,0.648949146270752,2784.12109375
260000,-490.94438,200,106,5043.6125,0.5895333364605904,2739.752685546875
260200,235.634348,200,2,10360.400000000001,0.648949146270752,2784.12109375
260400,-9.650183,200,40,5053.171875,0.5902338400483131,2739.796630859375
260600,-132.679331,200,44,9366.8421875,0.7728702574968338,2758.349609375
260800,190.96358,200,11,10360.400000000001,0.648949146270752,2784.12109375
261000,-872.041037,200,170,5043.6125,0.5895333364605904,2739.752685546875
261200,-382.236302,200,83,9336.901562500001,0.7756176590919495,2757.751220703125
261400,-60.710893,200,41,9436.9625,0.766216367483139,2759.79345703125
261600,-119.363604,200,51,5043.6125,0.5895333364605904,2739.752685546875
261800,-273.284152,200,65,10360.400000000001,0.648949146270752,2784.12109375
262000,-363.341728,200,87,5043.610937500001,0.5895335227251053,2739.752685546875
262200,-98.850211,200,47,10324.800000000001,0.6561147421598434,2782.925537109375
262400,27.163341,200,35,5043.6125,0.5895333364605904,2739.752685546875
262600,-493.79065,200,106,5043.6125,0.5895333364605904,2739.752685546875
262800,64.655186,200,29,8932.5359375,0.8052022010087967,2750.890869140625
263000,-276.667795,200,73,5043.6125,0.5895333364605904,2739.752685546875
263200,220.390187,200,2,5043.610937500001,0.5895336717367172,2739.752685546875
263400,61.430598,200,29,5043.6125,0.5895333364605904,2739.752685546875
263600,7.0315,200,35,5043.6125,0.5895333364605904,2739.752685546875
263800,-18.35734,200,43,5068.0390625,0.5912166461348534,2739.862060546875
264000,182.156543,200,3,5043.610937500001,0.5895335227251053,2739.752685546875
264200,-268.741254,200,76,5043.6125,0.5895333364605904,2739.752685546875
264400,-182.194718,200,58,5043.6125,0.5895333364605904,2739.752685546875
264600,-43.622864,200,35,10360.400000000001,0.648949146270752,2784.12109375
264800,185.912333,200,2,7836.801562500001,0.7651212811470032,2744.79833984375
265000,-19.248738,200,30,5043.6125,0.5895340070128441,2739.752685546875
265200,-87.467866,200,46,5043.610937500001,0.5895335227251053,2739.752685546875
265400,256.98003,200,1,5043.614062500001,0.5895334854722023,2739.752685546875
265600,-531.568429,200,120,9189.496875,0.7881864905357361,2754.97607421875
265800,178.685624,200,2,5043.614062500001,0.5895334854722023,2739.752685546875
266000,201.473583,200,1,10360.400000000001,0.648949146270752,2784.12109375
266200,-196.492326,200,66,5065.9515625,0.5910858139395714,2739.85302734375
266400,-44.905593,200,24,10360.400000000001,0.648949146270752,2784.12109375
266600,254.639116,200,1,8445.5484375,0.813220739364624,2746.01611328125
266800,-126.548422,200,60,5079.59375,0.5918921902775764,2739.91015625
267000,-24.823544,200,35,9310.6859375,0.7779736071825027,2757.23681640625
267200,197.984743,200,2,10360.400000000001,0.648949146270752,2784.12109375
267400,214.94604,200,9,5043.6125,0.5895333364605904,2739.752685546875
267600,1.640835,200,37,5043.614062500001,0.5895334854722023,2739.752685546875
267800,-47.435512,200,38,5043.6125,0.5895333364605904,2739.752685546875
268000,-88.879257,200,38,10360.400000000001,0.648949146270752,2784.12109375
268200,235.007762,200,2,5043.610937500001,0.5895335227251053,2739.752685546875
268400,83.629325,200,13,5049.234375,0.5899529531598091,2739.77880859375
268600,263.332263,200,1,5043.614062500001,0.5895338207483292,2739.752685546875
268800,-169.396337,200,51,5043.6203125,0.589534118771553,2739.7529296875
269000,39.655535,200,26,9510.8140625,0.7589107006788254,2761.376220703125
269200,186.45676,200,1,10360.400000000001,0.648949146270752,2784.12109375
269400,179.892997,200,2,5050.7484375,0.5900627747178078,2739.785888671875
269600,13.847412,200,31,5043.6125,0.5895333364605904,2739.752685546875
269800,-134.13606,200,46,10360.400000000001,0.648949146270752,2784.12109375
270000,-250.284175,200,65,10360.400000000001,0.648949146270752,2784.12109375
270200,-122.502305,200,55,5043.6125,0.5895333364605904,2739.752685546875
270400,-181.599185,200,59,10360.400000000001,0.648949146270752,2784.12109375
270600,-120.020514,200,58,9660.415625,0.7433189451694489,2764.763671875
270800,-83.300856,200,44,10025.275000000001,0.7011361420154572,2774.0009765625
271000,-190.462846,200,52,10360.400000000001,0.648949146270752,2784.12109375
271200,-266.527675,200,72,10360.400000000001,0.648949146270752,2784.12109375
271400,-571.961988,200,126,10223.995312500001,0.6735473126173019,2779.72412109375
271600,247.969757,200,0,5057.2484375,0.5905163660645485,2739.81494140625
271800,-142.492885,200,58,9620.135937500001,0.7476125657558441,2763.82861328125
272000,197.23007,200,2,7552.9015625,0.7175090163946152,2745.80322265625
272200,-136.731176,200,51,5065.110937500001,0.5910327658057213,2739.849609375
272400,-440.151141,200,100,5043.6125,0.5895333364605904,2739.752685546875
272600,-130.49461,200,51,5043.676562500001,0.5895382538437843,2739.753173828125
272800,-164.581001,200,55,9311.714062500001,0.7778820395469666,2757.256591796875
273000,23.459822,200,34,8879.5296875,0.8077563345432281,2750.1767578125
273200,-41.475735,200,38,5043.614062500001,0.5895334854722023,2739.752685546875
273400,-337.186903,200,83,10360.400000000001,0.648949146270752,2784.12109375
273600,73.681599,200,28,5043.6125,0.5895333364605904,2739.752685546875
273800,2.354629,200,37,5043.618750000001,0.5895344540476799,2739.752685546875
274000,-225.477517,200,70,9609.934375,0.7486892491579056,2763.594482421875
274200,-142.620183,200,61,5043.6125,0.5895333364605904,2739.752685546875
274400,-315.943774,200,87,9516.434375,0.7583431899547577,2761.4990234375
274600,142.476065,200,3,6817.9140625,0.5312501639127731,2749.3818359375
274800,157.868195,200,15,8794.5125,0.811067745089531,2749.1259765625
275000,-388.335387,200,95,9249.3875,0.7832861691713333,2756.068359375
275200,-98.388479,200,49,10360.400000000001,0.648949146270752,2784.12109375
275400,-362.341935,200,94,9904.7703125,0.7158263772726059,2770.792724609375
275600,147.469143,200,17,5043.6125,0.5895333364605904,2739.752685546875
275800,39.66779,200,33,7349.993750000001,0.6724595278501511,2747.041259765625
276000,-27.883763,200,35,10360.400000000001,0.648949146270752,2784.12109375
276200,162.026955,200,3,9599.604687500001,0.7497750222682953,2763.3583984375
276400,161.172002,200,6,5043.6125,0.5895333364605904,2739.752685546875
276600,247.826334,200,0,10360.400000000001,0.648949146270752,2784.12109375
276800,-388.399951,200,90,5043.6828125,0.589539185166359,2739.7529296875
277000,236.395025,200,1,10341.954687500001,0.6527414172887802,2783.497314453125
277200,-334.835309,200,74,5043.6125,0.5895333364605904,2739.752685546875
277400,205.641062,200,2,10360.400000000001,0.648949146270752,2784.12109375
277600,-362.054032,200,95,10086.3953125,0.6932352483272552,2775.6962890625
277800,159.757782,200,14,5043.6125,0.5895333364605904,2739.752685546875
278000,-502.531467,200,108,5043.6125,0.5895333364605904,2739.752685546875
278200,-181.653233,200,56,5043.6125,0.5895333364605904,2739.752685546875
278400,-303.766319,200,85,5043.6125,0.5895333364605904,2739.752685546875
278600,-191.476743,200,54,10360.400000000001,0.648949146270752,2784.12109375
278800,-449.122546,200,86,10360.400000000001,0.648949146270752,2784.12109375
279000,28.192936,200,29,5043.6125,0.5895333364605904,2739.752685546875
279200,-172.846693,200,57,5043.6125,0.5895333364605904,2739.752685546875
279400,115.790791,200,15,10360.400000000001,0.648949146270752,2784.12109375
279600,-47.323539,200,46,5043.6125,0.5895333364605904,2739.752685546875
279800,-256.753536,200,77,5043.6125,0.5895333364605904,2739.752685546875
280000,-216.540163,200,73,5043.6125,0.5895333364605904,2739.752685546875
280200,-391.091425,200,97,5043.6125,0.5895333364605904,2739.752685546875
280400,-104.700628,200,47,10360.400000000001,0.648949146270752,2784.12109375
280600,-464.380419,200,108,10329.9671875,0.6551136076450348,2783.096923828125
280800,110.265017,200,17,10360.400000000001,0.648949146270752,2784.12109375
281000,166.494942,200,14,10357.407812500001,0.649576261639595,2784.01953125
281200,-40.166605,200,35,5043.615625,0.5895339697599411,2739.752685546875
281400,-34.819398,200,42,5043.6484375,0.5895364284515381,2739.7529296875
281600,-70.889777,200,50,5043.6125,0.5895333364605904,2739.752685546875
281800,-121.848263,200,48,5043.64375,0.5895359814167023,2739.7529296875
282000,102.192913,200,22,10339.0765625,0.6533174216747284,2783.40087890625
282200,225.396726,200,1,5043.6484375,0.5895371362566948,2739.7529296875
282400,178.95815,200,2,5043.64375,0.5895359814167023,2739.7529296875
282600,150.194511,200,14,5043.628125,0.5895352363586426,2739.752685546875
282800,-58.535613,200,40,10302.518750000001,0.6602934747934341,2782.195556640625
283000,-231.611883,200,75,5043.6125,0.5895333364605904,2739.752685546875
283200,-175.24633,200,57,5043.6125,0.5895333364605904,2739.752685546875
283400,-502.558308,200,108,5043.6625,0.5895375087857246,2739.7529296875
283600,-220.516537,200,66,5043.653125000001,0.5895363911986351,2739.7529296875
283800,-8.706463,200,38,5043.696875000001,0.5895406380295753,2739.753173828125
284000,-246.788432,200,69,5043.6125,0.5895333364605904,2739.752685546875
284200,-158.090751,200,62,5043.650000000001,0.5895370990037918,2739.7529296875
284400,-106.396298,200,41,6669.3390625,0.5182478949427605,2748.2490234375
284600,14.784558,200,29,5387.53125,0.5910997465252876,2740.69970703125
284800,86.977936,200,14,9320.5046875,0.7770967483520508,2757.42822265625
285000,-84.543778,200,46,5046.293750000001,0.5897363275289536,2739.765380859375
285200,-92.504015,200,46,5043.6125,0.5895333364605904,2739.752685546875
285400,-185.265331,200,65,5090.739062500001,0.59247687458992,2739.954833984375
285600,-441.205717,200,105,5043.6125,0.5895333364605904,2739.752685546875
285800,-145.087997,200,53,10360.400000000001,0.648949146270752,2784.12109375
286000,235.966018,200,2,5269.08125,0.594760999083519,2740.47216796875
286200,-107.110663,200,48,5043.634375000001,0.5895355343818665,2739.752685546875
286400,-143.826964,200,54,10360.400000000001,0.648949146270752,2784.12109375
286600,-45.524015,200,45,5043.628125,0.5895354226231575,2739.7529296875
286800,-314.681476,200,78,5043.6203125,0.5895349383354187,2739.752685546875
287000,241.823283,200,2,10360.400000000001,0.648949146270752,2784.12109375
287200,-156.115419,200,56,10360.400000000001,0.648949146270752,2784.12109375
287400,-257.833375,200,66,10360.400000000001,0.648949146270752,2784.12109375
287600,-369.874628,200,88,5043.6125,0.5895333364605904,2739.752685546875
287800,-166.010077,200,50,10360.400000000001,0.648949146270752,2784.12109375
288000,159.010433,200,16,10360.400000000001,0.648949146270752,2784.12109375
288200,-0.476944,200,32,5342.121875000001,0.592869408428669,2740.61767578125
288400,181.982909,200,2,10360.400000000001,0.648949146270752,2784.12109375
288600,-201.633776,200,61,5043.6125,0.5895333364605904,2739.752685546875
288800,-97.317123,200,54,5043.6125,0.5895333364605904,2739.752685546875
289000,199.315545,200,2,10360.400000000001,0.648949146270752,2784.12109375
289200,-451.996286,200,108,5043.6203125,0.5895346030592918,2739.7529296875
289400,131.431093,200,4,5304.153125000001,0.5940121039748192,2740.544677734375
289600,253.059737,200,1,5043.6203125,0.5895346030592918,2739.752685546875
289800,-362.779377,200,91,5043.621875000001,0.5895347520709038,2739.752685546875
290000,-309.99236,200,83,5043.6171875,0.5895344913005829,2739.752685546875
290200,1.885397,200,38,10359.8328125,0.6490681320428848,2784.10205078125
290400,80.024739,200,27,10359.525000000001,0.6491336226463318,2784.09130859375
290600,253.316219,200,0,5397.2609375,0.5906686559319496,2740.716796875
290800,211.603278,200,1,10360.400000000001,0.648949146270752,2784.12109375
291000,52.336414,200,30,5346.590625000001,0.5927132442593575,2740.625732421875
291200,-362.564029,200,91,5043.6171875,0.5895339325070381,2739.752685546875
291400,-4.411921,200,31,5043.615625,0.5895339697599411,2739.752685546875
291600,247.941704,200,2,9846.290625000001,0.7226457446813583,2769.2939453125
291800,-122.164672,200,57,5043.614062500001,0.589534305036068,2739.752685546875
292000,29.043024,200,36,5043.6125,0.5895333364605904,2739.752685546875
292200,-161.659466,200,43,9451.65625,0.7647857815027237,2760.103515625
292400,-361.17556,200,87,5043.6234375,0.5895350873470306,2739.7529296875
292600,234.498434,200,2,5043.615625,0.589534118771553,2739.752685546875
292800,127.751339,200,12,5043.6125,0.5895333364605904,2739.752685546875
293000,-260.273013,200,64,7987.660937500001,0.7837120443582535,2744.64599609375
293200,210.894564,200,1,10360.400000000001,0.648949146270752,2784.12109375
293400,248.789388,200,1,5043.614062500001,0.589534305036068,2739.752685546875
293600,-180.434172,200,58,10360.400000000001,0.648949146270752,2784.12109375
293800,31.613702,200,33,10360.03125,0.64902663230896,2784.108642578125
294000,-90.967568,200,55,5043.6125,0.5895333364605904,2739.752685546875
294200,-162.813661,200,55,5043.6125,0.5895333364605904,2739.752685546875
294400,-51.357149,200,47,5045.887500000001,0.5897058546543121,2739.763427734375
294600,232.157176,200,1,5043.6125,0.5895340070128441,2739.752685546875
294800,242.811641,200,0,10360.400000000001,0.648949146270752,2784.12109375
295000,-380.645391,200,90,5161.675,0.5948180332779884,2740.19873046875
295200,-262.803272,200,72,5043.6125,0.5895333364605904,2739.752685546875
295400,95.733421,200,17,5043.6125,0.5895333364605904,2739.752685546875
295600,-132.504976,200,55,5044.939062500001,0.5896347016096115,2739.7587890625
295800,234.470875,200,1,10360.400000000001,0.648949146270752,2784.12109375
296000,-230.288978,200,68,5150.015625,0.5945818871259689,2740.162841796875
296200,178.208164,200,3,10360.400000000001,0.648949146270752,2784.12109375
296400,171.306937,200,2,5043.610937500001,0.5895335227251053,2739.752685546875
296600,-60.296308,200,42,10360.400000000001,0.648949146270752,2784.12109375
296800,-415.158686,200,101,10113.9765625,0.6895335763692856,2776.478271484375
297000,130.965963,200,16,10359.815625000001,0.6490721553564072,2784.101318359375
297200,-114.461891,200,56,10359.9765625,0.6490383297204971,2784.106689453125
297400,-104.105704,200,52,5043.610937500001,0.5895336717367172,2739.752685546875
297600,-31.558077,200,40,5043.610937500001,0.5895336717367172,2739.752685546875
297800,230.922213,200,2,5043.610937500001,0.5895336717367172,2739.752685546875
298000,-93.71415,200,46,10187.434375,0.6791210919618607,2778.620849609375
298200,-142.594057,200,46,5160.770312500001,0.5948010459542274,2740.196044921875
298400,-122.756138,200,59,10360.400000000001,0.648949146270752,2784.12109375
298600,-335.285885,200,82,10360.400000000001,0.648949146270752,2784.12109375
298800,63.996917,200,29,5043.610937500001,0.5895335227251053,2739.752685546875
299000,-14.532684,200,26,5045.645312500001,0.5896875634789467,2739.76220703125
299200,-35.120436,200,46,9901.542187500001,0.7162073999643326,2770.708984375
299400,71.088275,200,27,5043.614062500001,0.5895334854722023,2739.752685546875
299600,76.970388,200,17,5043.6125,0.5895333364605904,2739.752685546875
299800,54.526179,200,30,5043.6125,0.5895333364605904,2739.752685546875
300000,-72.231949,200,48,5045.83125,0.5897015333175659,2739.76318359375
300200,-342.261976,200,76,5043.6125,0.5895333364605904,2739.752685546875
300400,-314.878845,200,79,5091.625,0.5925211682915688,2739.958251953125
300600,168.505821,200,3,5043.610937500001,0.5895335227251053,2739.752685546875
300800,188.085064,200,11,5047.8390625,0.5898504331707954,2739.7724609375
301000,213.171683,200,1,9232.890625,0.7846657186746597,2755.7626953125
301200,149.773623,200,13,5043.6125,0.5895333364605904,2739.752685546875
301400,9.502325,200,34,10359.737500000001,0.6490880995988846,2784.0986328125
301600,237.960345,200,2,5043.610937500001,0.5895335227251053,2739.752685546875
301800,15.404707,200,36,5043.610937500001,0.5895335227251053,2739.752685546875
302000,250.311966,200,1,10360.400000000001,0.648949146270752,2784.12109375
302200,10.421611,200,37,10360.400000000001,0.648949146270752,2784.12109375
302400,235.779765,200,2,5043.610937500001,0.5895335227251053,2739.752685546875
302600,61.404957,200,28,5043.6125,0.5895333364605904,2739.752685546875
302800,9.700442,200,29,5043.6125,0.5895333364605904,2739.752685546875
303000,199.288955,200,1,10360.400000000001,0.648949146270752,2784.12109375
303200,-193.373354,200,60,5043.6125,0.5895333364605904,2739.752685546875
303400,-50.332062,200,39,10360.400000000001,0.648949146270752,2784.12109375
303600,1.987022,200,32,5043.610937500001,0.5895335227251053,2739.752685546875
303800,239.887418,200,1,10359.760937500001,0.6490834057331085,2784.099365234375
304000,-145.390439,200,57,5043.6125,0.5895333364605904,2739.752685546875
304200,124.293038,200,18,8824.30625,0.8100209385156631,2749.48095703125
304400,-413.775396,200,95,5043.6125,0.5895333364605904,2739.752685546875
304600,191.773999,200,2,10178.653125,0.680416002869606,2778.35986328125
304800,-47.884652,200,39,5043.610937500001,0.5895335227251053,2739.752685546875
305000,-21.845298,200,41,5070.660937500001,0.5913760885596275,2739.873046875
305200,-144.598201,200,62,8957.6296875,0.8038683980703354,2751.24462890625
305400,164.198677,200,12,5043.6125,0.5895333364605904,2739.752685546875
305600,0.853157,200,30,5043.6125,0.5895333364605904,2739.752685546875
305800,-69.679801,200,41,5043.6125,0.5895333364605904,2739.752685546875
306000,-13.458169,200,40,5043.6125,0.5895333364605904,2739.752685546875
306200,-360.930891,200,92,10360.400000000001,0.648949146270752,2784.12109375
306400,-116.817605,200,57,6767.615625,0.5252700299024582,2749.056640625
306600,-30.784986,200,35,10360.400000000001,0.648949146270752,2784.12109375
306800,-275.668187,200,72,5043.6125,0.5895333364605904,2739.752685546875
307000,-375.407543,200,97,10253.956250000001,0.6687252223491669,2780.649658203125
307200,244.51475,200,0,10359.4265625,0.6491538882255554,2784.088134765625
307400,217.198532,200,1,10360.400000000001,0.648949146270752,2784.12109375
307600,116.43323,200,19,9077.542187500001,0.7964685559272766,2753.072265625
307800,-160.829116,200,56,5043.6125,0.5895333364605904,2739.752685546875
308000,247.413893,200,2,5043.6125,0.5895333364605904,2739.752685546875
308200,-107.993066,200,47,10360.400000000001,0.648949146270752,2784.12109375
308400,55.979954,200,22,5043.6125,0.5895333364605904,2739.752685546875
308600,245.91825,200,1,9307.4375,0.7782620936632156,2757.173583984375
308800,-20.395751,200,41,5043.614062500001,0.5895334854722023,2739.752685546875
309000,-84.226318,200,41,9043.800000000001,0.7987149059772491,2752.535400390625
309200,-177.200738,200,51,10360.400000000001,0.648949146270752,2784.12109375
309400,-50.16513,200,46,5043.6125,0.5895333364605904,2739.752685546875
309600,247.100309,200,2,6742.6234375,0.5229557678103447,2748.868408203125
309800,-130.59867,200,47,6639.5890625,0.5170867964625359,2747.978271484375
310000,-160.047687,200,51,10360.400000000001,0.648949146270752,2784.12109375
310200,257.127156,200,0,6806.284375,0.5296972393989563,2749.31396484375
310400,177.341014,200,3,5043.614062500001,0.5895334854722023,2739.752685546875
310600,92.102157,200,15,5043.6125,0.5895333364605904,2739.752685546875
310800,-261.583551,200,63,10360.400000000001,0.648949146270752,2784.12109375
311000,-145.606823,200,40,10360.400000000001,0.648949146270752,2784.12109375
311200,-151.404423,200,47,5043.6125,0.5895333364605904,2739.752685546875
311400,-191.246488,200,68,7000.446875000001,0.5712073668837547,2749.570068359375
311600,-20.238903,200,28,10360.400000000001,0.648949146270752,2784.12109375
311800,-40.245715,200,31,6707.275000000001,0.5203281342983246,2748.580322265625
312000,247.324393,200,0,10360.400000000001,0.648949146270752,2784.12109375
312200,2.528531,200,39,5043.6125,0.5895340070128441,2739.752685546875
312400,-83.613514,200,44,5043.6125,0.5895334854722023,2739.752685546875
312600,36.107739,200,35,5043.6125,0.5895333364605904,2739.752685546875
312800,-338.538225,200,90,5043.6125,0.5895333364605904,2739.752685546875
313000,-349.306604,200,91,10287.0078125,0.6630805879831314,2781.695068359375
313200,-206.895486,200,70,5043.6125,0.5895333364605904,2739.752685546875
313400,-270.563207,200,64,10360.400000000001,0.648949146270752,2784.12109375
313600,186.95251,200,2,10360.400000000001,0.648949146270752,2784.12109375
313800,-175.305807,200,57,5048.628125,0.5899085104465485,2739.776123046875
314000,77.998808,200,27,5043.6125,0.5895333364605904,2739.752685546875
314200,-250.680808,200,76,5043.6125,0.5895333364605904,2739.752685546875
314400,-171.713579,200,51,10360.400000000001,0.648949146270752,2784.12109375
314600,-227.968683,200,58,5043.6125,0.5895333364605904,2739.752685546875
314800,194.909867,200,2,6228.3734375,0.5276205018162727,2744.22705078125
315000,84.975673,200,17,5043.6125,0.5895331501960754,2739.752685546875
315200,103.382282,200,21,5043.6125,0.5895333364605904,2739.752685546875
315400,-163.948999,200,58,5043.6125,0.5895333364605904,2739.752685546875
315600,6.136143,200,31,5049.734375,0.5899892002344131,2739.781005859375
315800,125.628303,200,4,5043.610937500001,0.5895336717367172,2739.752685546875
316000,141.141179,200,3,6456.7109375,0.5168494954705238,2746.240234375
316200,-178.734461,200,67,5050.035937500001,0.5900107324123383,2739.782470703125
316400,247.257664,200,0,5043.6125,0.5895333364605904,2739.752685546875
316600,-115.988047,200,48,5052.2953125,0.5901721119880676,2739.79296875
316800,-42.130693,200,45,10344.814062500001,0.6521650403738022,2783.593505859375
317000,-420.477531,200,87,10360.400000000001,0.648949146270752,2784.12109375
317200,226.561467,200,5,5043.6125,0.5895333364605904,2739.752685546875
317400,-56.870793,200,47,10352.171875,0.6506626307964325,2783.841796875
317600,-362.230916,200,86,10360.400000000001,0.648949146270752,2784.12109375
317800,-104.794456,200,48,10360.400000000001,0.648949146270752,2784.12109375
318000,-159.489341,200,62,9838.573437500001,0.7235334068536758,2769.0986328125
318200,-137.995733,200,58,5043.6125,0.5895333364605904,2739.752685546875
318400,-0.059553,200,33,10360.400000000001,0.648949146270752,2784.12109375
318600,-342.742165,200,90,5939.3703125,0.5503106489777565,2742.3154296875
318800,-345.20157,200,78,10360.400000000001,0.648949146270752,2784.12109375
319000,228.641404,200,1,10082.2890625,0.6937785446643829,2775.58056640625
319200,206.573338,200,1,10360.400000000001,0.648949146270752,2784.12109375
319400,-309.480879,200,70,5043.6125,0.5895333364605904,2739.752685546875
319600,137.235182,200,16,5043.6125,0.5895333364605904,2739.752685546875
319800,12.113151,200,30,5049.20625,0.5899501219391823,2739.77880859375
320000,-109.849361,200,48,5043.6125,0.5895333364605904,2739.752685546875
320200,-305.085067,200,78,5043.6125,0.5895333364605904,2739.752685546875
320400,-392.48469,200,98,5043.610937500001,0.5895335227251053,2739.752685546875
320600,-31.487566,200,37,5043.6125,0.5895333364605904,2739.752685546875
320800,-105.113226,200,46,5043.6125,0.5895333364605904,2739.752685546875
321000,-121.043539,200,41,10360.400000000001,0.648949146270752,2784.12109375
321200,-8.977372,200,39,5043.6125,0.5895333364605904,2739.752685546875
321400,-202.398825,200,47,10360.400000000001,0.648949146270752,2784.12109375
321600,73.68218,200,21,5043.6125,0.5895333364605904,2739.752685546875
321800,40.321045,200,31,10360.400000000001,0.648949146270752,2784.12109375
322000,9.510607,200,28,5043.614062500001,0.5895334854722023,2739.752685546875
322200,184.981559,200,3,5043.610937500001,0.5895335227251053,2739.752685546875
322400,-116.858164,200,50,10036.573437500001,0.6997034698724747,2774.310546875
322600,-82.130367,200,44,5046.2578125,0.589732825756073,2739.76513671875
322800,-599.20034,200,130,5043.6125,0.5895333364605904,2739.752685546875
323000,196.218512,200,2,10360.400000000001,0.648949146270752,2784.12109375
323200,-169.001327,200,57,6572.7875,0.5157645791769028,2747.34912109375
323400,251.133913,200,1,9009.901562500001,0.8008452504873276,2752.013671875
323600,-427.689092,200,96,5043.6125,0.5895333364605904,2739.752685546875
323800,239.546774,200,1,5043.610937500001,0.5895335227251053,2739.752685546875
324000,261.072655,200,1,10344.7796875,0.6521719694137573,2783.59228515625
324200,-59.619054,200,47,7174.4984375,0.6246001645922661,2748.388427734375
324400,126.70273,200,21,5046.76875,0.5897710844874382,2739.767578125
324600,-118.414563,200,50,5043.6125,0.5895333364605904,2739.752685546875
324800,-180.464496,200,65,5043.6125,0.5895333364605904,2739.752685546875
325000,254.411069,200,1,10333.0046875,0.6545190513134003,2783.197998046875
325200,184.923595,200,1,10360.400000000001,0.648949146270752,2784.12109375
325400,-185.820707,200,67,5043.6125,0.5895333364605904,2739.752685546875
325600,-259.241111,200,70,9811.7703125,0.7265951484441757,2768.426025390625
325800,-38.995797,200,44,10339.1234375,0.6533079594373703,2783.40234375
326000,135.996074,200,3,9052.8953125,0.7981216162443161,2752.678466796875
326200,-262.461377,200,72,5043.6125,0.5895333364605904,2739.752685546875
326400,-449.098869,200,99,10360.400000000001,0.648949146270752,2784.12109375
326600,-47.47406,200,48,5043.6125,0.5895333364605904,2739.752685546875
326800,-83.947416,200,38,10360.400000000001,0.648949146270752,2784.12109375
327000,110.221034,200,13,10354.112500000001,0.6502620130777359,2783.907470703125
327200,21.186333,200,35,5043.6125,0.5895333364605904,2739.752685546875
327400,29.227075,200,32,5043.6125,0.5895333364605904,2739.752685546875
327600,-58.151093,200,33,5043.6125,0.5895333364605904,2739.752685546875
327800,-62.608663,200,39,5043.6125,0.5895333364605904,2739.752685546875
328000,72.427543,200,21,10360.400000000001,0.648949146270752,2784.12109375
328200,34.19711,200,32,5043.6125,0.5895333364605904,2739.752685546875
328400,-124.791231,200,50,5043.6125,0.5895333364605904,2739.752685546875
328600,-264.844825,200,57,5043.6125,0.5895333364605904,2739.752685546875
328800,237.119627,200,1,10358.9296875,0.6492580473423004,2784.071044921875
329000,196.867987,200,2,10360.400000000001,0.648949146270752,2784.12109375
329200,-75.756297,200,42,5043.6125,0.5895333364605904,2739.752685546875
329400,-58.064348,200,38,9279.292187500001,0.7807297259569168,2756.632080078125
329600,225.603392,200,1,5043.6125,0.5895333364605904,2739.752685546875
329800,-370.034714,200,81,10360.400000000001,0.648949146270752,2784.12109375
330000,235.437394,200,0,10323.2171875,0.65641850233078,2782.873291015625
330200,-74.165717,200,42,6669.121875000001,0.5182377621531487,2748.247314453125
330400,138.569618,200,17,5043.6125,0.5895333364605904,2739.752685546875
330600,-455.783789,200,107,5045.25625,0.5896581709384918,2739.760498046875
330800,63.562219,200,28,6793.146875,0.528070330619812,2749.231689453125
331000,-268.066218,200,81,7131.418750000001,0.6115482375025749,2748.730712890625
331200,94.87152,200,24,7421.903125000001,0.6895854324102402,2746.556640625
331400,67.302956,200,22,5043.6125,0.5895333364605904,2739.752685546875
331600,252.595585,200,1,5043.6125,0.5895333364605904,2739.752685546875
331800,-402.948248,200,98,10358.421875,0.6493645161390305,2784.0537109375
332000,-73.317481,200,41,10360.3484375,0.6489595025777817,2784.119384765625
332200,-200.023769,200,63,8664.4625,0.8141200244426727,2747.74365234375
332400,51.411125,200,15,5043.6125,0.5895333364605904,2739.752685546875
332600,-182.071088,200,60,10360.400000000001,0.648949146270752,2784.12109375
332800,-113.656803,200,47,5043.6125,0.5895333364605904,2739.752685546875
333000,-101.01162,200,46,5043.6125,0.5895333364605904,2739.752685546875
333200,195.186615,200,2,10032.834375,0.7001786679029465,2774.2080078125
333400,120.114099,200,19,5045.690625,0.5896904319524765,2739.762451171875
333600,102.713564,200,20,7352.212500000001,0.6730068475008011,2747.025634765625
333800,-138.705687,200,45,10360.400000000001,0.648949146270752,2784.12109375
334000,-137.908931,200,52,5043.6125,0.5895333364605904,2739.752685546875
334200,5.238319,200,29,10360.400000000001,0.648949146270752,2784.12109375
334400,-2.726306,200,38,5043.6125,0.5895333364605904,2739.752685546875
334600,-116.2357,200,56,9635.6390625,0.7459679245948792,2764.1865234375
334800,-387.44124,200,91,9299.53125,0.778961181640625,2757.0205078125
335000,-48.710725,200,38,5043.6125,0.5895333364605904,2739.752685546875
335200,-447.728008,200,100,10347.853125000001,0.651547834277153,2783.69580078125
335400,139.347416,200,18,6641.171875,0.5171392112970352,2747.992919921875
335600,-97.513014,200,47,5043.6125,0.5895333364605904,2739.752685546875
335800,-115.949591,200,47,5043.610937500001,0.5895335227251053,2739.752685546875
336000,-85.538892,200,53,5043.6125,0.5895333364605904,2739.752685546875
336200,-314.945556,200,87,5043.6125,0.5895333364605904,2739.752685546875
336400,-291.173908,200,82,7577.900000000001,0.722389742732048,2745.67919921875
336600,-49.874975,200,45,6044.7484375,0.5413881689310074,2742.91552734375
336800,-169.941317,200,49,10360.400000000001,0.648949146270752,2784.12109375
337000,252.454968,200,1,10288.284375000001,0.6628545373678207,2781.736083984375
337200,-367.608643,200,86,10360.400000000001,0.648949146270752,2784.12109375
337400,272.797221,200,0,10330.971875000001,0.6549175828695297,2783.13037109375
337600,-198.680694,200,64,7274.931250000001,0.6530800461769104,2747.5947265625
337800,80.814018,200,27,5043.6125,0.5895333364605904,2739.752685546875
338000,-75.285192,200,52,5043.6125,0.5895333364605904,2739.752685546875
338200,77.297157,200,23,5043.6125,0.5895333364605904,2739.752685546875
338400,-48.718342,200,47,10360.400000000001,0.648949146270752,2784.12109375
338600,68.681383,200,30,7995.423437500001,0.784546360373497,2744.645751953125
338800,-124.695044,200,43,10360.400000000001,0.648949146270752,2784.12109375
339000,41.881579,200,26,9939.221875000001,0.7117234915494919,2771.69287109375
339200,-354.412204,200,92,10359.675000000001,0.6491014361381531,2784.0966796875
339400,-235.043615,200,75,5043.6125,0.5895333364605904,2739.752685546875
339600,226.607136,200,2,5043.6125,0.5895333364605904,2739.752685546875
339800,9.085503,200,28,10346.2546875,0.6518730521202087,2783.64208984375
340000,246.441177,200,1,9936.0078125,0.7121090590953827,2771.6083984375
340200,-263.933242,200,80,10051.385937500001,0.6978066265583038,2774.718994140625
340400,10.515259,200,38,10360.400000000001,0.648949146270752,2784.12109375
340600,-220.675808,200,66,5043.6125,0.5895333364605904,2739.752685546875
340800,182.657232,200,13,9438.5953125,0.7660579681396484,2759.827880859375
341000,-15.930258,200,33,5043.6125,0.5895333364605904,2739.752685546875
341200,-249.722594,200,69,5572.957812500001,0.5803518369793892,2741.044189453125
341400,236.491471,200,2,10179.010937500001,0.6803637742996216,2778.370361328125
341600,-11.390791,200,32,5044.825000000001,0.5896259099245071,2739.758544921875
341800,-87.047322,200,43,5043.6125,0.5895333364605904,2739.752685546875
342000,36.698414,200,20,10360.400000000001,0.648949146270752,2784.12109375
342200,184.542456,200,1,5043.6125,0.5895333364605904,2739.752685546875
342400,187.827217,200,3,9509.2078125,0.7590727508068085,2761.341064453125
342600,223.77307,200,2,5043.6125,0.5895333364605904,2739.752685546875
342800,-357.263378,200,85,5043.6125,0.5895333364605904,2739.752685546875
343000,189.409871,200,3,5043.6125,0.5895333364605904,2739.752685546875
343200,16.1684,200,34,5755.615625,0.5661241710186005,2741.5361328125
343400,-156.293684,200,54,9467.2265625,0.7632572948932648,2760.4345703125
343600,-8.820238,200,40,9172.7984375,0.7894974201917648,2754.680419921875
343800,-327.924346,200,87,9448.825,0.7650624960660934,2760.043701171875
344000,-36.013496,200,38,10360.400000000001,0.648949146270752,2784.12109375
344200,113.13321,200,20,5043.6125,0.5895333364605904,2739.752685546875
344400,122.284008,200,12,7299.928125,0.6597117334604263,2747.405517578125
344600,-150.363212,200,47,10360.400000000001,0.648949146270752,2784.12109375
344800,275.157023,200,0,10255.303125,0.6685023009777069,2780.691650390625
345000,-179.264072,200,59,9232.9203125,0.7846634089946747,2755.76318359375
345200,38.807323,200,32,5043.6125,0.5895333364605904,2739.752685546875
345400,-0.74839,200,34,10360.400000000001,0.648949146270752,2784.12109375
345600,219.462696,200,1,9461.682812500001,0.7638029754161835,2760.31640625
345800,116.547693,200,23,10360.400000000001,0.648949146270752,2784.12109375
346000,5.204931,200,29,5043.6125,0.5895333364605904,2739.752685546875
346200,256.862534,200,0,10360.400000000001,0.648949146270752,2784.12109375
346400,-68.451578,200,50,10358.698437500001,0.6493064016103745,2784.063232421875
346600,-735.610224,200,143,10360.400000000001,0.648949146270752,2784.12109375
346800,184.20548,200,3,10072.3125,0.6950902193784714,2775.301025390625
347000,-198.879442,200,68,9773.196875,0.7309465855360031,2767.470703125
347200,-182.046982,200,66,5043.6125,0.5895333364605904,2739.752685546875
347400,-142.993083,200,53,5054.7484375,0.5903442949056625,2739.8037109375
347600,-412.113846,200,95,5043.6125,0.5895333364605904,2739.752685546875
347800,-156.07866,200,56,5043.6125,0.5895333364605904,2739.752685546875
348000,-313.312434,200,79,5043.6125,0.5895333364605904,2739.752685546875
348200,-128.759504,200,50,6045.4046875,0.5413346365094185,2742.919921875
348400,-248.981059,200,75,5043.6125,0.5895333364605904,2739.752685546875
348600,50.695692,200,23,5043.6125,0.5895333364605904,2739.752685546875
348800,-223.68612,200,65,5043.6125,0.5895333364605904,2739.752685546875
349000,114.946195,200,13,10360.400000000001,0.648949146270752,2784.12109375
349200,-337.103779,200,90,5043.6125,0.5895333364605904,2739.752685546875
349400,-57.748001,200,41,10360.400000000001,0.648949146270752,2784.12109375
349600,258.381689,200,0,9992.6453125,0.7052147388458252,2773.115478515625
349800,88.665035,200,18,8612.7796875,0.8146143704652786,2747.26904296875
350000,-358.178588,200,85,5043.6125,0.5895333364605904,2739.752685546875
350200,-315.044708,200,80,8942.3046875,0.8046923577785492,2751.02734375
350400,-326.840378,200,80,9449.8421875,0.7649631053209305,2760.065185546875
350600,-343.36033,200,76,9374.2859375,0.7721779495477676,2758.5
350800,257.179166,200,0,5043.6125,0.5895333364605904,2739.752685546875
351000,207.277266,200,1,10360.400000000001,0.648949146270752,2784.12109375
351200,-129.879417,200,60,6702.4046875,0.5200198292732239,2748.538818359375
351400,163.171999,200,11,9992.6953125,0.7052084803581238,2773.11669921875
351600,249.75549,200,0,10359.534375000001,0.6491310894489288,2784.091796875
351800,267.159626,200,0,9332.653125,0.7760025560855865,2757.667236328125
352000,86.095077,200,25,5048.3578125,0.5898891016840935,2739.77490234375
352200,-14.806419,200,34,5043.6125,0.5895333364605904,2739.752685546875
352400,202.577591,200,1,10360.400000000001,0.648949146270752,2784.12109375
352600,102.02596,200,15,5050.646875,0.590054951608181,2739.785400390625
352800,75.72091,200,13,5043.6125,0.5895333364605904,2739.752685546875
353000,149.852447,200,16,9135.75,0.7923142611980438,2754.0390625
353200,26.139705,200,19,5043.6125,0.5895333364605904,2739.752685546875
353400,-107.66266,200,48,5043.6125,0.5895333364605904,2739.752685546875
353600,-406.253452,200,95,10262.282812500001,0.6673376262187958,2780.910400390625
353800,264.489402,200,0,10360.400000000001,0.648949146270752,2784.12109375
354000,-191.92639,200,60,5043.6125,0.5895333364605904,2739.752685546875
354200,-116.914685,200,43,5043.6125,0.5895333364605904,2739.752685546875
354400,93.621161,200,24,5043.6125,0.5895333364605904,2739.752685546875
354600,254.802153,200,2,5043.6125,0.5895333364605904,2739.752685546875
354800,-201.444426,200,69,7007.457812500001,0.5732693895697594,2749.540283203125
355000,-47.323942,200,42,5043.6125,0.5895333364605904,2739.752685546875
355200,243.252716,200,1,5043.6125,0.5895333364605904,2739.752685546875
355400,-50.054027,200,38,10360.400000000001,0.648949146270752,2784.12109375
355600,-21.722157,200,42,9536.0640625,0.7563497126102448,2761.93115234375
355800,-705.475617,200,146,5043.6125,0.5895333364605904,2739.752685546875
356000,-34.190707,200,46,9197.959375,0.7875126600265503,2755.12744140625
356200,-145.529183,200,55,10360.400000000001,0.648949146270752,2784.12109375
356400,190.241969,200,2,10360.400000000001,0.648949146270752,2784.12109375
356600,-162.602524,200,48,5043.6125,0.5895333364605904,2739.752685546875
356800,-180.556867,200,52,5043.6125,0.5895333364605904,2739.752685546875
357000,241.677575,200,1,5043.6125,0.5895333364605904,2739.752685546875
357200,42.86456,200,34,7065.246875000001,0.5909450724720955,2749.215087890625
357400,-328.397123,200,74,10360.400000000001,0.648949146270752,2784.12109375
357600,198.411921,200,1,10360.400000000001,0.648949146270752,2784.12109375
357800,193.416326,200,2,5047.3265625,0.589812882244587,2739.77001953125
358000,266.305717,200,0,6666.328125,0.5181124433875084,2748.22216796875
358200,247.326632,200,1,8800.964062500001,0.8108517527580261,2749.20166015625
358400,2.998706,200,30,5046.392187500001,0.5897431448101997,2739.765869140625
358600,178.640145,200,4,9089.6171875,0.7956350594758987,2753.268798828125
358800,228.026322,200,2,5046.285937500001,0.589735321700573,2739.765380859375
359000,-85.188938,200,47,5046.209375,0.5897300317883492,2739.764892578125
359200,10.089997,200,30,5043.6125,0.5895333364605904,2739.752685546875
359400,-692.814142,200,144,7418.400000000001,0.6887833029031754,2746.5791015625
359600,51.293188,200,26,5043.6125,0.5895333364605904,2739.752685546875
359800,80.891223,200,18,5043.6125,0.5895333364605904,2739.752685546875
360000,-184.300999,200,65,10355.5515625,0.6499633938074112,2783.956298828125
360200,1.187661,200,39,10333.6953125,0.6543832272291183,2783.22119140625
360400,175.092376,200,4,5043.6125,0.5895333364605904,2739.752685546875
360600,-44.368039,200,46,5046.2796875,0.5897350609302521,2739.765380859375
360800,106.437305,200,20,5043.6125,0.5895333364605904,2739.752685546875
361000,254.535371,200,0,5043.6125,0.5895333364605904,2739.752685546875
361200,252.233845,200,1,5043.6125,0.5895333364605904,2739.752685546875
361400,-255.812622,200,63,10360.400000000001,0.648949146270752,2784.12109375
361600,-830.166485,200,163,5043.6125,0.5895333364605904,2739.752685546875
361800,-33.710675,200,44,5046.098437500001,0.5897210165858269,2739.764404296875
362000,265.101114,200,0,8916.878125000001,0.8059942722320557,2750.67529296875
362200,140.314859,200,3,10360.400000000001,0.648949146270752,2784.12109375
362400,-101.335686,200,48,10360.400000000001,0.648949146270752,2784.12109375
362600,250.88651,200,1,6475.8984375,0.5164189636707306,2746.422119140625
362800,-244.096168,200,77,10324.900000000001,0.6560958921909332,2782.928955078125
363000,-169.314311,200,57,10360.400000000001,0.648949146270752,2784.12109375
363200,-313.633055,200,78,5043.6125,0.5895333364605904,2739.752685546875
363400,-292.946309,200,75,5043.6125,0.5895333364605904,2739.752685546875
363600,-394.211339,200,93,10360.400000000001,0.648949146270752,2784.12109375
363800,13.045354,200,37,5055.7296875,0.5904129520058632,2739.80810546875
364000,-395.201561,200,92,7834.434375000001,0.7647934556007385,2744.802978515625
364200,26.509745,200,34,5043.6125,0.5895333364605904,2739.752685546875
364400,123.291129,200,13,5043.6125,0.5895333364605904,2739.752685546875
364600,-423.966971,200,90,10360.400000000001,0.648949146270752,2784.12109375
364800,-89.542115,200,52,6642.251562500001,0.5171747878193855,2748.002685546875
365000,-72.322741,200,50,7789.379687500001,0.7583315670490265,2744.90283203125
365200,-312.484327,200,85,10360.400000000001,0.648949146270752,2784.12109375
365400,-606.520039,200,123,5043.6125,0.5895333364605904,2739.752685546875
365600,-321.092052,200,87,5043.6125,0.5895333364605904,2739.752685546875
365800,-417.514391,200,102,5043.6125,0.5895333364605904,2739.752685546875
366000,-582.753625,200,120,10360.400000000001,0.648949146270752,2784.12109375
366200,83.026146,200,25,9122.2828125,0.7933055609464645,2753.81103515625
366400,-27.986103,200,37,9161.6890625,0.7903556525707245,2754.486083984375
366600,-106.966304,200,48,6910.01875,0.5477054044604301,2749.707763671875
366800,-258.599493,200,76,10314.9609375,0.6579868495464325,2782.6015625
367000,31.436163,200,27,6981.556250000001,0.5657887831330299,2749.6376953125
367200,18.843992,200,28,5043.6125,0.5895333364605904,2739.752685546875
367400,-145.344816,200,58,5043.6125,0.5895333364605904,2739.752685546875
367600,-284.298883,200,80,5043.6125,0.5895333364605904,2739.752685546875
367800,10.850006,200,37,10360.400000000001,0.648949146270752,2784.12109375
368000,-75.546514,200,35,5043.6125,0.5895333364605904,2739.752685546875
368200,267.054806,200,1,5043.6125,0.5895333364605904,2739.752685546875
368400,202.291255,200,2,5046.4484375,0.589747466146946,2739.765869140625
368600,-274.921915,200,75,5043.6125,0.5895333364605904,2739.752685546875
368800,179.119614,200,13,5043.6125,0.5895333364605904,2739.752685546875
369000,-187.27382,200,62,10360.400000000001,0.648949146270752,2784.12109375
369200,58.778746,200,28,10360.400000000001,0.648949146270752,2784.12109375
369400,-119.777555,200,50,10360.400000000001,0.648949146270752,2784.12109375
369600,255.431945,200,0,5043.6125,0.5895333364605904,2739.752685546875
369800,13.684142,200,29,10360.400000000001,0.648949146270752,2784.12109375
370000,258.896311,200,0,5043.6125,0.5895333364605904,2739.752685546875
370200,-168.044977,200,59,8934.073437500001,0.8051230013370514,2750.912353515625
370400,-243.214605,200,75,9365.834375,0.7729636877775192,2758.3291015625
370600,-279.627299,200,82,5047.2578125,0.589807815849781,2739.769775390625
370800,-28.509332,200,31,7549.8390625,0.716901496052742,2745.81884765625
371000,-16.453253,200,33,7348.421875,0.6720688939094543,2747.05224609375
371200,201.909416,200,1,8917.09375,0.8059835433959961,2750.67822265625
371400,129.440728,200,11,10360.400000000001,0.648949146270752,2784.12109375
371600,254.59766,200,0,9712.740625,0.7376424968242645,2766.00341796875
371800,-404.238704,200,87,10360.400000000001,0.648949146270752,2784.12109375
372000,-41.872588,200,46,8328.6703125,0.8093871921300888,2745.388427734375
372200,-140.642722,200,60,5046.65625,0.5897624418139458,2739.76708984375
372400,-10.696366,200,40,5043.6125,0.5895333364605904,2739.752685546875
372600,59.959942,200,27,9133.7015625,0.7924661785364151,2754.004150390625
372800,50.664578,200,23,5043.6125,0.5895333364605904,2739.752685546875
373000,14.65255,200,35,5043.6125,0.5895333364605904,2739.752685546875
373200,-10.296445,200,35,8702.903125,0.813482329249382,2748.1240234375
373400,-171.830697,200,63,10358.575,0.6493324041366577,2784.05908203125
373600,-474.952704,200,111,5043.6125,0.5895333364605904,2739.752685546875
373800,155.92048,200,16,8217.790625,0.8034602552652359,2744.9736328125
374000,-1.106153,200,39,9066.9,0.7971902936697006,2752.901123046875
374200,143.735304,200,3,5043.6125,0.5895333364605904,2739.752685546875
374400,-132.231888,200,61,5049.1078125,0.5899432301521301,2739.7783203125
374600,-97.57071,200,45,5043.837500000001,0.5895509198307991,2739.753662109375
374800,75.506793,200,27,5043.6125,0.5895333364605904,2739.752685546875
375000,193.809945,200,1,8315.6421875,0.8088082820177078,2745.330810546875
375200,-472.215212,200,110,5043.6125,0.5895333364605904,2739.752685546875
375400,-167.894614,200,56,8920.165625,0.8058308064937592,2750.72021484375
375600,247.439377,200,0,5043.6125,0.5895333364605904,2739.752685546875
375800,258.875222,200,0,5043.6125,0.5895333364605904,2739.752685546875
376000,-193.265949,200,62,8492.3671875,0.8140849322080612,2746.323974609375
376200,-355.862456,200,85,5043.6125,0.5895333364605904,2739.752685546875
376400,250.709888,200,1,8606.432812500001,0.8146455883979797,2747.21337890625
376600,234.245154,200,2,5050.115625,0.5900170281529427,2739.78271484375
376800,233.41005,200,2,5043.6125,0.5895333364605904,2739.752685546875
377000,-583.27417,200,113,10360.400000000001,0.648949146270752,2784.12109375
377200,-130.414183,200,51,5043.6125,0.5895333364605904,2739.752685546875
377400,-590.091189,200,120,5043.6125,0.5895333364605904,2739.752685546875
377600,147.991783,200,6,5043.6125,0.5895333364605904,2739.752685546875
377800,187.858198,200,1,8784.979687500001,0.8113762736320496,2749.015380859375
378000,-118.057414,200,50,5043.6125,0.5895333364605904,2739.752685546875
378200,-207.328652,200,68,5048.5765625,0.5899045243859291,2739.77587890625
378400,203.551124,200,1,9211.0171875,0.7864607125520706,2755.36279296875
378600,203.149036,200,2,5043.6125,0.5895333364605904,2739.752685546875
378800,-709.586597,200,139,8760.2484375,0.8121150732040405,2748.7353515625
379000,206.332109,200,1,5053.5234375,0.5902593210339546,2739.79833984375
379200,211.858624,200,1,10360.400000000001,0.648949146270752,2784.12109375
379400,190.516543,200,2,8742.903125,0.8125802129507065,2748.544921875
379600,-471.418365,200,95,5043.6125,0.5895333364605904,2739.752685546875
379800,-257.580108,200,65,10360.400000000001,0.648949146270752,2784.12109375
380000,96.155977,200,19,9032.93125,0.7994121313095093,2752.3662109375
380200,243.451918,200,0,10360.400000000001,0.648949146270752,2784.12109375
380400,230.446617,200,1,5043.6125,0.5895333364605904,2739.752685546875
380600,42.206172,200,23,5043.6125,0.5895333364605904,2739.752685546875
380800,56.90812,200,24,8865.487500000001,0.8083713054656982,2749.9951171875
381000,-22.846655,200,35,8922.384375,0.8057195693254471,2750.750732421875
381200,-286.855912,200,84,8975.690625000001,0.8028607070446014,2751.505615234375
381400,-125.92853,200,43,10360.400000000001,0.648949146270752,2784.12109375
381600,53.071274,200,22,5043.6125,0.5895333364605904,2739.752685546875
381800,-74.990202,200,47,10360.400000000001,0.648949146270752,2784.12109375
382000,-149.821413,200,61,8870.496875,0.8081548660993576,2750.0595703125
382200,-272.672019,200,80,5043.6125,0.5895333364605904,2739.752685546875
382400,-12.766349,200,39,10360.400000000001,0.648949146270752,2784.12109375
382600,-179.004183,200,65,9107.828125,0.7943495362997055,2753.569091796875
382800,-4.86959,200,23,10360.400000000001,0.648949146270752,2784.12109375
383000,-293.373026,200,76,5049.590625000001,0.5899788066744804,2739.780517578125
383200,-152.107773,200,53,5043.6125,0.5895333364605904,2739.752685546875
383400,-353.857391,200,81,8944.659375000001,0.8045675605535507,2751.060546875
383600,198.613582,200,2,8781.246875,0.8114936202764511,2748.972412109375
383800,-145.025466,200,61,5043.6125,0.5895333364605904,2739.752685546875
384000,-438.978878,200,99,8920.7859375,0.805799663066864,2750.728759765625
384200,-451.825054,200,106,10360.400000000001,0.648949146270752,2784.12109375
384400,218.093543,200,2,5043.6125,0.5895333364605904,2739.752685546875
384600,-192.396039,200,69,5043.6125,0.5895333364605904,2739.752685546875
384800,-315.434669,200,72,9051.8640625,0.7981891930103302,2752.662109375
385000,-295.335483,200,83,8647.434375,0.8143291622400284,2747.58251953125
385200,-11.323881,200,32,5043.6125,0.5895333364605904,2739.752685546875
385400,-194.061843,200,61,10360.400000000001,0.648949146270752,2784.12109375
385600,67.311235,200,19,8797.1546875,0.8109799772500992,2749.15673828125
385800,133.212017,200,14,9091.6703125,0.7954919338226318,2753.30224609375
386000,-189.975199,200,69,9285.578125,0.7801837474107742,2756.752197265625
386200,-230.505243,200,73,10360.400000000001,0.648949146270752,2784.12109375
386400,236.668532,200,2,10360.400000000001,0.648949146270752,2784.12109375
386600,-171.414745,200,65,9041.5234375,0.7988621294498444,2752.5
386800,175.669631,200,2,10360.400000000001,0.648949146270752,2784.12109375
387000,-319.281684,200,88,8501.0828125,0.8142044395208359,2746.384765625
387200,-209.516513,200,63,5043.6125,0.5895333364605904,2739.752685546875
387400,-305.400303,200,78,10360.400000000001,0.648949146270752,2784.12109375
387600,4.702091,200,23,10360.400000000001,0.648949146270752,2784.12109375
387800,-156.313662,200,62,8844.315625000001,0.8092482388019562,2749.727294921875
388000,-563.40057,200,125,9843.60625,0.7229549437761307,2769.22607421875
388200,-76.399369,200,44,5043.6125,0.5895333364605904,2739.752685546875
388400,-216.756116,200,71,8865.9984375,0.8083494007587433,2750.001708984375
388600,187.729852,200,2,10360.400000000001,0.648949146270752,2784.12109375
388800,176.685695,200,9,5043.6125,0.5895333364605904,2739.752685546875
389000,-577.156106,200,126,5043.6125,0.5895333364605904,2739.752685546875
389200,29.534365,200,25,5043.6125,0.5895333364605904,2739.752685546875
389400,-288.28365,200,76,10360.400000000001,0.648949146270752,2784.12109375
389600,-151.182531,200,48,5043.6125,0.5895333364605904,2739.752685546875
389800,-142.337065,200,61,8842.3140625,0.8093281090259552,2749.702392578125
390000,-8.116803,200,33,9121.190625000001,0.7933851331472397,2753.79248046875
390200,-392.391178,200,98,8650.9921875,0.8142893016338348,2747.61572265625
390400,-187.446486,200,68,5043.6125,0.5895333364605904,2739.752685546875
390600,10.790121,200,36,8601.6921875,0.8146650344133377,2747.172607421875
390800,-66.009664,200,39,10360.400000000001,0.648949146270752,2784.12109375
391000,-514.343287,200,112,5043.6125,0.5895333364605904,2739.752685546875
391200,-57.087955,200,46,8834.53125,0.8096329867839813,2749.60595703125
391400,3.419954,200,30,5043.6125,0.5895333364605904,2739.752685546875
391600,-158.640505,200,55,5064.934375000001,0.5910218507051468,2739.8486328125
391800,-567.368403,200,118,5043.6125,0.5895333364605904,2739.752685546875
392000,133.226897,200,3,10360.400000000001,0.648949146270752,2784.12109375
392200,-99.110832,200,40,9129.853125,0.7927504926919937,2753.93896484375
392400,88.315543,200,25,5122.423437500001,0.5938005819916725,2740.071533203125
392600,47.042973,200,17,10360.400000000001,0.648949146270752,2784.12109375
392800,187.748478,200,2,8842.3765625,0.8093257248401642,2749.703125
393000,239.235118,200,1,5043.6125,0.5895333364605904,2739.752685546875
393200,119.146956,200,14,5043.6125,0.5895333364605904,2739.752685546875
393400,172.724157,200,4,5043.6125,0.5895333364605904,2739.752685546875
393600,-36.854025,200,46,8866.8765625,0.8083116263151169,2750.012939453125
393800,200.639527,200,2,5043.6125,0.5895333364605904,2739.752685546875
394000,-135.233356,200,39,5043.6125,0.5895333364605904,2739.752685546875
394200,-166.69313,200,56,5043.6125,0.5895333364605904,2739.752685546875
394400,70.271458,200,21,8203.765625,0.8025471866130829,2744.93359375
394600,216.548895,200,3,5043.6125,0.5895333364605904,2739.752685546875
394800,-83.836169,200,43,5043.6125,0.5895333364605904,2739.752685546875
395000,41.944944,200,29,8618.1390625,0.8145824074745178,2747.316162109375
395200,-337.378279,200,83,8657.465625,0.814211443066597,2747.6767578125
395400,-73.230363,200,36,10355.3125,0.6500129401683807,2783.9482421875
395600,36.718554,200,24,10360.400000000001,0.648949146270752,2784.12109375
395800,-14.858856,200,40,5043.6125,0.5895333364605904,2739.752685546875
396000,-11.738883,200,38,5043.6125,0.5895333364605904,2739.752685546875
396200,264.72846,200,1,8131.4296875,0.7972464710474014,2744.7685546875
396400,11.151136,200,38,5043.6125,0.5895333364605904,2739.752685546875
396600,-256.686988,200,71,10360.400000000001,0.648949146270752,2784.12109375
396800,-138.166618,200,57,5043.6125,0.5895333364605904,2739.752685546875
397000,-371.483305,200,80,8798.604687500001,0.8109313249588013,2749.173828125
397200,-210.459904,200,63,5043.6125,0.5895333364605904,2739.752685546875
397400,-65.911451,200,46,5043.6125,0.5895333364605904,2739.752685546875
397600,-301.376931,200,79,9294.2578125,0.7794248312711716,2756.918701171875
397800,210.039817,200,1,9527.6734375,0.7572041451931,2761.74609375
398000,251.348097,200,0,9414.2671875,0.7684019207954407,2759.319580078125
398200,-176.380823,200,58,5043.6125,0.5895333364605904,2739.752685546875
398400,12.729011,200,39,5043.6125,0.5895333364605904,2739.752685546875
398600,143.650389,200,3,8822.171875,0.8100998401641846,2749.455078125
398800,82.246465,200,21,9066.43125,0.7972218096256256,2752.8935546875
399000,12.497482,200,30,5043.6125,0.5895333364605904,2739.752685546875
399200,184.387561,200,3,8999.0984375,0.8014965057373047,2751.851318359375
399400,232.927554,200,1,5043.6125,0.5895333364605904,2739.752685546875
399600,79.332615,200,21,8683.440625000001,0.8138334006071091,2747.928466796875
399800,-79.557935,200,50,8912.959375,0.8061878383159637,2750.621826171875
400000,-429.041884,200,95,9407.7265625,0.7690264284610748,2759.184326171875
400200,-569.874757,200,126,5043.6125,0.5895333364605904,2739.752685546875
400400,206.395084,200,1,10360.400000000001,0.648949146270752,2784.12109375
400600,211.814312,200,1,9367.6765625,0.7727929204702377,2758.366455078125
400800,155.346485,200,2,9400.4703125,0.7697159796953201,2759.03466796875
401000,-282.158691,200,79,5043.6125,0.5895333364605904,2739.752685546875
401200,-78.36813,200,42,9247.2734375,0.7834640890359879,2756.029052734375
401400,-610.464931,200,131,10359.025000000001,0.6492380797863007,2784.074462890625
401600,-430.343002,200,90,10360.400000000001,0.648949146270752,2784.12109375
401800,-239.223945,200,67,9273.4828125,0.7812317460775375,2756.521728515625
402000,-297.630208,200,76,5044.618750000001,0.5896096676588058,2739.757568359375
402200,27.004481,200,28,9201.95,0.7871927320957184,2755.198974609375
402400,-246.612424,200,70,5043.6125,0.5895333364605904,2739.752685546875
402600,-346.639549,200,76,10360.400000000001,0.648949146270752,2784.12109375
402800,208.95965,200,2,10360.400000000001,0.648949146270752,2784.12109375
403000,-350.50694,200,91,9262.6578125,0.7821601629257202,2756.31689453125
403200,190.629633,200,2,5043.6125,0.5895333364605904,2739.752685546875
403400,197.277559,200,5,5043.6125,0.5895333364605904,2739.752685546875
403600,-207.80966,200,56,9225.725,0.7852581143379211,2755.630859375
403800,152.899096,200,16,9307.365625,0.778268352150917,2757.172119140625
404000,180.91502,200,3,10360.400000000001,0.648949146270752,2784.12109375
404200,-467.603332,200,110,5043.6125,0.5895333364605904,2739.752685546875
404400,204.0779,200,2,9190.4265625,0.7881128042936325,2754.99267578125
404600,206.883476,200,1,10360.400000000001,0.648949146270752,2784.12109375
404800,-4.601278,200,38,9213.4046875,0.7862668484449387,2755.40625
405000,204.243679,200,1,5043.6125,0.5895333364605904,2739.752685546875
405200,191.902804,200,2,5043.6125,0.5895333364605904,2739.752685546875
405400,-141.692502,200,55,9200.178125,0.7873350381851196,2755.167236328125
405600,152.967764,200,2,10360.400000000001,0.648949146270752,2784.12109375
405800,-39.621301,200,36,10360.400000000001,0.648949146270752,2784.12109375
406000,-324.846271,200,82,9309.2171875,0.7781040668487549,2757.208251953125
406200,-332.357108,200,89,5043.6125,0.5895333364605904,2739.752685546875
406400,87.49744,200,21,9152.434375,0.7910619676113129,2754.325439453125
406600,17.403719,200,37,9072.1328125,0.7968367636203766,2752.985107421875
406800,27.803731,200,27,9222.9828125,0.785483792424202,2755.58056640625
407000,-233.986532,200,58,5043.6125,0.5895333364605904,2739.752685546875
407200,-86.857383,200,43,9231.0515625,0.7848182320594788,2755.728759765625
407400,143.01925,200,18,9371.0796875,0.7724765688180923,2758.43505859375
407600,152.0945,200,15,9057.1,0.7978441566228867,2752.7451171875
407800,115.761288,200,19,8964.9421875,0.8034653961658478,2751.349609375
408000,149.26106,200,8,5043.6125,0.5895333364605904,2739.752685546875
408200,190.387974,200,1,5043.6125,0.5895333364605904,2739.752685546875
408400,-93.272991,200,54,5043.6125,0.5895333364605904,2739.752685546875
408600,-237.684002,200,69,10360.400000000001,0.648949146270752,2784.12109375
408800,-128.076428,200,45,10360.400000000001,0.648949146270752,2784.12109375
409000,200.425769,200,1,5043.6125,0.5895333364605904,2739.752685546875
409200,135.490242,200,11,10360.400000000001,0.648949146270752,2784.12109375
409400,-67.039796,200,41,9121.4375,0.7933672517538071,2753.796630859375
409600,197.440245,200,1,10360.400000000001,0.648949146270752,2784.12109375
409800,-97.199558,200,44,10360.400000000001,0.648949146270752,2784.12109375
410000,264.878315,200,0,9142.4359375,0.7918155938386917,2754.1533203125
410200,-155.849866,200,48,5043.6125,0.5895333364605904,2739.752685546875
410400,82.883154,200,26,9096.7890625,0.79513318836689,2753.386474609375
410600,-265.445442,200,78,10015.796875,0.7023297995328903,2773.7421875
410800,-93.930556,200,45,5043.6125,0.5895333364605904,2739.752685546875
411000,-199.532155,200,60,5043.6125,0.5895333364605904,2739.752685546875
411200,-90.548755,200,46,9049.540625,0.7983414083719254,2752.62548828125
411400,98.873888,200,24,5043.6125,0.5895333364605904,2739.752685546875
411600,65.276547,200,20,10360.400000000001,0.648949146270752,2784.12109375
411800,12.664342,200,35,10098.94375,0.6915631145238876,2776.05078125
412000,108.616551,200,24,10140.657812500001,0.6858541816473007,2777.24609375
412200,259.641203,200,0,10121.346875000001,0.6885276734828949,2776.689208984375
412400,-237.70264,200,62,9030.159375000001,0.7995878159999847,2752.323486328125
412600,-123.618537,200,49,9113.515625,0.793941468000412,2753.663818359375
412800,-20.878496,200,33,5043.6125,0.5895333364605904,2739.752685546875
413000,220.573298,200,5,5043.6125,0.5895333364605904,2739.752685546875
413200,-360.680589,200,85,5043.6125,0.5895333364605904,2739.752685546875
413400,6.080894,200,34,5050.434375000001,0.5900396406650543,2739.784423828125
413600,147.689114,200,3,10360.400000000001,0.648949146270752,2784.12109375
413800,-186.63791,200,60,8784.0984375,0.8114040642976761,2749.005126953125
414000,-189.05012,200,60,5043.6125,0.5895333364605904,2739.752685546875
414200,143.442451,200,14,5043.6125,0.5895333364605904,2739.752685546875
414400,-177.582976,200,50,5043.6125,0.5895333364605904,2739.752685546875
414600,265.670733,200,0,5051.618750000001,0.5901240557432175,2739.789794921875
414800,242.971515,200,2,5043.6125,0.5895333364605904,2739.752685546875
415000,-385.385251,200,85,10360.400000000001,0.648949146270752,2784.12109375
415200,-70.840375,200,35,5043.6125,0.5895333364605904,2739.752685546875
415400,-228.135637,200,73,5043.6125,0.5895333364605904,2739.752685546875
415600,184.29404,200,3,5043.6125,0.5895333364605904,2739.752685546875
415800,241.499492,200,1,10131.34375,0.6871508806943893,2776.976806640625
416000,-179.578515,200,65,10360.400000000001,0.648949146270752,2784.12109375
416200,-389.314466,200,94,5043.6125,0.5895333364605904,2739.752685546875
416400,218.914421,200,0,5043.6125,0.5895333364605904,2739.752685546875
416600,133.559096,200,13,5043.6125,0.5895333364605904,2739.752685546875
416800,-176.579478,200,58,5043.6125,0.5895333364605904,2739.752685546875
417000,-183.302958,200,66,9236.9234375,0.784330815076828,2755.8369140625
417200,-254.590137,200,70,10360.400000000001,0.648949146270752,2784.12109375
417400,-665.105149,200,139,5043.6125,0.5895333364605904,2739.752685546875
417600,-203.140599,200,69,5043.6125,0.5895333364605904,2739.752685546875
417800,236.019392,200,0,5043.6125,0.5895333364605904,2739.752685546875
418000,-278.491879,200,65,5043.6125,0.5895333364605904,2739.752685546875
418200,-67.27171,200,41,5043.6125,0.5895333364605904,2739.752685546875
418400,-507.112275,200,109,10360.3953125,0.6489499658346176,2784.12109375
418600,114.565032,200,4,5043.6125,0.5895333364605904,2739.752685546875
418800,-161.857744,200,49,10360.400000000001,0.648949146270752,2784.12109375
419000,-603.041294,200,128,8501.5453125,0.8142103999853134,2746.38818359375
419200,-197.66894,200,70,9088.953125,0.7956814765930176,2753.2578125
419400,73.990883,200,17,10360.400000000001,0.648949146270752,2784.12109375
419600,-47.76121,200,45,8497.4390625,0.814155787229538,2746.359130859375
419800,-414.991558,200,94,5043.6125,0.5895333364605904,2739.752685546875
420000,211.240483,200,1,10151.650000000001,0.6843068450689316,2777.565673828125
420200,67.943103,200,22,10360.400000000001,0.648949146270752,2784.12109375
420400,-270.240032,200,79,5043.6125,0.5895333364605904,2739.752685546875
420600,-204.065295,200,62,8513.678125,0.8143540471792221,2746.474853515625
420800,-226.083447,200,71,8759.8484375,0.8121264725923538,2748.73095703125
421000,272.021454,200,0,5069.803125,0.5913242697715759,2739.869384765625
421200,-252.248675,200,69,5043.6125,0.5895333364605904,2739.752685546875
421400,239.60557,200,1,5074.83125,0.5916227772831917,2739.890625
421600,-105.933601,200,55,8707.240625,0.8133959770202637,2748.16845703125
421800,6.351721,200,25,8434.737500000001,0.8129675686359406,2745.949462890625
422000,105.285201,200,12,10360.400000000001,0.648949146270752,2784.12109375
422200,-2.777031,200,37,5043.6125,0.5895333364605904,2739.752685546875
422400,-95.393874,200,46,9958.803125,0.7093600183725357,2772.21044921875
422600,35.07625,200,30,7866.892187500001,0.7691933214664459,2744.745849609375
422800,-111.517619,200,48,8691.240625,0.8136995881795883,2748.006103515625
423000,-61.720087,200,49,7845.3046875,0.7662905007600784,2744.782470703125
423200,164.016346,200,7,5043.6125,0.5895333364605904,2739.752685546875
423400,-210.637546,200,70,8811.4296875,0.8104885369539261,2749.32568359375
423600,-359.009388,200,94,5043.6125,0.5895333364605904,2739.752685546875
423800,-45.593696,200,37,10360.400000000001,0.648949146270752,2784.12109375
424000,239.511801,200,1,5043.6125,0.5895333364605904,2739.752685546875
424200,-12.265066,200,40,8616.396875,0.8145934343338013,2747.30078125
424400,-139.247127,200,61,9972.112500000001,0.7077392935752869,2772.564697265625
424600,265.693978,200,0,8090.473437500001,0.7938007265329361,2744.7060546875
424800,-117.503342,200,41,10360.400000000001,0.648949146270752,2784.12109375
425000,-28.699371,200,43,10039.253125000001,0.6993616372346878,2774.38427734375
425200,144.968384,200,15,5043.6125,0.5895333364605904,2739.752685546875
425400,-242.541518,200,61,5043.6125,0.5895333364605904,2739.752685546875
425600,-59.953055,200,39,10360.400000000001,0.648949146270752,2784.12109375
425800,266.520614,200,0,5043.6125,0.5895333364605904,2739.752685546875
426000,-202.831818,200,63,5043.6125,0.5895333364605904,2739.752685546875
426200,-69.409596,200,50,5043.6125,0.5895333364605904,2739.752685546875
426400,-214.188137,200,70,5043.6125,0.5895333364605904,2739.752685546875
426600,-67.972447,200,42,8682.4515625,0.8138495683670044,2747.91845703125
426800,-211.881361,200,55,10360.400000000001,0.648949146270752,2784.12109375
427000,-391.921155,200,97,5043.6125,0.5895333364605904,2739.752685546875
427200,-268.987228,200,80,5043.6125,0.5895333364605904,2739.752685546875
427400,-145.428987,200,47,5043.6125,0.5895333364605904,2739.752685546875
427600,-34.21087,200,37,5043.6125,0.5895333364605904,2739.752685546875
427800,-259.090656,200,63,8793.8421875,0.8110897988080978,2749.1181640625
428000,-225.678896,200,59,10360.400000000001,0.648949146270752,2784.12109375
428200,-174.379873,200,65,5043.6125,0.5895333364605904,2739.752685546875
428400,185.36794,200,1,10360.390625,0.6489507853984833,2784.120849609375
428600,4.675967,200,35,5043.6125,0.5895333364605904,2739.752685546875
428800,61.899248,200,16,5043.6125,0.5895333364605904,2739.752685546875
429000,-75.584479,200,43,5104.796875,0.593123584985733,2740.00830078125
429200,-96.500362,200,44,10360.400000000001,0.648949146270752,2784.12109375
429400,121.51702,200,14,5043.6125,0.5895333364605904,2739.752685546875
429600,-87.129822,200,54,5066.634375000001,0.5911291390657425,2739.85595703125
429800,-224.911245,200,65,8613.190625000001,0.8146120607852936,2747.2724609375
430000,-273.27195,200,72,8798.542187500001,0.8109337091445923,2749.173095703125
430200,-356.394454,200,85,5043.6125,0.5895333364605904,2739.752685546875
430400,-127.919975,200,50,10360.400000000001,0.648949146270752,2784.12109375
430600,-75.631553,200,37,10360.400000000001,0.648949146270752,2784.12109375
430800,-245.171082,200,75,5043.6125,0.5895333364605904,2739.752685546875
431000,-112.275376,200,56,5043.6125,0.5895333364605904,2739.752685546875
431200,-315.941149,200,78,5043.6125,0.5895333364605904,2739.752685546875
431400,-13.70918,200,41,8661.4765625,0.8141601830720901,2747.715087890625
431600,-55.360608,200,40,10360.400000000001,0.648949146270752,2784.12109375
431800,-195.715174,200,54,10360.400000000001,0.648949146270752,2784.12109375
432000,-94.111498,200,50,10360.400000000001,0.648949146270752,2784.12109375
432200,-341.554268,200,78,10360.400000000001,0.648949146270752,2784.12109375
432400,-128.959724,200,44,5043.6125,0.5895333364605904,2739.752685546875
432600,-194.960897,200,62,8527.8640625,0.8144912123680115,2746.579345703125
432800,167.524841,200,13,10065.321875000001,0.6960026174783707,2775.10595703125
433000,126.19072,200,14,5043.6125,0.5895333364605904,2739.752685546875
433200,-75.703102,200,49,5043.6125,0.5895333364605904,2739.752685546875
433400,242.905019,200,1,5043.6125,0.5895333364605904,2739.752685546875
433600,244.294844,200,1,8765.5546875,0.8119642734527588,2748.794677734375
433800,97.154685,200,16,10360.400000000001,0.648949146270752,2784.12109375
434000,-85.143603,200,48,10360.400000000001,0.648949146270752,2784.12109375
434200,-445.390222,200,107,5043.6125,0.5895333364605904,2739.752685546875
434400,-357.336496,200,93,5043.6125,0.5895333364605904,2739.752685546875
434600,-246.267788,200,70,10360.400000000001,0.648949146270752,2784.12109375
434800,-154.616216,200,63,5043.6125,0.5895333364605904,2739.752685546875
435000,-63.253411,200,41,5043.6125,0.5895333364605904,2739.752685546875
435200,-380.323581,200,96,5043.6125,0.5895333364605904,2739.752685546875
435400,143.969124,200,16,5043.6125,0.5895333364605904,2739.752685546875
435600,-103.310145,200,45,5043.6125,0.5895333364605904,2739.752685546875
435800,173.50202,200,2,10360.3984375,0.64894899725914,2784.12109375
436000,-5.542859,200,40,8718.625,0.8131563663482666,2748.286376953125
436200,-191.673909,200,53,9033.8953125,0.7993508130311966,2752.381103515625
436400,43.203341,200,34,5043.6125,0.5895333364605904,2739.752685546875
436600,241.145419,200,1,9103.042187500001,0.7946909964084625,2753.48974609375
436800,-100.31079,200,45,5043.6125,0.5895333364605904,2739.752685546875
437000,239.14171,200,1,10095.665625000001,0.6920018792152405,2775.957763671875
437200,30.430666,200,26,10360.400000000001,0.648949146270752,2784.12109375
437400,-77.615095,200,51,5043.6125,0.5895333364605904,2739.752685546875
437600,77.989136,200,21,8420.921875,0.8126141875982285,2745.8671875
437800,231.833393,200,1,7914.9875,0.7753238081932068,2744.6845703125
438000,138.340966,200,19,5043.6125,0.5895333364605904,2739.752685546875
438200,243.499491,200,1,9316.6875,0.7774385064840317,2757.353759765625
438400,136.741174,200,5,5043.6125,0.5895333364605904,2739.752685546875
438600,-81.281568,200,46,10360.400000000001,0.648949146270752,2784.12109375
438800,-354.753891,200,77,5043.610937500001,0.5895335227251053,2739.752685546875
439000,-97.103443,200,51,5043.6125,0.5895333364605904,2739.752685546875
439200,269.782503,200,0,9118.3109375,0.7935946434736252,2753.744140625
439400,126.735679,200,4,10360.400000000001,0.648949146270752,2784.12109375
439600,237.807187,200,1,10360.400000000001,0.648949146270752,2784.12109375
439800,-60.102311,200,48,5043.610937500001,0.5895335227251053,2739.752685546875
440000,-47.970992,200,31,9637.334375,0.7457873970270157,2764.225830078125
440200,13.34961,200,37,7806.19375,0.760791078209877,2744.86279296875
440400,-131.548639,200,55,5043.610937500001,0.5895335227251053,2739.752685546875
440600,81.322906,200,13,9595.84375,0.7501688599586487,2763.272705078125
440800,-236.057618,200,66,9528.15625,0.7571549713611603,2761.756591796875
441000,-25.384966,200,35,8331.839062500001,0.8095236867666245,2745.40283203125
441200,-223.530787,200,59,10360.400000000001,0.648949146270752,2784.12109375
441400,4.620145,200,31,5043.6125,0.5895333364605904,2739.752685546875
441600,-199.507043,200,66,5043.6125,0.5895333364605904,2739.752685546875
441800,-210.479681,200,55,5043.6125,0.5895333364605904,2739.752685546875
442000,-225.934612,200,73,5043.6125,0.5895333364605904,2739.752685546875
442200,-419.622024,200,102,5043.610937500001,0.5895335227251053,2739.752685546875
442400,16.718863,200,27,10360.400000000001,0.648949146270752,2784.12109375
442600,-23.390219,200,43,5043.6125,0.5895333364605904,2739.752685546875
442800,201.275129,200,2,7788.403125000001,0.7581868022680283,2744.9052734375
443000,-269.439204,200,71,5043.6125,0.5895333364605904,2739.752685546875
443200,-37.951168,200,46,5043.6125,0.5895333364605904,2739.752685546875
443400,-209.69012,200,72,8006.907812500001,0.7857588678598404,2744.64697265625
443600,115.214195,200,13,7670.0421875,0.7392062991857529,2745.2802734375
443800,240.031195,200,2,10049.246875,0.6980819255113602,2774.659912109375
444000,-29.589951,200,37,10360.400000000001,0.648949146270752,2784.12109375
444200,-198.205161,200,62,5047.079687500001,0.5897942930459976,2739.76904296875
444400,-145.842911,200,60,5043.6125,0.5895333364605904,2739.752685546875
444600,-20.847651,200,36,10360.400000000001,0.648949146270752,2784.12109375
444800,-628.676411,200,133,5043.6125,0.5895333364605904,2739.752685546875
445000,261.72384,200,0,8087.418750000001,0.7935307919979095,2744.702392578125
445200,185.065302,200,3,10360.400000000001,0.648949146270752,2784.12109375
445400,202.991912,200,8,5043.6125,0.5895333364605904,2739.752685546875
445600,-157.132246,200,63,5043.6125,0.5895333364605904,2739.752685546875
445800,267.717405,200,0,10360.400000000001,0.648949146270752,2784.12109375
446000,-344.378954,200,83,10360.400000000001,0.648949146270752,2784.12109375
446200,-119.21395,200,48,5043.6125,0.5895333364605904,2739.752685546875
446400,197.241669,200,3,5043.6125,0.5895333364605904,2739.752685546875
446600,183.415416,200,3,10360.400000000001,0.648949146270752,2784.12109375
446800,-235.583118,200,69,9622.446875,0.7473678886890411,2763.8818359375
447000,245.192211,200,0,9497.25625,0.7602731883525848,2761.0810546875
447200,202.1308,200,1,7568.1828125,0.7205096632242203,2745.726806640625
447400,-454.371384,200,99,10360.400000000001,0.648949146270752,2784.12109375
447600,-66.811692,200,40,7758.298437500001,0.7536330819129944,2744.985595703125
447800,25.986893,200,36,5043.6125,0.5895333364605904,2739.752685546875
448000,-59.930165,200,35,5112.446875000001,0.5934349447488785,2740.0361328125
448200,-175.467769,200,51,8093.253125,0.7940451055765152,2744.709716796875
448400,-86.670053,200,44,9315.6265625,0.7775332033634186,2757.3330078125
448600,44.384212,200,33,10360.400000000001,0.648949146270752,2784.12109375
448800,259.578241,200,1,5043.6125,0.5895333364605904,2739.752685546875
449000,118.451821,200,4,9834.03125,0.7240545749664307,2768.984130859375
449200,-80.882938,200,44,9343.3453125,0.7750315964221954,2757.879150390625
449400,-331.654338,200,89,7841.285937500001,0.7657402008771896,2744.789794921875
449600,-291.838942,200,74,5043.6125,0.5895333364605904,2739.752685546875
449800,-128.473185,200,49,8068.3109375,0.7918011397123337,2744.681640625
450000,-184.645636,200,65,5043.6125,0.5895333364605904,2739.752685546875
450200,255.952034,200,1,10357.868750000001,0.6494796276092529,2784.03515625
450400,65.537229,200,28,5043.6125,0.5895333364605904,2739.752685546875
450600,-116.356593,200,51,5043.6125,0.5895333364605904,2739.752685546875
450800,-253.150295,200,71,10339.734375,0.6531861424446106,2783.4228515625
451000,-156.361506,200,52,5043.6125,0.5895333364605904,2739.752685546875
451200,-202.326549,200,66,5043.6125,0.5895333364605904,2739.752685546875
451400,-513.206872,200,102,10360.400000000001,0.648949146270752,2784.12109375
451600,11.969736,200,36,8930.465625,0.8053087443113327,2750.862060546875
451800,212.529074,200,1,5044.567187500001,0.5896063521504402,2739.757080078125
452000,-367.029368,200,94,8749.893750000001,0.8123984932899475,2748.62109375
452200,-357.0444,200,93,9725.487500000001,0.7362432032823563,2766.309814453125
452400,119.809821,200,5,5043.6125,0.5895333364605904,2739.752685546875
452600,-201.158865,200,62,5043.6125,0.5895333364605904,2739.752685546875
452800,-59.658535,200,32,10360.400000000001,0.648949146270752,2784.12109375
453000,-140.750828,200,54,5047.0,0.5897890031337738,2739.7685546875
453200,-107.249946,200,40,5043.6125,0.5895333364605904,2739.752685546875
453400,245.104357,200,1,8681.9703125,0.813857689499855,2747.913818359375
453600,238.521633,200,2,8449.384375,0.8133058249950409,2746.0400390625
453800,84.261484,200,27,8645.8265625,0.8143468201160431,2747.567626953125
454000,-352.236762,200,92,5043.6125,0.5895333364605904,2739.752685546875
454200,-271.167759,200,74,5043.6125,0.5895333364605904,2739.752685546875
454400,-190.456706,200,61,5046.425,0.5897452682256699,2739.765869140625
454600,-106.118642,200,48,7402.9484375,0.6852025538682938,2746.6796875
454800,29.720451,200,33,10359.587500000001,0.6491197645664215,2784.093505859375
455000,184.88902,200,3,5043.6125,0.5895333364605904,2739.752685546875
455200,-50.681919,200,25,10360.400000000001,0.648949146270752,2784.12109375
455400,-45.916086,200,31,10357.876562500001,0.6494780629873276,2784.035400390625
455600,63.279145,200,28,9319.16875,0.7772162556648254,2757.40234375
455800,193.373323,200,10,5043.6125,0.5895333364605904,2739.752685546875
456000,192.700096,200,1,10360.400000000001,0.648949146270752,2784.12109375
456200,257.123944,200,1,5047.259375000001,0.5898081511259079,2739.769775390625
456400,-180.997975,200,57,5043.6125,0.5895333364605904,2739.752685546875
456600,-273.169363,200,66,5043.6125,0.5895333364605904,2739.752685546875
456800,198.69204,200,3,9175.0375,0.7893233001232147,2754.719970703125
457000,-361.337332,200,81,10359.4609375,0.6491465121507645,2784.089111328125
457200,38.792008,200,33,9110.1390625,0.7941842079162598,2753.607421875
457400,-48.845458,200,41,10360.400000000001,0.648949146270752,2784.12109375
457600,-150.517615,200,48,10360.400000000001,0.648949146270752,2784.12109375
457800,-299.588589,200,76,10360.400000000001,0.648949146270752,2784.12109375
458000,-655.538596,200,125,5043.6125,0.5895333364605904,2739.752685546875
458200,-73.60131,200,43,8720.8875,0.8131065219640732,2748.31005859375
458400,44.246729,200,30,5043.6125,0.5895333364605904,2739.752685546875
458600,-56.005267,200,31,10360.400000000001,0.648949146270752,2784.12109375
458800,77.777428,200,20,5043.6125,0.5895333364605904,2739.752685546875
459000,127.958325,200,20,5043.6125,0.5895333364605904,2739.752685546875
459200,-98.233433,200,53,5043.6125,0.5895333364605904,2739.752685546875
459400,3.735222,200,38,8367.165625,0.8109186589717865,2745.5732421875
459600,-187.782555,200,59,5043.6125,0.5895333364605904,2739.752685546875
459800,252.324189,200,1,5043.6125,0.5895333364605904,2739.752685546875
460000,28.679637,200,20,8499.953125,0.814189612865448,2746.376953125
460200,-400.477038,200,100,5043.6125,0.5895333364605904,2739.752685546875
460400,176.12933,200,3,9831.682812500001,0.7243237644433975,2768.925048828125
460600,-286.266175,200,83,5043.6125,0.5895333364605904,2739.752685546875
460800,56.048343,200,29,5043.6125,0.5895333364605904,2739.752685546875
461000,-200.207942,200,61,10359.9265625,0.6490486115217209,2784.10498046875
461200,233.126258,200,1,5043.6125,0.5895333364605904,2739.752685546875
461400,-210.451776,200,62,5043.6125,0.5895333364605904,2739.752685546875
461600,192.337758,200,2,10359.9109375,0.6490518897771835,2784.1044921875
461800,-102.079922,200,47,9262.2265625,0.782197043299675,2756.308837890625
462000,-350.820536,200,91,10360.400000000001,0.648949146270752,2784.12109375
462200,-586.352673,200,113,10360.400000000001,0.648949146270752,2784.12109375
462400,-84.243415,200,43,10360.400000000001,0.648949146270752,2784.12109375
462600,233.140122,200,1,5043.6125,0.5895333364605904,2739.752685546875
462800,-125.529606,200,50,10359.829687500001,0.6490689516067505,2784.101806640625
463000,-201.831177,200,62,10360.0828125,0.6490161269903183,2784.1103515625
463200,-3.618605,200,25,8708.5125,0.8133703470230103,2748.181396484375
463400,-509.302587,200,108,7885.6796875,0.7716437429189682,2744.718505859375
463600,-36.341483,200,45,8585.5328125,0.814702957868576,2747.035400390625
463800,-123.218014,200,41,5043.610937500001,0.5895335227251053,2739.752685546875
464000,-74.342158,200,50,8471.206250000001,0.8137410879135132,2746.1806640625
464200,-7.297209,200,37,5043.6125,0.5895333364605904,2739.752685546875
464400,-14.016331,200,34,10360.3984375,0.64894899725914,2784.12109375
464600,79.053998,200,25,10360.3984375,0.64894899725914,2784.12109375
464800,-541.227763,200,113,10347.46875,0.6516262143850327,2783.682861328125
465000,-301.861124,200,85,5045.034375,0.5896418914198875,2739.75927734375
465200,-458.547674,200,107,5043.610937500001,0.5895335227251053,2739.752685546875
465400,182.76425,200,2,8982.510937500001,0.8024699985980988,2751.60546875
465600,-206.36788,200,71,5043.610937500001,0.5895335227251053,2739.752685546875
465800,-224.713391,200,73,5045.3078125,0.5896621942520142,2739.7607421875
466000,256.935564,200,1,5043.610937500001,0.5895335227251053,2739.752685546875
466200,13.192487,200,29,8481.640625,0.8139199763536453,2746.250244140625
466400,-238.211117,200,75,10360.1296875,0.6490058451890945,2784.112060546875
466600,-7.584661,200,35,5043.6125,0.5895333364605904,2739.752685546875
466800,65.442363,200,25,5043.6125,0.5895333364605904,2739.752685546875
467000,-48.866689,200,46,10345.589062500001,0.652008131146431,2783.61962890625
467200,32.5546,200,35,8322.4625,0.809115469455719,2745.360595703125
467400,97.542767,200,21,5043.6125,0.5895333364605904,2739.752685546875
467600,-85.604079,200,44,5043.6125,0.5895333364605904,2739.752685546875
467800,133.31913,200,14,5043.6125,0.5895333364605904,2739.752685546875
468000,18.445689,200,34,10360.3984375,0.64894899725914,2784.12109375
468200,-62.837636,200,43,5043.6125,0.5895333364605904,2739.752685546875
468400,-692.298657,200,144,5043.6125,0.5895333364605904,2739.752685546875
468600,192.372243,200,2,10360.400000000001,0.648949146270752,2784.12109375
468800,-332.108751,200,75,10360.400000000001,0.648949146270752,2784.12109375
469000,65.892863,200,23,5043.6125,0.5895333364605904,2739.752685546875
469200,15.075601,200,37,5043.6125,0.5895333364605904,2739.752685546875
469400,-53.863772,200,49,8400.784375000001,0.81203892827034,2745.751953125
469600,-65.697827,200,49,5043.6125,0.5895333364605904,2739.752685546875
469800,190.912903,200,2,5043.6125,0.5895333364605904,2739.752685546875
470000,-307.002798,200,78,5043.6125,0.5895333364605904,2739.752685546875
470200,163.807298,200,12,5043.6125,0.5895333364605904,2739.752685546875
470400,267.530234,200,0,5043.6125,0.5895333364605904,2739.752685546875
470600,-38.349647,200,45,5043.6125,0.5895333364605904,2739.752685546875
470800,214.205982,200,1,10360.3984375,0.64894899725914,2784.12109375
471000,193.644642,200,2,10360.3984375,0.64894899725914,2784.12109375
471200,119.973795,200,4,10360.3984375,0.64894899725914,2784.12109375
471400,229.825789,200,1,8739.4765625,0.8126668632030487,2748.5078125
471600,-2.068541,200,33,10360.3984375,0.64894899725914,2784.12109375
471800,129.602762,200,20,5046.653125000001,0.5897628143429756,2739.766845703125
472000,11.914109,200,30,10359.3484375,0.6491699069738388,2784.08544921875
472200,233.630022,200,1,8015.3671875,0.7866350561380386,2744.648681640625
472400,106.046407,200,21,10359.1859375,0.6492043286561966,2784.079833984375
472600,-435.614123,200,104,5043.6125,0.5895333364605904,2739.752685546875
472800,192.741484,200,2,8701.134375,0.8135166019201279,2748.10595703125
473000,157.834427,200,10,5043.6125,0.5895333364605904,2739.752685546875
473200,-375.240637,200,94,5043.6125,0.5895333364605904,2739.752685546875
473400,180.781968,200,2,5045.892187500001,0.5897065252065659,2739.763427734375
473600,-257.080342,200,68,5045.551562500001,0.5896806716918945,2739.76171875
473800,-238.981833,200,74,5043.6125,0.5895333364605904,2739.752685546875
474000,-437.994835,200,98,5043.6125,0.5895333364605904,2739.752685546875
474200,-362.383193,200,88,8766.965625,0.8119233697652817,2748.810546875
474400,-314.2496,200,79,10360.3984375,0.64894899725914,2784.12109375
474600,-175.346313,200,58,10358.1921875,0.6494124978780746,2784.046142578125
474800,196.828976,200,2,8527.6375,0.8144892752170563,2746.57763671875
475000,88.503242,200,19,10360.400000000001,0.648949146270752,2784.12109375
475200,-1.461804,200,41,5043.6125,0.5895333364605904,2739.752685546875
475400,-71.641357,200,48,8850.66875,0.8089915663003922,2749.806884765625
475600,-119.609968,200,56,5043.6125,0.5895333364605904,2739.752685546875
475800,-307.508425,200,87,5043.6125,0.5895333364605904,2739.752685546875
476000,-38.083041,200,36,5043.6125,0.5895333364605904,2739.752685546875
476200,150.132761,200,16,10360.3984375,0.64894899725914,2784.12109375
476400,93.496793,200,24,8600.2328125,0.8146698027849197,2747.159912109375
476600,-291.870094,200,75,10360.400000000001,0.648949146270752,2784.12109375
476800,50.803781,200,31,5043.6125,0.5895333364605904,2739.752685546875
477000,-164.220034,200,62,5045.892187500001,0.5897065252065659,2739.763427734375
477200,128.448029,200,15,5043.6125,0.5895333364605904,2739.752685546875
477400,-156.843522,200,48,8463.3890625,0.8135946840047836,2746.12939453125
477600,-429.775074,200,96,5043.6125,0.5895333364605904,2739.752685546875
477800,124.435409,200,3,9621.3578125,0.7474832236766815,2763.856689453125
478000,-210.947009,200,71,8726.8171875,0.8129719644784927,2748.37255859375
478200,71.193338,200,28,10355.3359375,0.6500083208084106,2783.948974609375
478400,38.605816,200,35,5043.6125,0.5895333364605904,2739.752685546875
478600,-6.009095,200,33,5045.83125,0.5897011980414391,2739.76318359375
478800,-119.04915,200,50,10360.400000000001,0.648949146270752,2784.12109375
479000,267.395729,200,0,8683.665625,0.8138299733400345,2747.9306640625
479200,-69.287424,200,41,10360.3984375,0.64894899725914,2784.12109375
479400,18.811234,200,36,10355.3796875,0.6499989330768585,2783.950439453125
479600,192.58517,200,3,5043.6125,0.5895333364605904,2739.752685546875
479800,9.082106,200,26,8868.075,0.8082597702741623,2750.0283203125
480000,19.570558,200,27,5043.6125,0.5895333364605904,2739.752685546875
480200,50.462848,200,27,10360.400000000001,0.648949146270752,2784.12109375
480400,177.161699,200,4,5043.6125,0.5895333364605904,2739.752685546875
480600,5.703938,200,32,8568.042187500001,0.8146966248750687,2746.8916015625
480800,-386.403888,200,89,10360.400000000001,0.648949146270752,2784.12109375
481000,250.885558,200,0,8620.340625,0.8145681768655777,2747.335693359375
481200,-162.55048,200,65,5045.2921875,0.5896612629294395,2739.7607421875
481400,-11.658069,200,38,5043.6125,0.5895333364605904,2739.752685546875
481600,258.887597,200,1,10360.400000000001,0.648949146270752,2784.12109375
481800,-241.540579,200,74,5043.6125,0.5895333364605904,2739.752685546875
482000,58.226917,200,29,5045.7171875,0.5896920710802078,2739.7626953125
482200,-74.801147,200,36,10348.987500000001,0.6513163447380066,2783.734130859375
482400,260.20485,200,0,8842.4078125,0.8093243837356567,2749.70361328125
482600,248.089665,200,1,10360.400000000001,0.648949146270752,2784.12109375
482800,200.709807,200,1,8745.714062500001,0.8125079423189163,2748.575439453125
483000,264.660536,200,0,8733.953125,0.8128027617931366,2748.448486328125
483200,149.332166,200,2,8895.6640625,0.8070173114538193,2750.389404296875
483400,243.793598,200,0,10360.400000000001,0.648949146270752,2784.12109375
483600,-145.431228,200,55,10337.064062500001,0.6537177413702011,2783.33349609375
483800,-315.210166,200,78,5043.6125,0.5895333364605904,2739.752685546875
484000,-367.831774,200,92,5043.6125,0.5895333364605904,2739.752685546875
484200,-11.759955,200,34,5043.6125,0.5895333364605904,2739.752685546875
484400,263.608249,200,0,8710.471875000001,0.813329890370369,2748.20166015625
484600,-84.926461,200,36,5043.6125,0.5895333364605904,2739.752685546875
484800,105.226945,200,21,8916.0484375,0.8060353249311447,2750.6640625
485000,267.273964,200,0,10360.400000000001,0.648949146270752,2784.12109375
485200,-140.548593,200,55,5043.6125,0.5895333364605904,2739.752685546875
485400,243.122471,200,2,5043.615625,0.589534118771553,2739.752685546875
485600,239.312653,200,2,5043.6125,0.5895333364605904,2739.752685546875
485800,-64.731335,200,49,6630.5375,0.5168085172772408,2747.89453125
486000,-239.006579,200,68,9107.331250000001,0.7943851500749588,2753.560791015625
486200,-337.962919,200,76,10360.400000000001,0.648949146270752,2784.12109375
486400,121.700021,200,12,8674.831250000001,0.8139703422784805,2747.84375
486600,-45.646538,200,37,5043.6125,0.5895333364605904,2739.752685546875
486800,200.120811,200,1,10360.400000000001,0.648949146270752,2784.12109375
487000,121.277754,200,19,5043.6125,0.5895333364605904,2739.752685546875
487200,34.359405,200,33,8937.05625,0.8049676567316055,2750.953857421875
487400,250.221104,200,2,8945.401562500001,0.8045282959938049,2751.071044921875
487600,118.76677,200,16,10360.3984375,0.64894899725914,2784.12109375
487800,127.395215,200,19,5043.6125,0.5895333364605904,2739.752685546875
488000,21.01458,200,38,5043.6125,0.5895333364605904,2739.752685546875
488200,252.471613,200,0,5047.204687500001,0.5898041650652885,2739.76953125
488400,-330.191056,200,90,8747.4046875,0.8124636113643646,2748.59375
488600,249.564044,200,1,8773.065625000001,0.811743289232254,2748.879150390625
488800,-20.711527,200,42,10360.400000000001,0.648949146270752,2784.12109375
489000,-55.101608,200,32,5043.6125,0.5895333364605904,2739.752685546875
489200,167.024685,200,11,5051.984375,0.5901506543159485,2739.79150390625
489400,131.50631,200,10,5043.6125,0.5895333364605904,2739.752685546875
489600,-272.12219,200,79,5043.6125,0.5895333364605904,2739.752685546875
489800,-21.599168,200,35,5043.6125,0.5895333364605904,2739.752685546875
490000,-95.248511,200,45,5043.6125,0.5895333364605904,2739.752685546875
490200,226.668512,200,1,5043.6125,0.5895333364605904,2739.752685546875
490400,84.475105,200,12,10360.3984375,0.64894899725914,2784.12109375
490600,122.841478,200,4,10360.3984375,0.64894899725914,2784.12109375
490800,-265.88205,200,68,5043.6125,0.5895333364605904,2739.752685546875
491000,-111.933595,200,55,5979.8984375,0.546831414103508,2742.53271484375
491200,0.434989,200,37,6465.6125,0.51663838326931,2746.324462890625
491400,-7.286737,200,32,10360.400000000001,0.648949146270752,2784.12109375
491600,72.733861,200,26,8707.1796875,0.8133973926305771,2748.167724609375
491800,9.736013,200,37,10360.3640625,0.6489565968513489,2784.1201171875
492000,-61.80941,200,41,5043.6125,0.5895333364605904,2739.752685546875
492200,237.502244,200,2,9100.5640625,0.794866681098938,2753.44873046875
492400,-165.785256,200,56,5043.6125,0.5895333364605904,2739.752685546875
492600,-102.797677,200,54,8624.9,0.814536064863205,2747.376220703125
492800,241.910913,200,0,5929.4140625,0.5511711165308952,2742.264404296875
493000,-194.361003,200,68,5043.6125,0.5895333364605904,2739.752685546875
493200,-16.978867,200,22,10360.400000000001,0.648949146270752,2784.12109375
493400,-248.567348,200,68,5043.6125,0.5895333364605904,2739.752685546875
493600,246.323775,200,1,8862.53125,0.8084973692893982,2749.957275390625
493800,-37.783528,200,37,10134.271875,0.6867446750402451,2777.061279296875
494000,-42.52042,200,39,5960.578125,0.5484851077198982,2742.4267578125
494200,131.596254,200,11,5043.6125,0.5895333364605904,2739.752685546875
494400,-152.528286,200,47,8733.96875,0.8128024637699127,2748.44873046875
494600,-2.77678,200,29,9184.959375,0.7885453850030899,2754.8955078125
494800,32.27202,200,35,5043.6125,0.5895333364605904,2739.752685546875
495000,-187.33105,200,61,5043.6125,0.5895333364605904,2739.752685546875
495200,-215.222252,200,58,8813.6609375,0.8104091882705688,2749.352294921875
495400,-349.933832,200,86,10360.3984375,0.6489496678113937,2784.12109375
495600,-192.418439,200,59,5043.6125,0.5895333364605904,2739.752685546875
495800,-475.437016,200,105,8944.1265625,0.804595947265625,2751.052978515625
496000,242.410932,200,0,5043.6125,0.5895333364605904,2739.752685546875
496200,23.799548,200,28,10360.400000000001,0.648949146270752,2784.12109375
496400,-43.767167,200,30,8837.0203125,0.8095364272594452,2749.63671875
496600,-257.229941,200,78,5043.6125,0.5895333364605904,2739.752685546875
496800,251.161339,200,1,5831.017187500001,0.5596984922885895,2741.81640625
497000,-462.528189,200,107,5043.6125,0.5895333364605904,2739.752685546875
497200,-277.765945,200,80,8988.290625,0.8021344244480133,2751.690673828125
497400,-62.998846,200,46,5043.6125,0.5895333364605904,2739.752685546875
497600,242.756322,200,1,9039.465625,0.7989945262670517,2752.4677734375
497800,-15.272884,200,28,5043.6125,0.5895333364605904,2739.752685546875
498000,65.344288,200,28,5043.6125,0.5895333364605904,2739.752685546875
498200,-172.875463,200,64,8902.3125,0.806703120470047,2750.478271484375
498400,-67.981271,200,39,5043.6125,0.5895333364605904,2739.752685546875
498600,85.182008,200,17,5043.6125,0.5895333364605904,2739.752685546875
498800,195.400202,200,2,5789.4046875,0.5632677674293518,2741.6552734375
499000,243.023876,200,2,5043.6125,0.5895333364605904,2739.752685546875
499200,-324.466038,200,86,5043.6125,0.5895333364605904,2739.752685546875
499400,-462.790904,200,102,8864.34375,0.8084201812744141,2749.98046875
499600,233.305123,200,1,9192.0390625,0.7879848778247833,2755.021484375
499800,-261.152905,200,65,10204.0828125,0.6766211241483688,2779.1201171875
500000,182.44014,200,3,10360.400000000001,0.648949146270752,2784.12109375
