timestep,reward,length,violations,thrust,sfc,T4
200,212.174016,200,10,5116.75,0.5935987830162048,2740.0517578125
400,-466.534479,200,78,6003.900000000001,0.5447957664728165,2742.66943359375
600,-2451.558179,200,94,6380.301562500001,0.5193893983960152,2745.53076171875
800,-810.729501,200,69,7751.7640625,0.7526203989982605,2745.00439453125
1000,-1383.467097,200,93,5471.6953125,0.586836189031601,2740.847900390625
1200,-716.125336,200,69,5978.740625,0.5469304695725441,2742.5263671875
1400,-1639.673672,200,74,10067.182812500001,0.6957600265741348,2775.157958984375
1600,-1317.484266,200,68,9360.46875,0.7734597474336624,2758.22119140625
1800,-3056.970354,200,76,5660.032812500001,0.5738849192857742,2741.25
2000,-180.506733,200,66,5685.4765625,0.5718756839632988,2741.3193359375
2200,-463.921758,200,109,7303.2109375,0.6605688482522964,2747.381103515625
2400,-1005.170763,200,61,5943.475,0.5499567091464996,2742.33642578125
2600,-3553.415475,200,114,5269.6390625,0.594751313328743,2740.473388671875
2800,-882.390011,200,83,5107.28125,0.5932276323437691,2740.017333984375
3000,-3763.905893,200,131,5295.3125,0.5942300334572792,2740.527099609375
3200,-102.465417,200,56,9856.553125,0.7214613258838654,2769.55419921875
3400,-2513.68809,200,105,6719.840625000001,0.5211809277534485,2748.685302734375
3600,-695.532156,200,43,8461.84375,0.813564658164978,2746.119384765625
3800,-282.445042,200,85,10164.112500000001,0.6825276464223862,2777.9306640625
4000,-237.393204,200,74,10233.714062500001,0.6720107793807983,2780.022216796875
4200,-2495.254224,200,96,7768.329687500001,0.7551714032888412,2744.95751953125
4400,-1440.286564,200,57,5254.0859375,0.5949822068214417,2740.439208984375
4600,174.600213,200,16,7306.0765625,0.6613150984048843,2747.35986328125
4800,-420.468284,200,69,5695.970312500001,0.5710333585739136,2741.349365234375
5000,-1827.228738,200,107,7580.2734375,0.7228458672761917,2745.66796875
5200,-1268.469232,200,78,10086.1234375,0.6932713091373444,2775.6884765625
5400,-111.492938,200,61,10327.221875000001,0.6556472182273865,2783.005859375
5600,-450.088551,200,113,10179.393750000001,0.6803075969219208,2778.3818359375
5800,-71.624958,200,55,10344.714062500001,0.6521853059530258,2783.590087890625
6000,-219.854914,200,77,10217.526562500001,0.6745567917823792,2779.527099609375
6200,196.062304,200,5,10354.807812500001,0.6501175463199615,2783.93115234375
6400,67.625378,200,6,10349.465625,0.6512188166379929,2783.750244140625
6600,-123.654564,200,58,5273.673437500001,0.5946807563304901,2740.482177734375
6800,213.484836,200,10,8227.6296875,0.8040782809257507,2745.003662109375
7000,133.421408,200,14,10347.829687500001,0.6515529751777649,2783.695068359375
7200,117.575931,200,13,5804.4921875,0.5619791895151138,2741.7119140625
7400,204.988894,200,2,5364.8,0.5920367315411568,2740.658935546875
7600,-382.848215,200,89,5097.903125000001,0.5928191170096397,2739.982421875
7800,53.529857,200,32,10356.5234375,0.649760514497757,2783.9892578125
8000,77.669289,200,14,10357.1859375,0.6496226042509079,2784.01171875
8200,-178.694058,200,58,5865.9609375,0.5566748231649399,2741.96435546875
8400,32.753463,200,28,5323.532812500001,0.5934697017073631,2740.58251953125
8600,-252.038013,200,71,10346.298437500001,0.6518644839525223,2783.6435546875
8800,9.200508,200,38,7765.3984375,0.7547237724065781,2744.965576171875
9000,-72.876148,200,41,7596.903125000001,0.7260087877511978,2745.589599609375
9200,7.157084,200,34,6984.728125000001,0.5666835233569145,2749.62744140625
9400,197.693211,200,1,7933.8578125,0.7776034623384476,2744.668212890625
9600,-252.711594,200,71,8165.365625,0.7998576015233994,2744.837158203125
9800,-165.724529,200,66,7280.2734375,0.6545110791921616,2747.553955078125
10000,171.254573,200,3,5223.364062500001,0.5952351540327072,2740.366943359375
10200,-112.454171,200,50,5537.3671875,0.5827755853533745,2740.971435546875
10400,199.413706,200,1,7604.9375,0.7275142520666122,2745.552734375
10600,141.089511,200,4,9294.182812500001,0.7794313877820969,2756.917236328125
10800,248.493232,200,1,10251.0359375,0.6692066043615341,2780.55859375
11000,190.02192,200,2,8654.784375000001,0.8142445981502533,2747.6513671875
11200,-84.600905,200,28,5145.6515625,0.5944795161485672,2740.14892578125
11400,-267.933385,200,67,5048.864062500001,0.5899260193109512,2739.77734375
11600,166.520101,200,4,8697.885937500001,0.8135780692100525,2748.072998046875
11800,33.165836,200,27,10354.7484375,0.6501302123069763,2783.928955078125
12000,-137.091858,200,58,7514.1875,0.7096747308969498,2746.0078125
12200,277.770846,200,0,9953.334375,0.7100225239992142,2772.0654296875
12400,19.145723,200,35,8726.4625,0.8129800856113434,2748.36865234375
12600,38.067648,200,31,8920.00625,0.8058386296033859,2750.718017578125
12800,17.256624,200,27,5846.317187500001,0.5583768710494041,2741.8798828125
13000,170.812483,200,8,10353.346875000001,0.6504201889038086,2783.881591796875
13200,69.523696,200,26,7584.1078125,0.7235810160636902,2745.649658203125
13400,70.210901,200,26,10353.5296875,0.650382786989212,2783.8876953125
13600,-7.86602,200,30,10356.0078125,0.6498683243989944,2783.9716796875
13800,172.930223,200,10,9589.8890625,0.7507917284965515,2763.13720703125
14000,120.644686,200,17,6623.793750000001,0.5166219919919968,2747.83154296875
14200,147.987448,200,2,5495.390625,0.5854373797774315,2740.89111328125
14400,120.490833,200,3,10358.5984375,0.6493271887302399,2784.059814453125
14600,110.560081,200,13,5276.439062500001,0.5946297943592072,2740.488037109375
14800,214.010698,200,8,9717.3796875,0.7371339201927185,2766.11474609375
15000,-147.013529,200,43,10355.5515625,0.6499631702899933,2783.956298828125
15200,93.532253,200,19,5804.475,0.5619807168841362,2741.7119140625
15400,158.458218,200,8,5142.692187500001,0.5944054946303368,2740.1396484375
15600,131.876258,200,5,10126.782812500001,0.6877806782722473,2776.845458984375
15800,13.770215,200,19,8782.1421875,0.8114655315876007,2748.982666015625
16000,1.711145,200,33,5231.9171875,0.5951925739645958,2740.3876953125
16200,47.811617,200,22,9228.828125,0.7850022614002228,2755.687744140625
16400,151.534631,200,2,7411.504687500001,0.6871926039457321,2746.623779296875
16600,244.794206,200,2,8137.926562500001,0.7977636903524399,2744.780517578125
16800,98.756686,200,20,10351.564062500001,0.6507881730794907,2783.821044921875
17000,202.831447,200,2,9897.8734375,0.7166397571563721,2770.614013671875
17200,183.617696,200,7,7893.223437500001,0.7726071774959564,2744.708740234375
17400,-90.768532,200,42,6772.2375,0.5257424339652061,2749.089599609375
17600,76.33426,200,18,10350.464062500001,0.6510140001773834,2783.783935546875
17800,142.970887,200,4,10357.485937500001,0.6495600193738937,2784.02197265625
18000,-229.526607,200,57,10347.720312500001,0.6515749543905258,2783.69140625
18200,223.741592,200,1,6956.909375,0.5590806528925896,2749.696044921875
18400,193.278184,200,2,8696.0828125,0.8136119693517685,2748.0546875
18600,62.14319,200,12,10352.073437500001,0.6506829708814621,2783.83837890625
18800,192.863231,200,8,9288.321875,0.7799443602561951,2756.8046875
19000,104.781202,200,13,6295.595312500001,0.5235280469059944,2744.78271484375
19200,212.670155,200,1,9053.4734375,0.7980833202600479,2752.6875
19400,243.614478,200,0,5832.8890625,0.5595369637012482,2741.823974609375
19600,45.300191,200,22,5405.603125000001,0.5902855470776558,2740.7314453125
19800,230.027736,200,5,5565.595312500001,0.5808646231889725,2741.02880859375
20000,260.086329,200,0,8571.24375,0.8147015422582626,2746.917724609375
20200,104.678837,200,13,8589.065625000001,0.8146982640028,2747.065185546875
20400,-112.716934,200,42,5240.4640625,0.5951287224888802,2740.407958984375
20600,149.956422,200,7,8641.9703125,0.8143865317106247,2747.53173828125
20800,158.259348,200,11,9283.300000000001,0.7803817838430405,2756.70849609375
21000,173.449443,200,5,6532.8984375,0.5157043412327766,2746.967041015625
21200,183.90267,200,1,6961.228125000001,0.5602236092090607,2749.688232421875
21400,-62.917818,200,24,10344.595312500001,0.6522094458341599,2783.586181640625
21600,-21.73039,200,24,6370.25625,0.5198124796152115,2745.439697265625
21800,37.987347,200,28,8056.239062500001,0.790671780705452,2744.6708984375
22000,249.630335,200,1,10082.346875000001,0.6937707960605621,2775.582275390625
22200,67.698182,200,18,8301.3046875,0.8081348985433578,2745.27001953125
22400,38.839238,200,26,5278.1203125,0.5945982784032822,2740.491455078125
22600,113.389236,200,11,7223.909375,0.6389773637056351,2747.993408203125
22800,130.54294,200,16,10356.0359375,0.6498622894287109,2783.97265625
23000,1.001399,200,27,9896.923437500001,0.7167515903711319,2770.589599609375
23200,190.92495,200,1,10300.890625,0.6605906784534454,2782.142578125
23400,49.803809,200,13,6362.157812500001,0.5201685801148415,2745.36669921875
23600,153.034305,200,2,7927.957812500001,0.7768984884023666,2744.6728515625
23800,236.433527,200,1,8040.7265625,0.7891777902841568,2744.659912109375
24000,37.61591,200,23,7068.003125,0.5918065458536148,2749.19677734375
24200,272.15834,200,0,9807.4375,0.7270871102809906,2768.31787109375
24400,209.847098,200,4,10040.8875,0.699152946472168,2774.42919921875
24600,-88.432944,200,35,5444.221875,0.5883550271391869,2740.79931640625
24800,154.78041,200,12,6354.003125,0.5205382779240608,2745.29345703125
25000,93.14748,200,15,5864.579687500001,0.5567942559719086,2741.958251953125
25200,90.793268,200,14,5231.575000000001,0.5951947718858719,2740.38671875
25400,136.011851,200,12,9088.268750000001,0.79572893679142,2753.24658203125
25600,163.912567,200,10,5284.096875,0.5944785475730896,2740.50390625
25800,179.848795,200,3,6049.9015625,0.540965162217617,2742.947998046875
26000,135.135427,200,2,9344.303125,0.7749440521001816,2757.898193359375
26200,83.238408,200,9,5640.220312500001,0.5754151940345764,2741.19921875
26400,137.461646,200,4,6020.189062500001,0.5434267967939377,2742.765625
26600,136.748445,200,6,5906.934375000001,0.553119033575058,2742.153564453125
26800,165.482491,200,4,10348.4578125,0.651424452662468,2783.71630859375
27000,115.480666,200,4,10349.140625,0.6512851268053055,2783.7392578125
27200,192.380511,200,5,9507.425000000001,0.7592519372701645,2761.30224609375
27400,217.443151,200,2,5579.314062500001,0.5799046531319618,2741.057861328125
27600,136.083693,200,4,8588.234375,0.8146994560956955,2747.05810546875
27800,125.884184,200,3,5485.282812500001,0.586044117808342,2740.872802734375
28000,218.386383,200,2,6592.834375,0.5159902572631836,2747.539794921875
28200,143.186029,200,6,10348.60625,0.6513942778110504,2783.72119140625
28400,176.922782,200,3,10339.625,0.6532076001167297,2783.41943359375
28600,184.657375,200,4,8363.61875,0.810788944363594,2745.55517578125
28800,191.210722,200,2,10350.885937500001,0.6509274244308472,2783.79833984375
29000,184.290916,200,3,6458.215625000001,0.5168120190501213,2746.25439453125
29200,104.316743,200,4,10352.0859375,0.6506803631782532,2783.8388671875
29400,190.900977,200,3,9453.4203125,0.7646133005619049,2760.140869140625
29600,93.743541,200,9,5257.640625,0.5949356406927109,2740.447021484375
29800,209.121494,200,5,7527.134375000001,0.7123321294784546,2745.937744140625
30000,126.764201,200,4,10356.417187500001,0.6497830152511597,2783.98583984375
30200,231.108224,200,3,6145.251562500001,0.5334652587771416,2743.593505859375
30400,198.413909,200,6,5795.59375,0.5627401545643806,2741.67822265625
30600,84.896735,200,6,5937.618750000001,0.550462007522583,2742.306396484375
30800,131.034704,200,10,6272.83125,0.524841882288456,2744.590576171875
31000,278.205328,200,0,8992.053125,0.8019141107797623,2751.746337890625
31200,161.366468,200,6,5299.375,0.5941319465637207,2740.53515625
31400,206.356954,200,4,5293.153125000001,0.5942801386117935,2740.5224609375
31600,162.195561,200,12,10354.001562500001,0.6502850353717804,2783.90380859375
31800,212.002469,200,4,9556.49375,0.7542555779218674,2762.38525390625
32000,152.487067,200,5,5456.028125000001,0.5877162888646126,2740.820068359375
32200,206.529892,200,3,9299.2640625,0.7789847254753113,2757.015380859375
32400,89.831481,200,7,10344.0140625,0.6523264199495316,2783.566650390625
32600,167.111018,200,3,9975.368750000001,0.7073407620191574,2772.65185546875
32800,128.124158,200,9,10356.284375000001,0.6498108804225922,2783.981201171875
33000,153.190876,200,3,6319.665625000001,0.5222273990511894,2744.990478515625
33200,190.953966,200,5,9072.55625,0.7968082278966904,2752.991943359375
33400,233.560258,200,1,7001.1875,0.5714238807559013,2749.56689453125
33600,221.136599,200,3,7771.2796875,0.755620002746582,2744.949462890625
33800,240.493821,200,2,9659.13125,0.7434568554162979,2764.733642578125
34000,252.886744,200,1,5896.6390625,0.5540119484066963,2742.1044921875
34200,229.384523,200,1,5364.071875000001,0.5920650810003281,2740.65771484375
34400,204.246783,200,1,8472.4765625,0.8137638866901398,2746.18896484375
34600,205.952934,200,1,7764.423437500001,0.7545750588178635,2744.968505859375
34800,148.938379,200,3,10355.603125000001,0.6499523669481277,2783.958251953125
35000,184.310547,200,2,5930.981250000001,0.5510354787111282,2742.2724609375
35200,188.370544,200,2,10356.862500000001,0.6496903300285339,2784.0009765625
35400,186.286783,200,3,6086.115625,0.5380355194211006,2743.182373046875
35600,190.579903,200,2,8193.1578125,0.801832377910614,2744.90478515625
35800,153.723543,200,4,5960.096875,0.5485262349247932,2742.42431640625
36000,199.505035,200,2,5719.415625000001,0.5691271647810936,2741.41943359375
36200,221.409626,200,2,5289.8046875,0.5943566188216209,2740.515869140625
36400,204.580456,200,2,10337.9109375,0.6535495072603226,2783.36181640625
36600,191.088073,200,2,8547.042187500001,0.8146226406097412,2746.725341796875
36800,177.785475,200,3,5143.942187500001,0.5944374203681946,2740.1435546875
37000,129.026065,200,2,10318.309375,0.6573545187711716,2782.71142578125
37200,230.625727,200,1,8374.8515625,0.8111924678087234,2745.612548828125
37400,108.966376,200,6,9373.409375000001,0.7722599059343338,2758.482421875
37600,260.425848,200,1,5958.065625,0.5487008392810822,2742.41357421875
37800,150.881957,200,4,5474.4296875,0.586678683757782,2740.85302734375
38000,140.635268,200,4,5476.7375,0.5865452438592911,2740.857177734375
38200,224.069948,200,1,5905.375,0.5532539263367653,2742.14599609375
38400,222.926099,200,1,5444.521875,0.5883388221263885,2740.7998046875
38600,140.623656,200,4,6661.171875,0.5178901180624962,2748.175537109375
38800,228.962789,200,2,9112.5203125,0.7940131425857544,2753.647216796875
39000,111.586604,200,4,8949.8953125,0.8042879402637482,2751.134521484375
39200,205.444303,200,2,7536.1703125,0.7141651958227158,2745.889892578125
39400,183.054428,200,4,10339.550000000001,0.6532226502895355,2783.416748046875
39600,179.604445,200,5,5369.4375,0.5918538570404053,2740.66748046875
39800,234.910005,200,1,10351.8890625,0.6507208943367004,2783.83203125
40000,175.526751,200,4,7813.254687500001,0.7618068903684616,2744.846923828125
40200,239.246085,200,3,7800.9828125,0.7600352913141251,2744.874755859375
40400,206.524021,200,2,10306.021875,0.6596507877111435,2782.309326171875
40600,61.501819,200,4,9355.165625,0.7739488035440445,2758.11474609375
40800,215.749389,200,1,5622.278125000001,0.5767735466361046,2741.155517578125
41000,187.878779,200,3,6972.971875,0.5634015426039696,2749.661865234375
41200,203.952271,200,2,9318.7078125,0.7772575318813324,2757.39306640625
41400,133.094303,200,2,8338.071875,0.8097860962152481,2745.431640625
41600,162.475098,200,3,6700.790625000001,0.5199210718274117,2748.525146484375
41800,198.953949,200,3,5898.51875,0.5538492277264595,2742.11328125
42000,160.100632,200,2,5644.8046875,0.5750640481710434,2741.2109375
42200,179.56501,200,4,5516.759375000001,0.5841102078557014,2740.931396484375
42400,130.06075,200,3,5850.642187500001,0.5580022558569908,2741.898193359375
42600,256.072625,200,2,9381.6421875,0.7714907079935074,2758.6494140625
42800,225.947447,200,3,9012.3890625,0.8006933331489563,2752.051513671875
43000,246.571617,200,1,10087.151562500001,0.6931351125240326,2775.717529296875
43200,172.198693,200,2,5480.7453125,0.5863115936517715,2740.864501953125
43400,144.857926,200,1,5513.734375,0.5843014642596245,2740.925537109375
43600,118.828343,200,4,5808.731250000001,0.5616158992052078,2741.72802734375
43800,190.528283,200,1,6596.453125,0.5160463973879814,2747.57421875
44000,220.918276,200,2,5878.8078125,0.5555596947669983,2742.02197265625
44200,234.752992,200,1,8279.3640625,0.8070319890975952,2745.182861328125
44400,266.812512,200,0,9875.5828125,0.7192514836788177,2770.0400390625
44600,204.193781,200,3,9507.6609375,0.7592282444238663,2761.307373046875
44800,145.564188,200,4,9127.25,0.7929419726133347,2753.894775390625
45000,223.740677,200,1,9609.059375,0.7487814128398895,2763.57421875
45200,215.997159,200,1,5976.220312500001,0.5471457540988922,2742.51220703125
45400,228.39749,200,3,6233.332812500001,0.5272973701357841,2744.2666015625
45600,241.618413,200,2,10354.45,0.6501919776201248,2783.9189453125
45800,254.519291,200,0,5602.421875,0.5782423168420792,2741.109130859375
46000,232.905578,200,1,6745.546875,0.5232057720422745,2748.89111328125
46200,179.603442,200,2,10358.053125,0.6494416296482086,2784.04150390625
46400,129.532648,200,4,5402.471875,0.5904306843876839,2740.72607421875
46600,133.912726,200,5,5553.25,0.5817117169499397,2741.003173828125
46800,122.204663,200,3,5572.8234375,0.5803613737225533,2741.0439453125
47000,102.431754,200,4,10349.03125,0.6513074040412903,2783.735595703125
47200,183.621833,200,3,5823.235937500001,0.5603693053126335,2741.78515625
47400,169.595715,200,4,8905.484375,0.8065511286258698,2750.520751953125
47600,174.125548,200,6,8939.831250000001,0.8048223704099655,2750.99267578125
47800,186.42235,200,2,5605.865625,0.5779903009533882,2741.116943359375
48000,191.342575,200,3,5775.45625,0.5644523352384567,2741.604736328125
48200,116.687805,200,5,10356.6,0.6497448682785034,2783.991943359375
48400,174.15809,200,2,8554.120312500001,0.8146559447050095,2746.78076171875
48600,217.242234,200,1,6885.7734375,0.5426167324185371,2749.66357421875
48800,226.002346,200,1,5646.6046875,0.5749259144067764,2741.21533203125
49000,254.448637,200,1,8766.721875000001,0.8119302242994308,2748.8076171875
49200,212.465093,200,1,9869.339062500001,0.7199785113334656,2769.880126953125
49400,153.410234,200,5,5489.129687500001,0.5858147889375687,2740.879638671875
49600,236.683864,200,2,10354.0140625,0.6502827256917953,2783.904052734375
49800,162.852031,200,3,10017.090625,0.7021673023700714,2773.777587890625
50000,208.151527,200,2,10335.85,0.6539581716060638,2783.29296875
50200,146.900866,200,3,10353.729687500001,0.6503412872552872,2783.89453125
50400,183.2625,200,3,7581.1390625,0.7230124622583389,2745.663818359375
50600,187.017099,200,1,5044.890625,0.5896308273077011,2739.7587890625
50800,153.255122,200,3,5267.1640625,0.5947928503155708,2740.468017578125
51000,171.910085,200,3,8499.550000000001,0.8141841739416122,2746.3740234375
51200,201.517725,200,2,10355.0546875,0.6500664353370667,2783.939453125
51400,157.236997,200,3,5575.059375000001,0.5802042037248611,2741.048828125
51600,153.169178,200,3,8689.7328125,0.8137264102697372,2747.990966796875
51800,209.322945,200,3,6702.462500000001,0.5200235173106194,2748.539306640625
52000,151.243092,200,3,6099.475,0.536978654563427,2743.2724609375
52200,143.684194,200,3,9083.184375,0.7960810512304306,2753.163818359375
52400,156.029844,200,2,10343.346875000001,0.6524615734815598,2783.5439453125
52600,78.962943,200,6,6857.2765625,0.537341758608818,2749.5712890625
52800,256.176717,200,2,6366.940625,0.5199569836258888,2745.40966796875
53000,144.151278,200,2,6648.473437500001,0.5173934996128082,2748.06005859375
53200,229.14951,200,1,10188.434375,0.6789723038673401,2778.65087890625
53400,253.678996,200,0,9344.915625,0.7748880982398987,2757.91015625
53600,156.633333,200,3,5400.793750000001,0.590507835149765,2740.72314453125
53800,215.324082,200,0,5592.3515625,0.5789730697870255,2741.08642578125
54000,247.960475,200,2,10356.271875,0.6498134136199951,2783.980712890625
54200,27.857676,200,8,10357.2625,0.6496068090200424,2784.014404296875
54400,238.532141,200,2,5868.353125000001,0.5564672127366066,2741.97509765625
54600,190.841985,200,2,5613.298437500001,0.5774422734975815,2741.13427734375
54800,174.393364,200,1,5881.9984375,0.5552829802036285,2742.03662109375
55000,231.164231,200,1,8907.8671875,0.8064360171556473,2750.552978515625
55200,122.089182,200,3,10307.134375000001,0.6594457477331161,2782.345703125
55400,138.438627,200,2,10357.66875,0.6495218724012375,2784.0283203125
55600,150.399943,200,4,6379.9296875,0.519404336810112,2745.527099609375
55800,150.979912,200,4,10355.3578125,0.6500031799077988,2783.94970703125
56000,108.682365,200,4,5740.4984375,0.5673862248659134,2741.486083984375
56200,159.929887,200,4,5806.0390625,0.5618464574217796,2741.7177734375
56400,205.266972,200,2,5542.765625,0.5824172124266624,2740.982177734375
56600,167.950501,200,2,9652.4703125,0.744171068072319,2764.578125
56800,214.287024,200,2,9440.921875,0.7658321410417557,2759.876708984375
57000,127.003533,200,3,9129.1796875,0.7928002625703812,2753.927490234375
57200,101.239769,200,5,5536.4671875,0.5828343331813812,2740.969482421875
57400,249.001847,200,0,10148.371875,0.6847702711820602,2777.47021484375
57600,168.26898,200,2,9154.4921875,0.7909054309129715,2754.361083984375
57800,221.913461,200,2,9449.5453125,0.7649920880794525,2760.058837890625
58000,176.070338,200,1,5599.75625,0.5784374475479126,2741.10302734375
58200,113.91465,200,4,10346.0921875,0.6519065052270889,2783.636474609375
58400,223.231219,200,1,6279.3703125,0.5244568735361099,2744.6455078125
58600,110.955726,200,4,7694.926562500001,0.7434383779764175,2745.188232421875
58800,204.597316,200,3,8026.8359375,0.7878004759550095,2744.65283203125
59000,189.038673,200,3,5508.25625,0.5846460536122322,2740.915283203125
59200,234.582975,200,1,9049.7390625,0.7983284443616867,2752.628662109375
59400,184.469503,200,3,10338.778125,0.6533768773078918,2783.390869140625
59600,183.296923,200,4,5462.4828125,0.5873582512140274,2740.83154296875
59800,228.90883,200,1,8566.1859375,0.8146931231021881,2746.876708984375
60000,225.774025,200,1,5563.71875,0.5809945613145828,2741.024658203125
60200,205.223704,200,2,5132.0265625,0.5941100418567657,2740.1044921875
60400,110.26776,200,5,10354.8125,0.6501168757677078,2783.93115234375
60600,192.064385,200,2,10357.323437500001,0.6495938450098038,2784.016357421875
60800,220.83685,200,2,5870.4828125,0.5562824383378029,2741.984619140625
61000,230.093047,200,1,9703.359375,0.738668292760849,2765.779296875
61200,139.543609,200,2,6181.782812500001,0.5308026075363159,2743.8642578125
61400,166.253068,200,3,10354.321875000001,0.6502185016870499,2783.91455078125
61600,159.174718,200,5,5652.13125,0.5744988843798637,2741.2294921875
61800,177.893753,200,4,5445.6859375,0.58827705681324,2740.8017578125
62000,129.121002,200,3,9634.0828125,0.7461334019899368,2764.150634765625
62200,247.185435,200,1,6016.709375,0.5437183752655983,2742.744873046875
62400,249.930948,200,1,6324.0,0.5220024660229683,2745.0283203125
62600,183.745341,200,2,5175.678125,0.5950308963656425,2740.239990234375
62800,149.84469,200,3,5636.900000000001,0.5756688863039017,2741.191162109375
63000,150.941584,200,3,5492.234375,0.5856283009052277,2740.885498046875
63200,30.396242,200,5,10340.65625,0.6530018895864487,2783.45361328125
63400,209.950906,200,2,10355.1859375,0.6500392407178879,2783.944091796875
63600,237.750138,200,2,6138.5546875,0.5339673906564713,2743.545166015625
63800,238.910015,200,1,5517.704687500001,0.5840504541993141,2740.93310546875
64000,175.825044,200,2,7676.907812500001,0.7403860986232758,2745.254150390625
64200,203.182922,200,2,10188.557812500001,0.6789541989564896,2778.654541015625
64400,184.345098,200,1,10126.8265625,0.6877747923135757,2776.8466796875
64600,220.558599,200,1,8922.834375,0.8056966215372086,2750.7568359375
64800,205.177719,200,3,6336.06875,0.5213949084281921,2745.13427734375
65000,185.042047,200,2,6598.520312500001,0.5160798877477646,2747.59375
65200,136.784684,200,4,5632.728125000001,0.5759863182902336,2741.1806640625
65400,138.28953,200,3,6494.426562500001,0.5160907283425331,2746.598876953125
65600,220.304277,200,1,9890.4984375,0.7175064831972122,2770.423583984375
65800,159.924518,200,2,9859.251562500001,0.7211489975452423,2769.623046875
66000,157.805656,200,3,5678.203125,0.5724546313285828,2741.29931640625
66200,204.240642,200,2,10331.453125,0.6548233330249786,2783.146484375
66400,125.79473,200,3,5874.181250000001,0.5559608340263367,2742.0009765625
66600,196.962755,200,1,5495.7015625,0.5854187905788422,2740.891845703125
66800,213.519373,200,2,6239.2421875,0.5269166827201843,2744.314453125
67000,189.369215,200,2,7654.8109375,0.7365503907203674,2745.33984375
67200,57.727314,200,4,10350.3515625,0.651036873459816,2783.7802734375
67400,214.518314,200,2,8724.38125,0.8130276203155518,2748.3466796875
67600,93.952125,200,4,10357.890625,0.6494751572608948,2784.035888671875
67800,199.049781,200,2,10349.821875000001,0.651145726442337,2783.76220703125
68000,187.906587,200,2,5573.9796875,0.5802800878882408,2741.04638671875
68200,180.782057,200,3,5540.4875,0.5825686827301979,2740.9775390625
68400,256.810984,200,0,10316.493750000001,0.6576981395483017,2782.65185546875
68600,240.527112,200,2,5074.7328125,0.5916167050600052,2739.89013671875
68800,167.112369,200,2,6565.734375,0.5157176777720451,2747.28173828125
69000,262.528252,200,0,5560.459375,0.5812188237905502,2741.017822265625
69200,182.112905,200,2,5893.0296875,0.554325245320797,2742.087646484375
69400,248.448085,200,1,5871.2875,0.5562121793627739,2741.988037109375
69600,108.75143,200,5,5390.176562500001,0.5909835547208786,2740.704345703125
69800,216.402856,200,1,9337.6578125,0.7755490392446518,2757.76611328125
70000,196.753795,200,3,5670.5765625,0.5730579420924187,2741.2783203125
70200,210.985244,200,2,7058.231250000001,0.5887587741017342,2749.260986328125
70400,251.34524,200,0,6076.625,0.538795031607151,2743.119873046875
70600,166.775649,200,2,10324.548437500001,0.6561630964279175,2782.917236328125
70800,223.560691,200,1,7097.53125,0.6010360270738602,2748.98828125
71000,204.371028,200,3,5457.50625,0.5876350030303001,2740.82275390625
71200,159.518098,200,3,9090.5,0.7955734431743622,2753.283203125
71400,154.210394,200,3,5783.314062500001,0.563785582780838,2741.6328125
71600,185.47455,200,2,5970.168750000001,0.5476628243923187,2742.47900390625
71800,194.196005,200,2,10345.159375000001,0.652095153927803,2783.60498046875
72000,215.127388,200,1,5558.478125000001,0.5813552811741829,2741.013916015625
72200,202.376383,200,1,10326.290625000001,0.6558270752429962,2782.974853515625
72400,172.247909,200,1,5355.434375000001,0.5923935398459435,2740.64208984375
72600,236.138453,200,2,6160.6515625,0.5323262512683868,2743.7060546875
72800,196.445149,200,0,5542.625,0.5824267119169235,2740.981689453125
73000,251.517042,200,2,9958.265625,0.7094252109527588,2772.1962890625
73200,130.931019,200,4,5400.0609375,0.5905414000153542,2740.7216796875
73400,131.532928,200,2,10249.075,0.6695285439491272,2780.49755859375
73600,230.331649,200,1,5337.5921875,0.5930216610431671,2740.609130859375
73800,157.584947,200,3,5440.928125,0.588529147207737,2740.79345703125
74000,155.563567,200,3,5464.921875,0.5872216075658798,2740.8359375
74200,179.249936,200,2,8679.5703125,0.813896656036377,2747.89013671875
74400,174.161642,200,4,5400.8828125,0.5905034765601158,2740.72314453125
74600,100.231445,200,6,5320.450000000001,0.5935617536306381,2740.57666015625
74800,229.647903,200,0,5293.1046875,0.5942810326814651,2740.522705078125
75000,125.360691,200,4,10353.2,0.6504505127668381,2783.87646484375
75200,214.548375,200,2,8417.290625,0.8125158399343491,2745.845947265625
75400,72.107949,200,5,10359.1765625,0.6492062658071518,2784.07958984375
75600,136.471376,200,4,10348.868750000001,0.6513407081365585,2783.72998046875
75800,167.380218,200,3,10338.923437500001,0.6533480435609818,2783.395751953125
76000,144.481829,200,3,10352.923437500001,0.6505077332258224,2783.8671875
76200,124.041372,200,3,6489.540625000001,0.5161689966917038,2746.552001953125
76400,213.550194,200,1,6618.4609375,0.5164875090122223,2747.78173828125
76600,157.372242,200,3,10342.4125,0.6526494771242142,2783.5126953125
76800,132.354518,200,3,10344.831250000001,0.6521616131067276,2783.593994140625
77000,106.192474,200,3,9954.157812500001,0.7099228352308273,2772.087158203125
77200,129.126616,200,4,9675.026562500001,0.7417450100183487,2765.107177734375
77400,249.911831,200,1,8616.0921875,0.8145952969789505,2747.298095703125
77600,223.719041,200,3,9868.2421875,0.7201061397790909,2769.852294921875
77800,232.285264,200,1,5997.303125,0.5453529581427574,2742.631103515625
78000,247.376396,200,1,5363.0890625,0.5921031534671783,2740.65576171875
78200,180.92903,200,3,9517.3125,0.7582546770572662,2761.518310546875
78400,171.615437,200,2,10355.198437500001,0.6500369310379028,2783.9443359375
78600,189.040869,200,1,9888.4453125,0.7177475094795227,2770.37060546875
78800,174.048721,200,4,10312.91875,0.6583698838949203,2782.53466796875
79000,153.473037,200,3,8494.328125,0.8141126483678818,2746.33740234375
79200,137.06879,200,2,10346.612500000001,0.6518006324768066,2783.654052734375
79400,137.622118,200,3,10350.370312500001,0.6510330736637115,2783.781005859375
79600,211.338498,200,2,7223.3859375,0.6388279050588608,2747.99755859375
79800,184.802057,200,2,8288.55625,0.807504877448082,2745.218505859375
80000,175.50715,200,3,5621.704687500001,0.576816163957119,2741.154052734375
80200,229.45417,200,2,8154.8890625,0.7990744709968567,2744.814208984375
80400,220.41203,200,1,6729.63125,0.5219060927629471,2748.76513671875
80600,258.95944,200,1,10032.0125,0.7002830505371094,2774.185302734375
80800,235.363232,200,1,8301.5125,0.8081446588039398,2745.270751953125
81000,189.565319,200,0,5971.173437500001,0.547577291727066,2742.484375
81200,127.898342,200,1,10355.478125000001,0.649978369474411,2783.953857421875
81400,271.163324,200,0,6869.903125000001,0.5395867675542831,2749.6171875
81600,255.80696,200,1,9435.339062500001,0.7663736492395401,2759.75927734375
81800,201.990898,200,2,9456.50625,0.7643111050128937,2760.206298828125
82000,177.360189,200,2,6458.962500000001,0.5167941376566887,2746.261474609375
82200,195.167068,200,2,10358.6953125,0.6493069976568222,2784.063232421875
82400,242.669128,200,2,10336.079687500001,0.6539130955934525,2783.300537109375
82600,186.619784,200,1,5613.6203125,0.5774187669157982,2741.135009765625
82800,218.718654,200,2,7446.0234375,0.6950347125530243,2746.4052734375
83000,211.979198,200,0,9932.853125000001,0.7124872505664825,2771.525390625
83200,218.465275,200,3,6864.6390625,0.5386330932378769,2749.59912109375
83400,176.538636,200,1,5531.25,0.5831771343946457,2740.959228515625
83600,162.821174,200,2,5342.337500000001,0.5928615853190422,2740.617919921875
83800,165.08421,200,2,5484.403125000001,0.5860960111021996,2740.87109375
84000,145.131997,200,2,10350.456250000001,0.6510156393051147,2783.78369140625
84200,265.295429,200,1,5588.642187500001,0.5792402103543282,2741.078125
84400,187.064975,200,2,10351.2390625,0.6508547812700272,2783.810302734375
84600,211.585644,200,2,5599.565625,0.5784506723284721,2741.1025390625
84800,159.197349,200,3,8375.2046875,0.8112052083015442,2745.614501953125
85000,186.382356,200,1,6146.301562500001,0.533386692404747,2743.60107421875
85200,187.908914,200,3,5470.3671875,0.5869124084711075,2740.845703125
85400,247.998631,200,1,6866.821875000001,0.5390262231230736,2749.606689453125
85600,173.593706,200,3,5583.3046875,0.5796214565634727,2741.06640625
85800,239.055146,200,2,6263.0609375,0.5254290625452995,2744.50927734375
86000,241.902007,200,0,8356.714062500001,0.8105293661355972,2745.52099609375
86200,110.357893,200,3,9697.7640625,0.739278718829155,2765.645751953125
86400,196.587724,200,2,10344.689062500001,0.6521904468536377,2783.589111328125
86600,178.368248,200,3,10295.385937500001,0.6615868955850601,2781.964599609375
86800,243.005878,200,2,10104.0140625,0.6908820569515228,2776.194580078125
87000,255.220351,200,0,5699.981250000001,0.5707100033760071,2741.361083984375
87200,219.930212,200,2,5924.5578125,0.5515913292765617,2742.239990234375
87400,194.58309,200,3,9082.234375,0.7961464673280716,2753.1484375
87600,152.148789,200,4,5511.659375,0.5844322219491005,2740.921630859375
87800,246.475298,200,1,7841.5546875,0.7657768577337265,2744.789306640625
88000,157.184123,200,3,6143.55,0.5335922166705132,2743.581298828125
88200,180.557657,200,3,5381.293750000001,0.5913663655519485,2740.6884765625
88400,264.541745,200,0,10349.371875,0.6512376666069031,2783.7470703125
88600,178.737838,200,4,5431.985937500001,0.5889932811260223,2740.777587890625
88800,197.385288,200,2,6021.58125,0.5433106794953346,2742.77392578125
89000,150.701261,200,2,9576.4234375,0.7521943747997284,2762.832763671875
89200,199.610413,200,2,5441.7328125,0.5884867534041405,2740.794921875
89400,188.537143,200,1,7778.485937500001,0.7567080110311508,2744.930419921875
89600,156.429797,200,3,10356.5296875,0.6497593224048615,2783.989501953125
89800,157.427241,200,2,5413.6703125,0.5899031087756157,2740.74560546875
90000,176.743348,200,2,9433.946875,0.7665085792541504,2759.730224609375
90200,255.055719,200,1,5897.5078125,0.5539364740252495,2742.108642578125
90400,171.593435,200,3,5813.150000000001,0.5612367019057274,2741.745361328125
90600,207.385493,200,2,5380.0375,0.5914195626974106,2740.686279296875
90800,174.012088,200,3,10321.275000000001,0.6567903608083725,2782.80908203125
91000,208.668485,200,2,10253.609375,0.6687824428081512,2780.638916015625
91200,203.135567,200,2,5528.465625000001,0.5833587050437927,2740.953857421875
91400,209.206033,200,1,9334.9078125,0.7757984101772308,2757.7119140625
91600,91.936202,200,4,10340.212500000001,0.65309077501297,2783.43896484375
91800,103.695534,200,4,10322.298437500001,0.6565950065851212,2782.843017578125
92000,119.633655,200,5,5559.05,0.5813157185912132,2741.01513671875
92200,229.752701,200,1,8345.745312500001,0.8100996166467667,2745.4677734375
92400,121.055979,200,4,5441.69375,0.5884889140725136,2740.794921875
92600,258.640491,200,1,5577.190625,0.580054372549057,2741.05322265625
92800,228.434025,200,2,5419.075000000001,0.5896402895450592,2740.7548828125
93000,192.56592,200,3,5597.832812500001,0.5785772949457169,2741.0986328125
93200,181.247331,200,3,10357.5234375,0.6495519727468491,2784.023193359375
93400,225.535547,200,1,5342.1640625,0.5928678065538406,2740.61767578125
93600,155.137721,200,3,9521.987500000001,0.7577812671661377,2761.62109375
93800,186.690826,200,1,9743.3734375,0.7342682033777237,2766.7421875
94000,149.057538,200,2,10353.689062500001,0.6503498554229736,2783.89306640625
94200,192.822799,200,2,10357.3125,0.6495963037014008,2784.01611328125
94400,157.309016,200,3,10359.385937500001,0.6491625308990479,2784.086669921875
94600,158.425879,200,3,10351.267187500001,0.6508493423461914,2783.81103515625
94800,247.893336,200,1,5896.793750000001,0.5539983510971069,2742.105224609375
95000,198.250542,200,2,5184.56875,0.5951283127069473,2740.26513671875
95200,90.73928,200,4,5464.8125,0.5872280150651932,2740.8359375
95400,215.299201,200,1,5832.915625000001,0.55953498929739,2741.823974609375
95600,208.463398,200,2,9002.35,0.8013017475605011,2751.89990234375
95800,203.526175,200,3,5614.114062500001,0.5773818865418434,2741.13623046875
96000,60.44008,200,5,10338.3640625,0.6534593552350998,2783.376953125
96200,237.015264,200,3,5296.96875,0.5941905453801155,2740.5302734375
96400,229.495251,200,2,5936.7296875,0.5505387857556343,2742.3017578125
96600,168.451663,200,3,10336.5125,0.6538274139165878,2783.31494140625
96800,171.255907,200,3,7625.3390625,0.7312751561403275,2745.46240234375
97000,189.367873,200,3,5545.993750000001,0.5822012573480606,2740.988525390625
97200,250.045831,200,1,5467.171875,0.5870943889021873,2740.83984375
97400,242.58493,200,1,5361.306250000001,0.5921721458435059,2740.65283203125
97600,182.783823,200,2,10356.407812500001,0.6497853249311447,2783.9853515625
97800,196.289319,200,3,5788.481250000001,0.5633463710546494,2741.65185546875
98000,192.386509,200,3,10336.229687500001,0.6538830697536469,2783.3056640625
98200,179.222093,200,3,10305.2390625,0.6597947329282761,2782.283935546875
98400,154.343447,200,4,5614.284375,0.5773692578077316,2741.136474609375
98600,245.934498,200,1,10355.245312500001,0.6500271707773209,2783.94580078125
98800,237.886054,200,2,8972.475,0.8030432462692261,2751.458740234375
99000,198.230855,200,2,10340.798437500001,0.6529732048511505,2783.45849609375
99200,132.571806,200,4,5535.571875000001,0.5828937143087387,2740.9677734375
99400,193.00773,200,2,5278.2734375,0.5945950001478195,2740.49169921875
99600,174.863777,200,2,5744.240625,0.5670750141143799,2741.498291015625
99800,214.491354,200,1,9326.703125,0.7765396684408188,2757.550048828125
100000,97.43229,200,5,10353.3640625,0.650416687130928,2783.882080078125
100200,160.750797,200,2,10321.5515625,0.6567376852035522,2782.818359375
100400,171.52485,200,4,5814.0921875,0.5611557886004448,2741.7490234375
100600,214.384273,200,2,5794.110937500001,0.5628665536642075,2741.672607421875
100800,201.992916,200,2,5587.125,0.5793489515781403,2741.074951171875
101000,119.065391,200,4,5733.0421875,0.568004660308361,2741.4619140625
101200,257.527059,200,1,7885.759375000001,0.7716535031795502,2744.71826171875
101400,173.339335,200,2,9758.0296875,0.7326404005289078,2767.098876953125
101600,129.841423,200,3,5990.05,0.5459677428007126,2742.58984375
101800,242.291456,200,2,5463.267187500001,0.5873139947652817,2740.8330078125
102000,189.521737,200,3,6167.931250000001,0.5317963287234306,2743.760009765625
102200,171.921224,200,2,10351.292187500001,0.6508436799049377,2783.81201171875
102400,220.562099,200,1,9513.9671875,0.7585927098989487,2761.445068359375
102600,144.521122,200,2,10328.604687500001,0.6553788483142853,2783.0517578125
102800,242.343758,200,2,6262.6015625,0.5254571512341499,2744.505615234375
103000,136.73795,200,3,10095.8109375,0.6919823586940765,2775.9619140625
103200,263.621897,200,0,9014.0015625,0.8005944639444351,2752.075927734375
103400,118.632806,200,4,10129.2859375,0.6874352693557739,2776.91748046875
103600,140.908989,200,4,5566.262500000001,0.5808182805776596,2741.030029296875
103800,213.224005,200,2,5375.743750000001,0.591597855091095,2740.6787109375
104000,192.176916,200,2,10297.684375,0.6611724942922592,2782.038818359375
104200,260.347315,200,0,6665.69375,0.518084242939949,2748.21630859375
104400,183.386881,200,3,6642.337500000001,0.5171778053045273,2748.003662109375
104600,115.681051,200,4,5275.034375,0.5946560576558113,2740.48486328125
104800,251.522965,200,2,5840.15625,0.5589093640446663,2741.85400390625
105000,115.753676,200,3,7349.246875000001,0.6722742319107056,2747.046630859375
105200,122.012527,200,5,5378.015625,0.5915040150284767,2740.6826171875
105400,249.466893,200,2,5784.6171875,0.5636752024292946,2741.6376953125
105600,270.637648,200,0,9533.65,0.756596028804779,2761.8779296875
105800,202.999431,200,2,8981.9265625,0.8025036752223969,2751.5966796875
106000,140.132815,200,3,10339.3890625,0.6532551348209381,2783.4111328125
106200,198.936738,200,2,6232.028125000001,0.5273821577429771,2744.25634765625
106400,207.928917,200,1,5702.3859375,0.5705155432224274,2741.3681640625
106600,189.618096,200,2,9749.840625,0.7335509359836578,2766.8994140625
106800,229.923907,200,1,10353.040625000001,0.6504835933446884,2783.87109375
107000,232.498194,200,2,9071.575,0.796874612569809,2752.976318359375
107200,187.703396,200,2,10228.542187500001,0.6728316098451614,2779.863525390625
107400,175.411822,200,3,6084.2890625,0.5381812155246735,2743.17041015625
107600,204.566491,200,3,10115.29375,0.6893545389175415,2776.51611328125
107800,168.798639,200,1,9160.775,0.7904258370399475,2754.47021484375
108000,216.77207,200,1,5341.1359375,0.5929027125239372,2740.61572265625
108200,170.108508,200,2,6905.837500000001,0.546787790954113,2749.702392578125
108400,155.750552,200,4,9749.4703125,0.7335922122001648,2766.890380859375
108600,180.77,200,2,9394.44375,0.7702864706516266,2758.910888671875
108800,189.423815,200,2,9736.15625,0.735066756606102,2766.5673828125
109000,249.946265,200,0,7128.865625,0.6107623875141144,2748.75048828125
109200,197.444961,200,1,5569.28125,0.5806085839867592,2741.036376953125
109400,209.597609,200,1,10341.0125,0.6529300659894943,2783.4658203125
109600,120.956684,200,3,6199.7265625,0.5295468121767044,2744.00146484375
109800,142.702308,200,3,9438.59375,0.7660582661628723,2759.827880859375
110000,226.226285,200,1,10138.901562500001,0.6860999763011932,2777.195068359375
110200,209.648085,200,2,5473.1984375,0.5867498368024826,2740.850830078125
110400,196.553368,200,3,9910.868750000001,0.7151050120592117,2770.951171875
110600,243.601541,200,2,5741.067187500001,0.5673391371965408,2741.48779296875
110800,259.864977,200,0,10349.3515625,0.6512419879436493,2783.746337890625
111000,219.81165,200,2,8986.746875,0.8022244274616241,2751.667724609375
111200,186.570701,200,2,5410.243750000001,0.5900666862726212,2740.73974609375
111400,191.555004,200,1,9772.559375,0.7310179620981216,2767.454833984375
111600,81.302463,200,4,7745.767187500001,0.7516828924417496,2745.02197265625
111800,185.033594,200,3,10355.3265625,0.65000981092453,2783.94873046875
112000,190.966009,200,3,6359.034375,0.5203081294894218,2745.338623046875
112200,252.426281,200,0,7897.4484375,0.7731419056653976,2744.70361328125
112400,133.213703,200,4,10356.53125,0.6497590243816376,2783.98974609375
112600,154.034845,200,3,10349.346875000001,0.651242807507515,2783.74609375
112800,236.905542,200,1,6157.8546875,0.5325313657522202,2743.685546875
113000,168.159492,200,3,10349.509375000001,0.6512094289064407,2783.751708984375
113200,192.982339,200,1,10346.425000000001,0.651838481426239,2783.647705078125
113400,244.916138,200,1,7549.4296875,0.7168205827474594,2745.821044921875
113600,237.677061,200,0,10215.470312500001,0.6748751550912857,2779.464599609375
113800,132.008054,200,5,5319.512500000001,0.5935892462730408,2740.574951171875
114000,204.774218,200,2,9341.915625,0.7751616090536118,2757.8505859375
114200,202.777485,200,3,5525.0234375,0.5835811048746109,2740.947021484375
114400,157.396881,200,4,5640.0,0.5754320695996284,2741.19873046875
114600,244.577028,200,1,6745.0375,0.5231621861457825,2748.88720703125
114800,226.985229,200,1,5748.303125,0.5667360872030258,2741.511474609375
115000,144.046987,200,3,10352.370312500001,0.6506218761205673,2783.8486328125
115200,142.355303,200,3,10331.809375,0.6547536700963974,2783.158203125
115400,209.652625,200,0,8693.5625,0.8136581629514694,2748.029296875
115600,243.067259,200,1,8809.4203125,0.8105596899986267,2749.3017578125
115800,236.4873,200,1,5433.4640625,0.5889175832271576,2740.7802734375
116000,244.90418,200,0,10354.765625,0.6501265615224838,2783.9296875
116200,241.813284,200,2,9242.760937500001,0.7838428765535355,2755.945068359375
116400,130.736068,200,4,10332.890625,0.654541403055191,2783.1943359375
116600,148.440594,200,2,6962.762500000001,0.560632050037384,2749.685302734375
116800,200.601971,200,3,5474.0890625,0.5866984277963638,2740.852294921875
117000,242.798555,200,0,9298.34375,0.779065415263176,2756.99755859375
117200,200.206614,200,2,9911.743750000001,0.7150012254714966,2770.973876953125
117400,120.751293,200,3,10349.1703125,0.651279017329216,2783.740234375
117600,209.83004,200,2,6692.26875,0.5194192379713058,2748.45166015625
117800,164.4128,200,2,5386.9453125,0.5911248549818993,2740.69873046875
118000,243.198461,200,1,5344.165625000001,0.5927981436252594,2740.621337890625
118200,163.652202,200,2,7181.7484375,0.6267524510622025,2748.330322265625
118400,262.029904,200,1,5835.678125,0.5592963099479675,2741.83544921875
118600,120.868121,200,4,9852.331250000001,0.7219492644071579,2769.447021484375
118800,137.695193,200,3,5869.634375000001,0.5563558638095856,2741.980712890625
119000,216.302151,200,4,5413.578125,0.5899076163768768,2740.745361328125
119200,102.470786,200,3,9631.56875,0.7464005798101425,2764.09228515625
119400,186.206089,200,1,9352.307812500001,0.7742112129926682,2758.0576171875
119600,196.382608,200,2,9440.307812500001,0.765891820192337,2759.86376953125
119800,183.921967,200,2,5517.762500000001,0.5840469896793365,2740.93310546875
120000,185.907034,200,3,10353.8828125,0.6503096222877502,2783.899658203125
120200,102.135996,200,4,5561.846875,0.5811242014169693,2741.02099609375
120400,205.217321,200,2,8760.870312500001,0.8120976388454437,2748.7421875
120600,219.28969,200,2,6669.415625000001,0.518251359462738,2748.249755859375
120800,148.389797,200,3,10341.928125,0.652746856212616,2783.49658203125
121000,151.336325,200,3,5388.2421875,0.5910687521100044,2740.700927734375
121200,209.23162,200,3,10334.0546875,0.6543126702308655,2783.23291015625
121400,215.095934,200,2,6114.489062500001,0.5358059704303741,2743.37548828125
121600,165.545743,200,3,8889.54375,0.8073017001152039,2750.30810546875
121800,226.97225,200,2,5427.1515625,0.5892391502857208,2740.769287109375
122000,240.175769,200,1,6351.3890625,0.5206595361232758,2745.27001953125
122200,214.146202,200,2,6502.004687500001,0.5159826576709747,2746.671142578125
122400,204.785293,200,2,10249.8046875,0.6694087386131287,2780.520263671875
122600,174.174384,200,2,9160.753125000001,0.7904274016618729,2754.4697265625
122800,256.506974,200,1,9929.25625,0.7129174470901489,2771.43115234375
123000,246.953446,200,3,5662.853125000001,0.5736644193530083,2741.257568359375
123200,128.420032,200,3,10132.40625,0.6870035827159882,2777.007568359375
123400,148.364334,200,3,7949.5265625,0.7794416695833206,2744.657958984375
123600,115.124975,200,3,7607.9828125,0.7280818372964859,2745.5390625
123800,200.798902,200,2,5546.85,0.5821437016129494,2740.990234375
124000,183.550002,200,1,8074.803125,0.7923963665962219,2744.688232421875
124200,152.78975,200,2,8369.03125,0.8109858632087708,2745.582763671875
124400,188.892153,200,3,6122.637500000001,0.5351782590150833,2743.432373046875
124600,213.504576,200,0,10346.415625000001,0.6518405675888062,2783.647216796875
124800,214.875146,200,2,5351.4453125,0.5925396457314491,2740.634765625
125000,204.303205,200,3,10250.575,0.6692825257778168,2780.544189453125
125200,155.81679,200,5,5587.640625,0.5793121084570885,2741.075927734375
125400,217.610402,200,3,10148.7953125,0.6847106665372849,2777.482666015625
125600,125.838774,200,4,8889.9828125,0.8072816580533981,2750.31396484375
125800,223.166645,200,1,7820.865625,0.7628902047872543,2744.83056640625
126000,164.653177,200,4,10340.75,0.6529831141233444,2783.45703125
126200,186.308997,200,3,5497.7953125,0.585290901362896,2740.8955078125
126400,259.497703,200,0,10301.4734375,0.6604845076799393,2782.161376953125
126600,244.579974,200,1,9586.5859375,0.7511367648839951,2763.0625
126800,147.092657,200,3,9739.010937500001,0.7347509264945984,2766.636474609375
127000,247.778706,200,2,9265.5375,0.7819143682718277,2756.371337890625
127200,210.589398,200,3,5436.887500000001,0.5887402966618538,2740.786376953125
127400,254.244358,200,1,10246.04375,0.6700237840414047,2780.4033203125
127600,215.08076,200,2,5488.609375,0.585845597088337,2740.878662109375
127800,251.885707,200,0,5728.721875,0.5683620274066925,2741.4482421875
128000,216.745033,200,2,5516.95625,0.5840981006622314,2740.931640625
128200,140.632967,200,3,9148.5125,0.7913587242364883,2754.2578125
128400,111.781962,200,4,10260.3953125,0.6676541268825531,2780.85107421875
128600,146.882844,200,4,9850.81875,0.7221238315105438,2769.40869140625
128800,126.023067,200,5,5230.753125,0.5952001735568047,2740.385009765625
129000,207.42606,200,3,9684.2078125,0.7407516241073608,2765.323974609375
129200,145.052056,200,5,5984.921875,0.5464038625359535,2742.560791015625
129400,152.526802,200,3,9655.2984375,0.7438679784536362,2764.64404296875
129600,156.677231,200,3,9512.3671875,0.7587539404630661,2761.41015625
129800,187.929525,200,2,5449.579687500001,0.5880679562687874,2740.80859375
130000,187.169691,200,4,9512.121875,0.7587788999080658,2761.40478515625
130200,192.478903,200,2,5338.915625000001,0.5929778888821602,2740.611572265625
130400,176.769383,200,2,7064.220312500001,0.5906249955296516,2749.221923828125
130600,192.873132,200,3,10342.090625,0.6527140736579895,2783.501953125
130800,164.884285,200,1,10332.275000000001,0.6546621769666672,2783.173828125
131000,160.613618,200,4,8661.9828125,0.8141536265611649,2747.7197265625
131200,150.389698,200,4,5988.959375,0.5460604280233383,2742.58349609375
131400,160.732175,200,3,5525.6546875,0.5835403874516487,2740.9482421875
131600,128.298914,200,5,5789.473437500001,0.5632618069648743,2741.655517578125
131800,155.825172,200,4,7595.996875000001,0.7258376479148865,2745.59375
132000,197.68307,200,1,7261.0546875,0.6493201106786728,2747.70166015625
132200,217.081044,200,2,5998.918750000001,0.5452165380120277,2742.640625
132400,238.173558,200,1,9592.932812500001,0.7504735887050629,2763.20654296875
132600,224.353994,200,3,5545.4359375,0.5822387337684631,2740.9873046875
132800,187.973355,200,3,5793.017187500001,0.5629599466919899,2741.668701171875
133000,240.504287,200,2,5662.5625,0.5736871808767319,2741.2568359375
133200,84.968513,200,6,5461.9515625,0.5873880535364151,2740.83056640625
133400,128.878317,200,4,8013.743750000001,0.7864678651094437,2744.6484375
133600,152.664018,200,2,7543.05,0.715547725558281,2745.85400390625
133800,136.502443,200,5,5389.5296875,0.5910125747323036,2740.703125
134000,163.346783,200,3,5364.043750000001,0.5920664221048355,2740.65771484375
134200,213.92823,200,2,5396.046875,0.5907231569290161,2740.714599609375
134400,193.231839,200,1,9727.3359375,0.7360397279262543,2766.354248046875
134600,229.345241,200,3,9360.540625,0.7734532654285431,2758.22265625
134800,197.027924,200,4,10345.0203125,0.6521232426166534,2783.600341796875
135000,192.644354,200,2,9368.3984375,0.7727255672216415,2758.380859375
135200,187.650746,200,2,8694.00625,0.8136498928070068,2748.03369140625
135400,206.283139,200,1,5477.125,0.5865227058529854,2740.85791015625
135600,258.87238,200,0,9075.34375,0.7966183871030807,2753.036865234375
135800,146.290294,200,3,8199.7046875,0.8022761344909668,2744.92236328125
136000,162.082777,200,4,5612.285937500001,0.5775170773267746,2741.1318359375
136200,217.112932,200,3,5337.3515625,0.5930302664637566,2740.608642578125
136400,211.589724,200,2,8934.3515625,0.8051083236932755,2750.916015625
136600,126.060149,200,4,5382.240625,0.5913267657160759,2740.690185546875
136800,227.465989,200,2,5487.684375000001,0.5859010294079781,2740.876953125
137000,239.145703,200,1,5471.671875,0.5868374556303024,2740.847900390625
137200,140.1877,200,2,5326.121875000001,0.5933907628059387,2740.58740234375
137400,169.519189,200,2,5308.8125,0.5938894674181938,2740.553955078125
137600,25.770637,200,7,10348.8515625,0.6513441354036331,2783.729736328125
137800,208.429337,200,3,7732.115625,0.7495221495628357,2745.063720703125
138000,116.060261,200,3,8034.621875000001,0.7885778695344925,2744.656494140625
138200,264.670363,200,0,10302.7234375,0.6602559238672256,2782.2021484375
138400,174.099017,200,4,10319.0625,0.6572117656469345,2782.736328125
138600,146.345631,200,3,10338.38125,0.6534561514854431,2783.377685546875
138800,193.497416,200,2,9491.3609375,0.7608623802661896,2760.953369140625
139000,176.352234,200,4,8677.278125,0.8139326423406601,2747.86767578125
139200,160.971252,200,2,8167.584375,0.8000210672616959,2744.842041015625
139400,172.771877,200,3,10347.6625,0.6515870988368988,2783.689453125
139600,192.63678,200,2,10346.240625,0.6518761068582535,2783.641357421875
139800,186.341218,200,4,5315.051562500001,0.5937176570296288,2740.566162109375
140000,152.391149,200,4,9025.8921875,0.7998564094305038,2752.257568359375
140200,163.412433,200,4,8864.0015625,0.8084347099065781,2749.97607421875
140400,266.256137,200,0,10354.015625,0.6502820551395416,2783.904052734375
140600,169.243684,200,5,10347.375,0.6516455858945847,2783.6796875
140800,167.217481,200,3,6695.153125000001,0.5195846781134605,2748.4765625
141000,186.706475,200,1,5214.395312500001,0.5952544137835503,2740.344482421875
141200,245.99825,200,1,5440.6828125,0.5885417759418488,2740.79296875
141400,223.735528,200,1,6020.184375000001,0.5434275045990944,2742.765625
141600,151.486407,200,3,8641.6765625,0.8143901079893112,2747.529052734375
141800,126.165163,200,4,10253.1765625,0.6688543409109116,2780.625244140625
142000,244.60872,200,1,8470.8609375,0.8137350529432297,2746.178466796875
142200,160.547489,200,3,6989.415625000001,0.5680160224437714,2749.61181640625
142400,55.321,200,7,5984.4921875,0.5464403703808784,2742.558349609375
142600,178.57872,200,3,8680.917187500001,0.8138746023178101,2747.903564453125
142800,138.137946,200,3,10117.1953125,0.6890954822301865,2776.5703125
143000,166.888637,200,3,7854.103125000001,0.7674846798181534,2744.766845703125
143200,233.164054,200,2,5474.493750000001,0.5866746231913567,2740.85302734375
143400,154.052332,200,4,9719.1390625,0.7369410246610641,2766.156982421875
143600,248.632511,200,1,10326.745312500001,0.6557393819093704,2782.990234375
143800,173.685296,200,2,10341.064062500001,0.6529200822114944,2783.46728515625
144000,230.465285,200,2,5679.3421875,0.5723641440272331,2741.30224609375
144200,251.972505,200,1,10355.7859375,0.6499145179986954,2783.96435546875
144400,105.094716,200,4,9159.7015625,0.7905080914497375,2754.45166015625
144600,245.808771,200,2,5488.8734375,0.5858305469155312,2740.879150390625
144800,225.837445,200,4,5360.8734375,0.592188760638237,2740.65185546875
145000,239.360606,200,2,10339.56875,0.6532192975282669,2783.417236328125
145200,180.167853,200,3,8499.8375,0.8141881227493286,2746.3759765625
145400,164.495391,200,4,10354.403125,0.6502015888690948,2783.91748046875
145600,213.875669,200,3,9836.345312500001,0.7237891107797623,2769.04248046875
145800,227.036898,200,1,8122.301562500001,0.796506255865097,2744.752685546875
146000,109.247853,200,4,10355.056250000001,0.6500661373138428,2783.939453125
146200,177.652215,200,4,5514.348437500001,0.5842633545398712,2740.9267578125
146400,208.89472,200,3,7529.629687500001,0.7128401845693588,2745.92431640625
146600,185.205334,200,1,10349.453125,0.6512211263179779,2783.749755859375
146800,101.887854,200,4,10345.392187500001,0.6520476192235947,2783.61279296875
147000,94.201666,200,4,5353.228125000001,0.5924750864505768,2740.63818359375
147200,224.802264,200,1,9214.6859375,0.7861623167991638,2755.429443359375
147400,170.761091,200,4,8183.875,0.8011885732412338,2744.881103515625
147600,170.6494,200,3,10325.2875,0.6560207158327103,2782.94189453125
147800,208.473713,200,1,10343.88125,0.6523535400629044,2783.56201171875
148000,185.708038,200,3,8065.471875,0.7915382087230682,2744.678955078125
148200,187.286323,200,3,10286.490625,0.6631717085838318,2781.678466796875
148400,174.407029,200,2,5492.895312500001,0.5855884775519371,2740.88671875
148600,134.608325,200,4,5439.865625,0.5885850638151169,2740.79150390625
148800,162.354857,200,4,5779.8984375,0.5640755221247673,2741.620849609375
149000,213.843877,200,1,10351.729687500001,0.6507538259029388,2783.82666015625
149200,152.362891,200,3,10345.925000000001,0.651940256357193,2783.630859375
149400,242.576316,200,1,5944.090625000001,0.5499038100242615,2742.33984375
149600,131.891969,200,4,5379.626562500001,0.5914366990327835,2740.685546875
149800,1.595694,200,8,10339.478125000001,0.6532371789216995,2783.414306640625
150000,173.029664,200,2,8322.1625,0.8091019839048386,2745.359375
150200,204.923368,200,3,10044.625,0.6986748427152634,2774.5322265625
150400,193.404206,200,3,9257.432812500001,0.7826050370931625,2756.21875
150600,189.376222,200,2,5836.692187500001,0.5592088401317596,2741.839599609375
150800,261.00861,200,1,6231.159375,0.5274390429258347,2744.249267578125
151000,167.935011,200,3,10348.7578125,0.6513628363609314,2783.726318359375
151200,163.463676,200,3,5410.4671875,0.5900562927126884,2740.739990234375
151400,212.675089,200,1,6268.837500000001,0.5250804126262665,2744.55712890625
151600,178.963259,200,2,5459.692187500001,0.5875135213136673,2740.82666015625
151800,180.389696,200,2,7395.2171875,0.6833874434232712,2746.73095703125
152000,232.364551,200,4,5436.634375000001,0.5887534841895103,2740.785888671875
152200,88.333534,200,6,6776.2296875,0.5261635407805443,2749.11767578125
152400,187.901771,200,2,6984.240625,0.5665458366274834,2749.629150390625
152600,92.40428,200,4,5430.625,0.5890629813075066,2740.775146484375
152800,213.761642,200,3,5414.942187500001,0.5898416042327881,2740.747802734375
153000,115.557378,200,5,7196.825000000001,0.6311814486980438,2748.20947265625
153200,164.863514,200,3,9870.96875,0.719788670539856,2769.921875
153400,222.796588,200,1,10179.151562500001,0.6803432106971741,2778.374755859375
153600,200.723536,200,2,10030.010937500001,0.7005368173122406,2774.13037109375
153800,161.520371,200,3,5389.645312500001,0.5910073593258858,2740.703369140625
154000,97.107729,200,4,6719.9328125,0.5211871862411499,2748.68603515625
154200,183.356833,200,3,10353.089062500001,0.6504736840724945,2783.872802734375
154400,222.604709,200,1,5719.556250000001,0.5691158771514893,2741.419677734375
154600,164.005267,200,2,10347.334375,0.6516537070274353,2783.67822265625
154800,223.735856,200,2,5334.596875,0.5931213870644569,2740.603515625
155000,145.604526,200,5,5638.965625000001,0.5755112692713737,2741.1962890625
155200,200.308936,200,3,9695.971875000001,0.7394737005233765,2765.603271484375
155400,146.802403,200,3,7871.06875,0.7697436213493347,2744.7392578125
155600,194.29633,200,1,5745.8578125,0.5669400840997696,2741.50341796875
155800,193.369619,200,2,6200.528125000001,0.529492050409317,2744.0078125
156000,186.162807,200,2,7144.821875000001,0.6156532093882561,2748.625
156200,250.490828,200,2,10240.714062500001,0.6708880513906479,2780.238037109375
156400,200.824127,200,1,9892.865625,0.717228576540947,2770.484619140625
156600,227.64569,200,3,7799.720312500001,0.759851410984993,2744.8779296875
156800,161.635248,200,2,10010.840625,0.7029510289430618,2773.607421875
157000,106.901033,200,5,5561.8,0.5811268836259842,2741.020751953125
157200,228.038252,200,2,7914.762500000001,0.7752960920333862,2744.6845703125
157400,178.338047,200,3,5678.262500000001,0.5724497139453888,2741.29931640625
157600,129.95662,200,3,8494.4203125,0.8141139894723892,2746.338134765625
157800,218.744429,200,1,5514.645312500001,0.5842443555593491,2740.92724609375
158000,214.319964,200,2,6189.2015625,0.5302790924906731,2743.920654296875
158200,229.384122,200,0,10356.715625,0.6497205793857574,2783.995849609375
158400,93.699581,200,6,5511.115625,0.5844666808843613,2740.920654296875
158600,157.370539,200,1,7932.734375,0.777469202876091,2744.6689453125
158800,232.762082,200,2,6282.578125,0.5242700129747391,2744.67236328125
159000,207.28629,200,2,5316.13125,0.5936869978904724,2740.568359375
159200,267.709663,200,1,9851.4671875,0.7220491021871567,2769.425048828125
159400,109.801712,200,6,10347.112500000001,0.6516990065574646,2783.6708984375
159600,192.581416,200,1,5407.6515625,0.5901892483234406,2740.735107421875
159800,210.005909,200,1,9044.0390625,0.7986995577812195,2752.539306640625
160000,182.584756,200,2,6615.0,0.5164064839482307,2747.749267578125
160200,158.092467,200,3,8033.7875,0.788494348526001,2744.656005859375
160400,182.869574,200,3,5406.0,0.5902666971087456,2740.732177734375
160600,177.045858,200,3,5425.6984375,0.5893118306994438,2740.7666015625
160800,121.785894,200,5,10343.9734375,0.6523345410823822,2783.565185546875
161000,229.435369,200,2,5569.957812500001,0.5805617570877075,2741.037841796875
161200,93.109702,200,4,8017.9484375,0.7868998497724533,2744.6494140625
161400,258.272084,200,0,7647.2421875,0.7352136820554733,2745.370361328125
161600,167.984726,200,2,7521.5140625,0.7111842185258865,2745.968017578125
161800,160.695107,200,4,8799.50625,0.8109010010957718,2749.184326171875
162000,172.439073,200,3,5601.332812500001,0.5783217772841454,2741.1064453125
162200,164.813373,200,2,8533.996875,0.8145398646593094,2746.62548828125
162400,251.104897,200,2,8797.94375,0.810953676700592,2749.166015625
162600,158.558238,200,2,10346.2703125,0.6518698483705521,2783.642578125
162800,228.83377,200,1,5851.296875,0.5579455569386482,2741.90087890625
163000,134.679979,200,4,8439.737500000001,0.813087522983551,2745.97998046875
163200,114.263219,200,4,5891.735937500001,0.5544374883174896,2742.081298828125
163400,247.435356,200,1,10314.096875000001,0.6581490486860275,2782.5732421875
163600,263.640954,200,1,5937.346875,0.5504857376217842,2742.304931640625
163800,175.811258,200,3,5488.940625,0.5858258903026581,2740.87939453125
164000,103.206358,200,5,8341.809375,0.8099401742219925,2745.448974609375
164200,246.073447,200,2,6438.3734375,0.5173420161008835,2746.067626953125
164400,137.013337,200,2,10335.7234375,0.6539835035800934,2783.288818359375
164600,225.32987,200,1,8227.1109375,0.804046019911766,2745.001953125
164800,128.657774,200,3,10347.6953125,0.6515802443027496,2783.6904296875
165000,198.199445,200,2,10328.90625,0.6553199887275696,2783.061767578125
165200,181.583229,200,4,7467.9875,0.6998731195926666,2746.27197265625
165400,169.214716,200,4,5995.8421875,0.5454766750335693,2742.622802734375
165600,125.562541,200,5,10296.307812500001,0.6614205986261368,2781.994384765625
165800,277.746741,200,0,8763.7671875,0.8120158314704895,2748.774658203125
166000,81.212264,200,4,10310.5828125,0.6588064134120941,2782.4580078125
166200,183.6331,200,2,10329.323437500001,0.6552393734455109,2783.075439453125
166400,128.205614,200,3,5285.6546875,0.5944457277655602,2740.50732421875
166600,191.575628,200,3,8206.3296875,0.8027171343564987,2744.940673828125
166800,167.833182,200,4,8015.832812500001,0.786682665348053,2744.64892578125
167000,202.748607,200,1,10168.657812500001,0.6818719208240509,2778.064453125
167200,221.068723,200,2,7667.239062500001,0.7387206703424454,2745.291015625
167400,159.108594,200,5,8949.2484375,0.8043227344751358,2751.12548828125
167600,174.915036,200,4,7142.953125,0.6150837242603302,2748.639892578125
167800,150.745386,200,3,8921.307812500001,0.8057733625173569,2750.73583984375
168000,234.797887,200,2,8083.126562500001,0.7931485027074814,2744.697265625
168200,222.038996,200,2,6115.746875000001,0.5357091128826141,2743.384033203125
168400,234.688681,200,2,5473.8546875,0.5867120623588562,2740.85205078125
168600,175.781032,200,3,6329.528125000001,0.5217210948467255,2745.07666015625
168800,196.50116,200,2,9941.095312500001,0.7114984095096588,2771.7421875
169000,232.995753,200,2,5558.825000000001,0.5813315510749817,2741.0146484375
169200,174.514129,200,3,5461.900000000001,0.58739073574543,2740.83056640625
169400,165.376777,200,2,7478.0625,0.7020538300275803,2746.212646484375
169600,210.490565,200,1,10182.589062500001,0.6798375397920609,2778.4765625
169800,92.532834,200,5,10347.2703125,0.6516667455434799,2783.67626953125
170000,170.958812,200,4,7230.734375,0.6409074366092682,2747.939208984375
170200,154.362442,200,3,7745.5265625,0.7516453415155411,2745.022705078125
170400,250.378775,200,2,8493.071875,0.8140952885150909,2746.328857421875
170600,84.580316,200,4,10329.8671875,0.6551335006952286,2783.093505859375
170800,247.768037,200,1,6060.579687500001,0.5400926247239113,2743.015625
171000,148.932076,200,4,10322.0203125,0.6566477566957474,2782.833740234375
171200,259.147849,200,1,5587.65625,0.579310916364193,2741.075927734375
171400,192.339538,200,3,5984.475,0.5464419722557068,2742.558349609375
171600,146.768689,200,4,8461.6484375,0.8135605603456497,2746.1181640625
171800,175.980904,200,4,5237.25625,0.5951553210616112,2740.400390625
172000,249.869302,200,1,8100.8734375,0.7947061210870743,2744.7197265625
172200,116.250409,200,6,5299.83125,0.5941212922334671,2740.5361328125
172400,173.978379,200,4,10349.948437500001,0.6511195749044418,2783.7666015625
172600,266.960049,200,0,6109.7890625,0.5361714959144592,2743.3427734375
172800,159.503683,200,2,8686.0078125,0.8137903362512589,2747.953857421875
173000,247.021107,200,0,8459.7109375,0.8135220408439636,2746.105712890625
173200,220.854649,200,1,10338.525000000001,0.6534277647733688,2783.38232421875
173400,173.785743,200,3,5438.606250000001,0.5886508151888847,2740.789306640625
173600,188.723704,200,2,5331.2171875,0.5932305753231049,2740.59716796875
173800,172.036393,200,4,7246.8,0.6453979015350342,2747.812744140625
174000,254.271593,200,1,8087.7640625,0.7935613393783569,2744.70263671875
174200,165.925024,200,3,8351.6890625,0.8103354275226593,2745.496337890625
174400,133.719937,200,3,5562.876562500001,0.5810525640845299,2741.02294921875
174600,132.198282,200,4,10280.737500000001,0.6641805917024612,2781.49462890625
174800,161.365581,200,6,8159.6078125,0.799429714679718,2744.824462890625
175000,176.818639,200,2,5487.485937500001,0.5859129875898361,2740.876708984375
175200,206.582819,200,1,5281.3625,0.5945344269275665,2740.498291015625
175400,189.024055,200,2,5418.681250000001,0.5896593257784843,2740.75439453125
175600,238.626378,200,2,7229.793750000001,0.6406422704458237,2747.94677734375
175800,180.621864,200,2,10342.528125,0.6526261568069458,2783.5166015625
176000,154.749235,200,3,10251.928125,0.6690598279237747,2780.58642578125
176200,237.924391,200,1,8427.229687500001,0.8127794414758682,2745.904296875
176400,280.68783,200,0,6556.7640625,0.5156810209155083,2747.19580078125
176600,242.703438,200,3,5762.090625000001,0.5655808001756668,2741.55810546875
176800,180.507581,200,2,6395.2265625,0.5187961459159851,2745.6669921875
177000,203.897701,200,2,9160.8734375,0.7904180884361267,2754.471923828125
177200,105.152736,200,2,10018.615625,0.7019753754138947,2773.819091796875
177400,170.4688,200,3,6286.9640625,0.5240173265337944,2744.70947265625
177600,229.612169,200,1,5410.075000000001,0.5900746211409569,2740.7392578125
177800,131.830572,200,4,5747.0609375,0.5668392777442932,2741.507568359375
178000,241.146391,200,0,8157.953125,0.7993058115243912,2744.82080078125
178200,167.743435,200,2,7649.793750000001,0.7356667518615723,2745.360107421875
178400,158.657922,200,4,5410.3890625,0.590059906244278,2740.73974609375
178600,169.725585,200,3,6590.846875,0.5159619823098183,2747.52099609375
178800,196.345209,200,4,5440.735937500001,0.5885389074683189,2740.79296875
179000,256.158105,200,1,8280.7875,0.8071061968803406,2745.188232421875
179200,216.72806,200,2,5648.1171875,0.5748090147972107,2741.21923828125
179400,265.013554,200,1,8084.096875,0.7932346314191818,2744.698486328125
179600,148.892501,200,4,5502.38125,0.5850101262331009,2740.904296875
179800,145.085894,200,2,9174.71875,0.7893481105566025,2754.71435546875
180000,207.542344,200,1,5919.189062500001,0.5520564317703247,2742.21337890625
180200,229.692197,200,2,5544.446875000001,0.5823048576712608,2740.9853515625
180400,224.314174,200,1,6502.9953125,0.5159696564078331,2746.6806640625
180600,193.236468,200,2,10260.150000000001,0.6676953285932541,2780.843505859375
180800,197.185494,200,1,5393.9984375,0.5908147990703583,2740.711181640625
181000,183.18798,200,2,9140.321875,0.7919737696647644,2754.1171875
181200,146.47103,200,4,10356.932812500001,0.649675577878952,2784.003173828125
181400,218.100133,200,2,5851.490625,0.5579285323619843,2741.901611328125
181600,192.927826,200,2,10340.996875,0.6529335677623749,2783.465087890625
181800,90.783241,200,4,8581.46875,0.8147058635950089,2747.001708984375
182000,124.235967,200,4,5351.8078125,0.5925263091921806,2740.635498046875
182200,130.79026,200,5,5442.015625,0.5884719267487526,2740.79541015625
182400,255.583284,200,1,6306.065625,0.5229506269097328,2744.87255859375
182600,88.692867,200,5,6216.032812500001,0.5284378305077553,2744.12890625
182800,256.876111,200,0,9318.640625,0.7772638648748398,2757.391845703125
183000,164.59358,200,5,8569.4359375,0.8146990090608597,2746.903076171875
183200,233.954141,200,4,5667.753125,0.5732803791761398,2741.270751953125
183400,212.611187,200,2,5373.140625,0.591704472899437,2740.674072265625
183600,159.236505,200,3,5544.553125,0.5822978913784027,2740.985595703125
183800,227.988734,200,3,5378.14375,0.5914986878633499,2740.682861328125
184000,149.771944,200,4,10104.839062500001,0.6907707452774048,2776.218017578125
184200,131.103666,200,4,5544.176562500001,0.5823231488466263,2740.98486328125
184400,126.379879,200,6,6883.828125,0.5422339588403702,2749.65869140625
184600,233.164115,200,1,5917.973437500001,0.5521617084741592,2742.207275390625
184800,84.983754,200,4,10328.7734375,0.6553457677364349,2783.057373046875
185000,197.187187,200,2,6428.1390625,0.5176505073904991,2745.971923828125
185200,212.192449,200,1,6887.253125,0.5429116636514664,2749.667236328125
185400,192.221162,200,2,5469.3359375,0.5869710072875023,2740.84375
185600,104.539098,200,3,5516.3265625,0.5841383337974548,2740.930419921875
185800,229.76032,200,2,8462.396875,0.8135755360126495,2746.123046875
186000,139.019778,200,4,5923.6328125,0.5516715347766876,2742.235595703125
186200,158.407326,200,1,7865.64375,0.769028440117836,2744.747802734375
186400,222.708831,200,2,5859.5578125,0.5572300031781197,2741.9365234375
186600,237.333566,200,3,5477.490625,0.5865013971924782,2740.8583984375
186800,258.198299,200,0,10344.0,0.6523296982049942,2783.56591796875
187000,151.495955,200,2,10323.053125,0.656450167298317,2782.867919921875
187200,156.043618,200,2,10249.048437500001,0.6695328652858734,2780.496826171875
187400,182.753078,200,3,7268.9328125,0.6514612585306168,2747.640869140625
187600,212.235653,200,2,10000.5125,0.704239085316658,2773.32763671875
187800,235.675789,200,1,5435.2921875,0.5888230726122856,2740.783447265625
188000,97.052028,200,5,10328.423437500001,0.6554136425256729,2783.045654296875
188200,199.101173,200,2,7770.939062500001,0.7555676996707916,2744.950439453125
188400,175.362705,200,5,5453.028125000001,0.5878806859254837,2740.814697265625
188600,106.593991,200,5,5461.425,0.587417483329773,2740.829833984375
188800,168.434102,200,1,9407.509375,0.7690468430519104,2759.1796875
189000,210.358961,200,2,8016.348437500001,0.786735936999321,2744.649169921875
189200,176.693153,200,3,5515.7328125,0.5841755494475365,2740.929443359375
189400,173.873935,200,3,10343.8046875,0.652369037270546,2783.5595703125
189600,207.154406,200,3,6311.1984375,0.522673949599266,2744.9169921875
189800,126.075372,200,5,8302.259375,0.8081807196140289,2745.27392578125
190000,265.973804,200,1,8002.985937500001,0.7853475213050842,2744.646240234375
190200,238.790614,200,1,10342.6953125,0.6525925546884537,2783.522216796875
190400,177.961642,200,2,10327.91875,0.6555123627185822,2783.02880859375
190600,186.853024,200,3,10045.3796875,0.6985782086849213,2774.552978515625
190800,161.253883,200,4,5497.9125,0.5852843821048737,2740.895751953125
191000,229.923111,200,1,8935.932812500001,0.8050259202718735,2750.938232421875
191200,190.647539,200,2,10295.643750000001,0.6615406274795532,2781.972900390625
191400,133.446407,200,3,10336.3875,0.6538520753383636,2783.310791015625
191600,230.263822,200,2,9488.9703125,0.7611008733510971,2760.901611328125
191800,125.037596,200,4,6341.910937500001,0.5211096256971359,2745.185791015625
192000,108.051526,200,4,8694.089062500001,0.8136484026908875,2748.03466796875
192200,253.541818,200,2,5439.596875,0.5885985493659973,2740.791015625
192400,226.945517,200,2,7650.785937500001,0.735841691493988,2745.35595703125
192600,199.051172,200,2,7473.360937500001,0.7010394334793091,2746.240234375
192800,190.822733,200,2,5450.9921875,0.587991438806057,2740.81103515625
193000,237.95584,200,2,9474.776562500001,0.7625115662813187,2760.59619140625
193200,131.493686,200,2,9690.696875,0.7400473952293396,2765.47802734375
193400,189.513093,200,4,10356.425000000001,0.6497815996408463,2783.986083984375
193600,184.468246,200,3,10261.901562500001,0.6674018502235413,2780.8984375
193800,156.505236,200,4,9478.56875,0.762135460972786,2760.677490234375
194000,246.307972,200,2,9832.681250000001,0.7242092490196228,2768.9501953125
194200,71.115215,200,6,10337.890625,0.6535534560680389,2783.361083984375
194400,204.235501,200,2,7929.2609375,0.7770541310310364,2744.671875
194600,219.854714,200,2,9254.10625,0.7828874886035919,2756.156494140625
194800,157.987621,200,3,5583.025000000001,0.5796411260962486,2741.06591796875
195000,213.084775,200,1,5507.8265625,0.5846726521849632,2740.914306640625
195200,152.366043,200,4,5444.145312500001,0.5883588641881943,2740.799072265625
195400,153.831581,200,2,7097.978125000001,0.6011752039194107,2748.985107421875
195600,190.192243,200,3,5967.528125000001,0.5478890240192413,2742.464599609375
195800,91.112381,200,5,6061.765625,0.5399961397051811,2743.0234375
196000,226.944644,200,1,5486.446875000001,0.5859748274087906,2740.874755859375
196200,184.585843,200,2,7239.1875,0.6432807445526123,2747.87255859375
196400,282.427707,200,0,7954.618750000001,0.7800281792879105,2744.6552734375
196600,210.192509,200,2,7770.5453125,0.7555084675550461,2744.951416015625
196800,207.350148,200,2,8034.59375,0.7885747402906418,2744.656494140625
197000,233.874474,200,1,9814.8203125,0.7262484729290009,2768.501953125
197200,255.443702,200,2,9538.5859375,0.756092369556427,2761.987060546875
197400,183.382899,200,3,6937.040625000001,0.5540226399898529,2749.717041015625
197600,243.85781,200,1,6474.6359375,0.5164448916912079,2746.41015625
197800,233.323182,200,2,7852.7796875,0.7673060894012451,2744.76904296875
198000,94.654063,200,4,10350.360937500001,0.6510350853204727,2783.780517578125
198200,199.957142,200,2,6418.503125,0.5179621651768684,2745.882080078125
198400,224.628079,200,1,5931.9515625,0.5509514361619949,2742.27734375
198600,251.450962,200,0,10220.806250000001,0.67404605448246,2779.626953125
198800,264.875839,200,0,7435.0734375,0.6925790011882782,2746.47314453125
199000,164.857234,200,4,9905.215625,0.7157737016677856,2770.80419921875
199200,98.343827,200,5,10143.251562500001,0.6854908913373947,2777.3212890625
199400,199.706048,200,3,5552.2890625,0.5817766860127449,2741.001220703125
199600,203.175148,200,2,9068.815625000001,0.7970612496137619,2752.931884765625
199800,234.174974,200,1,9797.96875,0.7281593978404999,2768.082275390625
200000,181.386795,200,3,6007.5859375,0.5444848164916039,2742.69091796875
200200,176.817187,200,4,10351.635937500001,0.6507731229066849,2783.82373046875
200400,200.359526,200,1,5822.0390625,0.5604719370603561,2741.7802734375
200600,61.635222,200,7,5521.7421875,0.5837923288345337,2740.94091796875
200800,220.958462,200,2,10279.296875,0.6644315272569656,2781.44873046875
201000,136.777093,200,4,10330.0609375,0.6550954282283783,2783.10009765625
201200,108.777713,200,3,10325.4515625,0.6559892743825912,2782.947265625
201400,200.743051,200,5,6481.392187500001,0.5163125693798065,2746.474365234375
201600,166.767468,200,3,5921.150000000001,0.5518864840269089,2742.22314453125
201800,188.230179,200,3,10298.2625,0.6610681861639023,2782.057373046875
202000,104.599196,200,5,10342.7484375,0.6525816768407822,2783.52392578125
202200,183.251813,200,3,9498.234375,0.7601749151945114,2761.102294921875
202400,163.254576,200,4,8313.8109375,0.8087244629859924,2745.32275390625
202600,213.85315,200,3,8457.7421875,0.8134821057319641,2746.093017578125
202800,130.21363,200,3,10335.28125,0.6540707498788834,2783.27392578125
203000,128.160848,200,4,5630.028125000001,0.5761905759572983,2741.174072265625
203200,181.904624,200,4,5658.3265625,0.5740180611610413,2741.24560546875
203400,211.991721,200,2,7399.2640625,0.6843393296003342,2746.7041015625
203600,182.622663,200,2,6658.501562500001,0.5177799239754677,2748.1513671875
203800,209.407452,200,2,10327.378125000001,0.6556165963411331,2783.010986328125
204000,214.644781,200,2,8771.225,0.8117982745170593,2748.8583984375
204200,142.526418,200,5,6228.3390625,0.5276228487491608,2744.2265625
204400,213.211304,200,2,8665.5015625,0.8141057938337326,2747.753662109375
204600,162.833237,200,3,9005.284375000001,0.80112524330616,2751.944091796875
204800,244.374323,200,1,7670.6796875,0.7393157482147217,2745.27783203125
205000,177.019805,200,3,10357.015625,0.6496583670377731,2784.005859375
205200,196.479645,200,2,6937.551562500001,0.5541492626070976,2749.716796875
205400,165.153323,200,4,6086.546875,0.5380010604858398,2743.185302734375
205600,120.573181,200,4,6928.985937500001,0.5520706996321678,2749.71875
205800,112.886753,200,5,10327.8796875,0.6555192917585373,2783.02783203125
206000,209.046448,200,3,7370.44375,0.6774673610925674,2746.898681640625
206200,102.187449,200,4,10348.001562500001,0.6515179574489594,2783.70068359375
206400,217.270524,200,2,6813.234375,0.5306120589375496,2749.355224609375
206600,187.007952,200,2,6009.837500000001,0.5442956835031509,2742.7041015625
206800,228.573591,200,1,6072.317187500001,0.5391417816281319,2743.091552734375
207000,211.633401,200,2,7454.0578125,0.696818083524704,2746.35595703125
207200,216.162194,200,3,6293.481250000001,0.5236470326781273,2744.764892578125
207400,177.391285,200,2,6444.703125,0.5171627178788185,2746.126953125
207600,148.685567,200,3,9235.975,0.7844094932079315,2755.8193359375
207800,105.542719,200,4,10045.3015625,0.6985881924629211,2774.55078125
208000,193.679058,200,3,7413.9203125,0.6877508759498596,2746.608154296875
208200,212.256522,200,2,8665.784375000001,0.8141017705202103,2747.75634765625
208400,182.195451,200,2,10357.189062500001,0.6496219336986542,2784.011962890625
208600,277.436076,200,0,7103.221875,0.6028103455901146,2748.9462890625
208800,218.872372,200,3,9111.81875,0.7940635830163956,2753.635498046875
209000,220.188225,200,2,10330.298437500001,0.6550487130880356,2783.10791015625
209200,147.694673,200,4,10100.7953125,0.6913148611783981,2776.103271484375
209400,134.464952,200,4,5385.2875,0.5911970138549805,2740.695556640625
209600,169.885126,200,4,5419.5546875,0.5896167457103729,2740.755859375
209800,203.571772,200,1,8886.5609375,0.8074387162923813,2750.268798828125
210000,167.465835,200,2,7024.075000000001,0.5782479047775269,2749.46044921875
210200,218.353354,200,3,9959.3828125,0.7092894613742828,2772.225830078125
210400,197.062463,200,3,6000.337500000001,0.5450963228940964,2742.648681640625
210600,125.198293,200,6,5433.348437500001,0.5889230221509933,2740.780029296875
210800,122.172542,200,3,9129.43125,0.7927816361188889,2753.931884765625
211000,177.101881,200,2,5378.75625,0.5914734676480293,2740.68408203125
211200,108.399134,200,4,8927.1328125,0.8054791390895844,2750.816162109375
211400,137.568788,200,4,10351.9140625,0.6507154554128647,2783.8330078125
211600,142.435468,200,3,5602.887500000001,0.5782089754939079,2741.110107421875
211800,189.115487,200,2,8405.901562500001,0.8121920377016068,2745.78076171875
212000,143.454893,200,5,6526.114062500001,0.5157425627112389,2746.902099609375
212200,158.176567,200,3,7163.59375,0.621337890625,2748.475830078125
212400,192.477485,200,2,10349.728125000001,0.651165097951889,2783.759033203125
212600,195.865825,200,2,9070.2875,0.7969620078802109,2752.95556640625
212800,140.582376,200,4,10258.3203125,0.6680009514093399,2780.7861328125
213000,162.624381,200,3,10332.953125,0.654529258608818,2783.1962890625
213200,135.982347,200,3,7242.434375000001,0.6441861391067505,2747.846923828125
213400,204.607022,200,3,6991.9203125,0.5687352269887924,2749.602783203125
213600,185.662414,200,2,10279.996875,0.664309561252594,2781.470947265625
213800,204.438941,200,3,5514.7296875,0.5842393264174461,2740.927490234375
214000,250.52955,200,1,9942.635937500001,0.7113131135702133,2771.782958984375
214200,215.606467,200,4,5480.6546875,0.5863167345523834,2740.8642578125
214400,127.88573,200,4,5341.65625,0.5928846076130867,2740.61669921875
214600,194.27381,200,2,10186.8734375,0.6792043149471283,2778.604248046875
214800,158.715797,200,4,10258.65625,0.6679448485374451,2780.796630859375
215000,146.510944,200,2,10245.776562500001,0.6700671464204788,2780.39501953125
215200,137.330961,200,3,6536.3421875,0.5156904086470604,2747.0
215400,266.394304,200,1,9561.859375,0.7537023723125458,2762.50537109375
215600,172.438473,200,4,5349.5609375,0.592607669532299,2740.63134765625
215800,206.737617,200,3,10210.334375,0.6756668537855148,2779.308837890625
216000,129.753039,200,3,6293.953125,0.5236201733350754,2744.768798828125
216200,185.329408,200,1,10120.134375000001,0.6886935979127884,2776.654541015625
216400,219.011949,200,2,5474.301562500001,0.5866861343383789,2740.852783203125
216600,213.228436,200,3,5255.271875,0.5949671566486359,2740.441650390625
216800,188.034401,200,2,10341.987500000001,0.6527344882488251,2783.49853515625
217000,85.786804,200,6,6902.046875,0.5459717288613319,2749.69677734375
217200,267.988231,200,0,10322.032812500001,0.6566456705331802,2782.834228515625
217400,143.785906,200,4,8836.2125,0.8095677942037582,2749.626708984375
217600,228.398973,200,2,6107.409375,0.5363570526242256,2743.32666015625
217800,151.545978,200,3,10341.2171875,0.6528893858194351,2783.47265625
218000,149.137619,200,0,5515.8265625,0.5841697752475739,2740.929443359375
218200,237.445445,200,3,5397.775000000001,0.5906454846262932,2740.7177734375
218400,135.295818,200,7,9680.6859375,0.7411330193281174,2765.24072265625
218600,103.99144,200,4,7597.8078125,0.7261782884597778,2745.58544921875
218800,200.876686,200,3,5448.525000000001,0.5881247296929359,2740.806884765625
219000,178.294362,200,5,5413.285937500001,0.5899207293987274,2740.744873046875
219200,191.476494,200,3,10231.1140625,0.6724244356155396,2779.942138671875
219400,216.206713,200,2,5336.614062500001,0.5930544808506966,2740.607177734375
219600,208.955714,200,1,10347.775000000001,0.6515637040138245,2783.693115234375
219800,213.896151,200,1,10071.689062500001,0.6951717287302017,2775.28369140625
220000,104.735875,200,3,6142.431250000001,0.5336764082312584,2743.5732421875
220200,163.378709,200,3,9700.518750000001,0.7389781624078751,2765.71142578125
220400,252.917589,200,2,8910.1328125,0.8063259720802307,2750.58349609375
220600,251.488174,200,1,5813.7109375,0.5611884966492653,2741.74755859375
220800,140.180441,200,3,5453.03125,0.5878806859254837,2740.814697265625
221000,147.989114,200,6,6897.306250000001,0.5449680984020233,2749.688720703125
221200,269.23286,200,0,8824.3296875,0.8100199699401855,2749.481201171875
221400,255.017643,200,1,6755.9296875,0.5241377651691437,2748.970458984375
221600,181.700542,200,2,10292.94375,0.6620247662067413,2781.8857421875
221800,238.170507,200,1,6250.40625,0.5262099206447601,2744.405029296875
222000,189.780211,200,3,9238.3515625,0.7842115312814713,2755.86328125
222200,210.506034,200,1,5627.782812500001,0.5763597413897514,2741.168701171875
222400,123.928815,200,4,10024.9375,0.7011790573596954,2773.99169921875
222600,187.080505,200,3,9180.9984375,0.7888569682836533,2754.8251953125
222800,215.500217,200,1,10082.4046875,0.6937632709741592,2775.583984375
223000,237.137695,200,3,6009.384375000001,0.5443337187170982,2742.701416015625
223200,146.435871,200,5,6267.829687500001,0.5251410230994225,2744.548828125
223400,167.497981,200,2,5678.6828125,0.5724168568849564,2741.300537109375
223600,189.045982,200,2,10353.625,0.6503628194332123,2783.890869140625
223800,270.3105,200,1,6460.8078125,0.5167501419782639,2746.279052734375
224000,190.4763,200,2,7275.7921875,0.6533106416463852,2747.588134765625
224200,134.753056,200,4,10247.610937500001,0.6697680801153183,2780.451904296875
224400,157.66068,200,3,10179.550000000001,0.6802845746278763,2778.386474609375
224600,209.816312,200,3,6800.168750000001,0.528922937810421,2749.2763671875
224800,177.144931,200,1,6361.707812500001,0.5201883614063263,2745.362548828125
225000,161.127081,200,5,8308.525,0.8084787428379059,2745.30029296875
225200,266.703272,200,0,9861.6859375,0.7208669930696487,2769.68505859375
225400,167.596689,200,2,9858.0359375,0.7212895900011063,2769.592041015625
225600,159.707299,200,4,5906.215625000001,0.5531811341643333,2742.150146484375
225800,47.128383,200,5,10311.703125,0.6585972756147385,2782.494873046875
226000,176.689265,200,3,9044.6453125,0.7986602187156677,2752.548828125
226200,140.17291,200,3,5542.754687500001,0.5824177712202072,2740.98193359375
226400,69.732018,200,6,10347.321875000001,0.6516560167074203,2783.677978515625
226600,193.84095,200,2,7698.540625000001,0.7440422475337982,2745.17578125
226800,143.259973,200,5,5520.328125,0.5838832631707191,2740.938232421875
227000,162.82319,200,3,10229.684375,0.6726508587598801,2779.8984375
227200,171.137763,200,3,5416.671875,0.5897580087184906,2740.7509765625
227400,194.546616,200,3,8514.9859375,0.8143685013055801,2746.484375
227600,177.964062,200,3,5810.146875,0.561494342982769,2741.7333984375
227800,172.365981,200,1,10081.31875,0.6939063966274261,2775.553466796875
228000,120.178641,200,3,9423.25625,0.7675397396087646,2759.506591796875
228200,158.35058,200,5,5412.6703125,0.589950904250145,2740.743896484375
228400,170.296098,200,2,6926.692187500001,0.5515245348215103,2749.718505859375
228600,182.924116,200,2,10245.740625,0.6700730323791504,2780.393798828125
228800,194.104988,200,4,5438.865625,0.5886375904083252,2740.789794921875
229000,144.565007,200,3,10286.6921875,0.6631357967853546,2781.68505859375
229200,234.439709,200,2,10355.737500000001,0.6499248743057251,2783.962646484375
229400,163.907807,200,5,5466.4046875,0.5871378257870674,2740.838623046875
229600,238.033617,200,2,6937.579687500001,0.554155521094799,2749.716796875
229800,130.314079,200,5,10336.2328125,0.6538824737071991,2783.3056640625
230000,238.610224,200,1,10212.8328125,0.6752823293209076,2779.384521484375
230200,176.830559,200,3,5917.103125000001,0.5522370710968971,2742.203125
230400,203.647831,200,3,10352.234375,0.6506496667861938,2783.843994140625
230600,267.987987,200,0,9671.1390625,0.7421647012233734,2765.015625
230800,176.835417,200,3,10306.7078125,0.6595243513584137,2782.331787109375
231000,144.846416,200,5,10334.314062500001,0.6542614102363586,2783.24169921875
231200,216.917461,200,4,5643.471875,0.5751665681600571,2741.20751953125
231400,119.978189,200,3,10333.3953125,0.6544426828622818,2783.211181640625
231600,159.349497,200,3,9520.18125,0.7579641789197922,2761.581298828125
231800,244.504865,200,3,8756.165625,0.8122287690639496,2748.690185546875
232000,150.203654,200,3,10343.665625000001,0.6523972004652023,2783.5546875
232200,203.445541,200,1,8024.65625,0.7875808328390121,2744.65185546875
232400,216.923726,200,3,10260.8203125,0.6675833463668823,2780.864501953125
232600,216.877176,200,1,6490.0109375,0.5161610990762711,2746.556640625
232800,238.100626,200,2,5506.8546875,0.5847329646348953,2740.91259765625
233000,226.969099,200,2,9707.698437500001,0.7381945103406906,2765.8828125
233200,194.198413,200,2,8216.050000000001,0.8033490180969238,2744.96875
233400,246.198383,200,1,6086.4609375,0.5380083620548248,2743.184814453125
233600,153.881145,200,3,5465.595312500001,0.5871828645467758,2740.837158203125
233800,192.545181,200,2,5727.926562500001,0.5684276297688484,2741.44580078125
234000,190.972614,200,1,8432.1921875,0.8129050582647324,2745.93408203125
234200,237.177243,200,1,5729.876562500001,0.568266361951828,2741.451904296875
234400,139.469007,200,3,5406.084375,0.5902630090713501,2740.732177734375
234600,225.787099,200,2,9817.128125000001,0.7259856909513474,2768.559814453125
234800,157.250981,200,2,9411.5796875,0.7686588913202286,2759.263916015625
235000,227.143869,200,3,6029.481250000001,0.5426520481705666,2742.821533203125
235200,168.476693,200,3,10037.13125,0.6996317952871323,2774.325927734375
235400,87.901265,200,5,5892.271875,0.5543911457061768,2742.083984375
235600,202.901293,200,2,10348.3984375,0.6514368206262589,2783.71435546875
235800,147.311307,200,6,6359.26875,0.5202975869178772,2745.340576171875
236000,183.929216,200,3,9752.134375,0.733296275138855,2766.955078125
236200,197.643476,200,3,10349.715625,0.65116748213768,2783.7587890625
236400,68.214852,200,5,10325.253125000001,0.6560277193784714,2782.9404296875
236600,209.394955,200,2,5316.525000000001,0.593675784766674,2740.569091796875
236800,219.525433,200,2,5513.2796875,0.5843305215239525,2740.924560546875
237000,181.279769,200,2,6847.504687500001,0.5357038602232933,2749.530517578125
237200,236.473379,200,1,5966.3390625,0.5479910224676132,2742.4580078125
237400,166.695966,200,2,10279.337500000001,0.6644240021705627,2781.4501953125
237600,173.163504,200,3,8287.65625,0.8074592053890228,2745.215087890625
237800,218.305143,200,2,5658.270312500001,0.5740221217274666,2741.245361328125
238000,113.477878,200,4,5810.118750000001,0.5614965781569481,2741.7333984375
238200,216.632783,200,3,8321.5828125,0.8090764284133911,2745.356689453125
238400,172.615616,200,1,5472.7140625,0.5867775902152061,2740.849853515625
238600,145.144558,200,4,7668.596875,0.7389556616544724,2745.285888671875
238800,159.715341,200,1,10329.0703125,0.6552885472774506,2783.067138671875
239000,181.082079,200,1,10313.407812500001,0.6582782417535782,2782.550537109375
239200,206.182858,200,2,6321.175,0.5221483111381531,2745.00341796875
239400,205.555572,200,2,5538.09375,0.5827277898788452,2740.972900390625
239600,219.730661,200,1,9456.7671875,0.7642856240272522,2760.2119140625
239800,161.947753,200,2,9529.0046875,0.7570689171552658,2761.775390625
240000,70.990562,200,6,5367.3125,0.5919383466243744,2740.66357421875
240200,237.852513,200,2,10331.203125,0.6548720598220825,2783.137939453125
240400,210.276019,200,3,9731.709375,0.7355576753616333,2766.4599609375
240600,160.908993,200,3,10191.3359375,0.6785405427217484,2778.737548828125
240800,238.156502,200,1,6407.415625000001,0.5183452740311623,2745.779541015625
241000,233.107776,200,1,9326.1453125,0.776589959859848,2757.5390625
241200,164.357689,200,4,6073.595312500001,0.5390386283397675,2743.099853515625
241400,209.112068,200,3,7357.3109375,0.6742643564939499,2746.98974609375
241600,209.353947,200,2,9107.71875,0.7943576574325562,2753.5673828125
241800,172.004965,200,3,10216.7546875,0.6746762245893478,2779.503662109375
242000,213.241847,200,2,9059.682812500001,0.7976729422807693,2752.7861328125
242200,236.320597,200,1,5603.909375,0.578133687376976,2741.112548828125
242400,187.101185,200,2,10337.714062500001,0.6535886973142624,2783.355224609375
242600,211.717384,200,1,10318.1640625,0.6573822349309921,2782.706787109375
242800,236.063296,200,1,7363.3046875,0.6757324934005737,2746.947998046875
243000,186.597414,200,1,5399.3125,0.5905754119157791,2740.720458984375
243200,176.181133,200,2,5508.796875,0.5846115946769714,2740.916259765625
243400,239.237938,200,3,5769.921875,0.5649202316999435,2741.585205078125
243600,159.647177,200,3,10333.128125000001,0.6544949114322662,2783.2021484375
243800,224.037242,200,2,10060.337500000001,0.6966502219438553,2774.96728515625
244000,231.796248,200,2,8771.515625,0.8117897808551788,2748.86181640625
244200,165.539517,200,3,10319.581250000001,0.6571129709482193,2782.75341796875
244400,189.375761,200,2,5772.0,0.5647445097565651,2741.592529296875
244600,173.903659,200,2,7960.3421875,0.7806818932294846,2744.65283203125
244800,244.164514,200,2,10287.745312500001,0.6629499793052673,2781.71875
245000,228.417085,200,2,5425.2421875,0.5893349647521973,2740.765869140625
245200,176.167558,200,4,10303.740625,0.6600701808929443,2782.235107421875
245400,186.253312,200,2,5399.35,0.5905738472938538,2740.720458984375
245600,191.543093,200,3,5293.4609375,0.5942731350660324,2740.523193359375
245800,270.318738,200,0,9111.678125,0.7940737158060074,2753.63330078125
246000,239.321492,200,1,9062.198437500001,0.7975051552057266,2752.826171875
246200,254.809135,200,1,9217.3046875,0.785948783159256,2755.47705078125
246400,130.110238,200,3,5327.45625,0.5933485925197601,2740.590087890625
246600,216.244879,200,1,10310.0375,0.6589075177907944,2782.440185546875
246800,161.063456,200,3,10329.110937500001,0.6552804261445999,2783.068603515625
247000,162.165067,200,4,9921.4515625,0.7138481736183167,2771.22705078125
247200,173.737095,200,5,5598.856250000001,0.5785025283694267,2741.100830078125
247400,136.574111,200,3,10348.553125,0.6514056026935577,2783.719482421875
247600,226.858646,200,1,5437.128125,0.5887281149625778,2740.786865234375
247800,172.725069,200,2,10272.6484375,0.6655791401863098,2781.237548828125
248000,233.94696,200,2,9069.390625,0.7970225811004639,2752.941162109375
248200,202.659848,200,2,8758.1734375,0.8121731877326965,2748.71240234375
248400,225.982686,200,1,10329.896875,0.655127540230751,2783.0947265625
248600,233.833735,200,0,10188.825,0.6789141148328781,2778.662353515625
248800,270.56957,200,0,9901.7875,0.7161784172058105,2770.71533203125
249000,237.54123,200,1,5235.8265625,0.5951663479208946,2740.39697265625
249200,228.583428,200,1,9771.975,0.7310834527015686,2767.4404296875
249400,178.004617,200,4,5650.1,0.5746563896536827,2741.224365234375
249600,199.812124,200,3,5735.454687500001,0.5678048357367516,2741.4697265625
249800,163.042288,200,3,10187.375,0.679129883646965,2778.619140625
250000,120.97232,200,3,10229.768750000001,0.6726378202438354,2779.90087890625
250200,166.493456,200,3,10345.490625,0.6520280987024307,2783.6162109375
250400,178.029081,200,2,10060.870312500001,0.6965810060501099,2774.98193359375
250600,144.121436,200,4,6739.1546875,0.5226657912135124,2748.84130859375
250800,177.92486,200,3,5950.067187500001,0.5493886396288872,2742.370849609375
251000,73.615212,200,4,10351.4453125,0.6508122384548187,2783.817138671875
251200,116.320392,200,4,9829.635937500001,0.7245580106973648,2768.87353515625
251400,178.276891,200,4,5349.94375,0.5925938114523888,2740.632080078125
251600,91.763075,200,6,5444.176562500001,0.5883574113249779,2740.799072265625
251800,124.690128,200,3,5332.7484375,0.5931811034679413,2740.60009765625
252000,214.43933,200,2,10290.6296875,0.6624379754066467,2781.811279296875
252200,191.838062,200,3,10350.8125,0.650942474603653,2783.7958984375
252400,119.278952,200,3,9669.128125000001,0.742381140589714,2764.96826171875
252600,162.573893,200,3,5116.7328125,0.5935975909233093,2740.051513671875
252800,224.76386,200,3,9174.6109375,0.789356604218483,2754.71240234375
253000,149.187535,200,2,10355.0359375,0.650070384144783,2783.938720703125
253200,238.176882,200,3,5682.09375,0.5721451714634895,2741.31005859375
253400,224.853247,200,1,10335.6703125,0.6539938598871231,2783.286865234375
253600,239.418779,200,2,6372.403125000001,0.5197205394506454,2745.458984375
253800,188.243196,200,1,5537.215625000001,0.5827851966023445,2740.970947265625
254000,178.614742,200,2,9674.453125,0.7418068498373032,2765.09375
254200,202.621384,200,2,8822.153125,0.8101007342338562,2749.454833984375
254400,274.14901,200,1,9450.775,0.7648719847202301,2760.084716796875
254600,159.132243,200,2,7551.782812500001,0.7172883301973343,2745.808837890625
254800,188.468672,200,1,5873.2640625,0.5560412630438805,2741.996826171875
255000,183.314368,200,2,9103.875,0.7946319133043289,2753.50341796875
255200,212.853816,200,3,6687.753125,0.5191685259342194,2748.412109375
255400,231.261992,200,3,6426.703125,0.5176959559321404,2745.95849609375
255600,178.836153,200,2,9897.128125000001,0.7167275995016098,2770.5947265625
255800,241.217933,200,1,9066.246875,0.7972342520952225,2752.890625
256000,152.18054,200,6,8645.5140625,0.8143502473831177,2747.564697265625
256200,163.164495,200,2,10345.2109375,0.6520847976207733,2783.60693359375
256400,167.650416,200,2,7837.03125,0.765153095126152,2744.7978515625
256600,183.022825,200,3,10237.1015625,0.671469122171402,2780.12646484375
256800,177.237907,200,3,8106.2890625,0.7951696217060089,2744.7275390625
257000,198.016118,200,2,9298.1265625,0.7790848612785339,2756.9931640625
257200,206.049151,200,3,9701.7484375,0.7388442009687424,2765.74072265625
257400,159.062648,200,3,6623.9296875,0.5166257545351982,2747.832763671875
257600,241.500677,200,2,10276.50625,0.6649152189493179,2781.35986328125
257800,237.222174,200,3,10350.8265625,0.6509392708539963,2783.79638671875
258000,184.325058,200,3,5510.864062500001,0.5844823271036148,2740.920166015625
258200,284.449736,200,0,8908.625,0.8063992857933044,2750.563232421875
258400,193.113866,200,2,8494.99375,0.8141225576400757,2746.34228515625
258600,174.733352,200,3,5977.2421875,0.5470582097768784,2742.51806640625
258800,258.145969,200,0,9742.807812500001,0.7343310862779617,2766.728515625
259000,175.8548,200,3,10124.959375,0.6880317628383636,2776.79296875
259200,124.532723,200,4,10294.909375000001,0.6616725027561188,2781.94921875
259400,101.642385,200,6,6834.88125,0.5337123945355415,2749.4716796875
259600,206.816973,200,4,5795.178125,0.562775507569313,2741.6767578125
259800,155.60698,200,3,10133.517187500001,0.6868494302034378,2777.03955078125
260000,231.266701,200,1,10348.73125,0.651368573307991,2783.725341796875
260200,246.949827,200,1,5504.2328125,0.5848956480622292,2740.90771484375
260400,167.223412,200,4,10259.314062500001,0.6678351014852524,2780.817138671875
260600,123.964593,200,4,6205.571875000001,0.529145784676075,2744.046875
260800,212.499954,200,2,6935.565625,0.5536606907844543,2749.717529296875
261000,147.142463,200,4,9230.6890625,0.7848482578992844,2755.72216796875
261200,163.962471,200,5,5465.5546875,0.5871853232383728,2740.8369140625
261400,162.740798,200,3,10162.550000000001,0.6827521324157715,2777.884765625
261600,239.899238,200,2,5358.165625000001,0.5922914668917656,2740.647216796875
261800,92.838887,200,7,6035.2140625,0.5421759933233261,2742.856689453125
262000,226.18667,200,1,9766.9140625,0.731649324297905,2767.31640625
262200,141.142415,200,3,10239.307812500001,0.6711144745349884,2780.194580078125
262400,165.83854,200,3,6005.203125,0.5446856841444969,2742.677001953125
262600,192.917815,200,3,5622.2328125,0.5767769739031792,2741.1552734375
262800,183.943675,200,4,10316.290625000001,0.6577366590499878,2782.64501953125
263000,142.515907,200,10,8906.7078125,0.8064920455217361,2750.537353515625
263200,173.218793,200,2,10343.309375,0.6524688005447388,2783.54296875
263400,138.846548,200,6,6110.175,0.5361408740282059,2743.345458984375
263600,283.816144,200,0,10065.2390625,0.6960134208202362,2775.103515625
263800,210.715617,200,2,5635.034375,0.5758107453584671,2741.1865234375
264000,128.84844,200,4,5682.892187500001,0.5720818415284157,2741.31201171875
264200,215.712278,200,2,10161.579687500001,0.6828915327787399,2777.8564453125
264400,161.317866,200,5,9032.7890625,0.7994212210178375,2752.364013671875
264600,226.702421,200,2,9085.550000000001,0.7959176599979401,2753.202392578125
264800,211.092022,200,1,9223.278125,0.7854596525430679,2755.586181640625
265000,130.228878,200,4,5583.543750000001,0.5796043202280998,2741.067138671875
265200,136.354072,200,4,10307.8125,0.659320130944252,2782.36767578125
265400,157.331936,200,4,10332.712500000001,0.6545764207839966,2783.188232421875
265600,131.914092,200,7,10330.5453125,0.6550005823373795,2783.1162109375
265800,190.737139,200,2,7612.564062500001,0.7289302349090576,2745.5185546875
266000,230.983085,200,0,10334.6859375,0.6541881710290909,2783.254150390625
266200,222.672685,200,2,6152.053125,0.5329591780900955,2743.642822265625
266400,145.323601,200,5,8224.589062500001,0.8038891851902008,2744.994384765625
266600,153.862317,200,5,5669.7171875,0.5731258541345596,2741.276123046875
266800,180.265622,200,4,10251.6,0.6691140681505203,2780.576171875
267000,228.538887,200,1,9303.65625,0.7785969227552414,2757.10009765625
267200,186.145524,200,2,9851.1703125,0.7220832258462906,2769.417724609375
267400,167.332138,200,5,9996.090625,0.7047880440950394,2773.208251953125
267600,187.370382,200,3,8102.125,0.7948141545057297,2744.7216796875
267800,218.534489,200,3,5858.512500000001,0.5573203414678574,2741.931884765625
268000,122.14938,200,4,10326.490625,0.6557884067296982,2782.981689453125
268200,238.596183,200,3,5345.2484375,0.5927607789635658,2740.62353515625
268400,197.964468,200,1,10149.109375,0.6846660375595093,2777.49169921875
268600,98.047769,200,6,5718.440625,0.5692074075341225,2741.416259765625
268800,234.070126,200,2,5828.403125000001,0.5599240586161613,2741.8056640625
269000,101.599236,200,5,10070.4828125,0.6953293830156326,2775.25
269200,207.700813,200,1,10349.94375,0.6511208415031433,2783.766357421875
269400,222.287678,200,2,5550.025000000001,0.5819300562143326,2740.99658203125
269600,154.474521,200,2,10342.189062500001,0.6526944786310196,2783.505126953125
269800,226.989489,200,1,8858.7046875,0.8086588978767395,2749.908447265625
270000,153.299787,200,3,10295.456250000001,0.6615741550922394,2781.966796875
270200,191.391826,200,2,6350.765625,0.5206886306405067,2745.2646484375
270400,149.76436,200,5,9941.709375,0.7114246487617493,2771.758544921875
270600,153.159729,200,7,5585.984375,0.5794299393892288,2741.072265625
270800,115.717139,200,5,7634.940625,0.7330141216516495,2745.421630859375
271000,205.465213,200,2,10150.8671875,0.6844177097082138,2777.54296875
271200,248.934522,200,2,5424.168750000001,0.5893884971737862,2740.763916015625
271400,181.687685,200,2,7797.3390625,0.7595032453536987,2744.883544921875
271600,206.561814,200,4,5547.9875,0.5820673704147339,2740.992431640625
271800,214.401954,200,4,5260.025000000001,0.594901405274868,2740.4521484375
272000,162.060062,200,3,6615.2890625,0.516413114964962,2747.751953125
272200,98.398042,200,6,9975.440625000001,0.707332119345665,2772.65380859375
272400,145.227855,200,3,10309.2546875,0.6590528786182404,2782.414794921875
272600,164.756813,200,7,5629.334375,0.5762426927685738,2741.172607421875
272800,185.379253,200,4,6376.8421875,0.519532822072506,2745.499267578125
273000,196.242714,200,2,10356.767187500001,0.6497097760438919,2783.99755859375
273200,84.41752,200,5,10310.993750000001,0.6587295979261398,2782.4716796875
273400,114.884922,200,6,5508.0421875,0.5846589431166649,2740.914794921875
273600,203.180659,200,4,9838.19375,0.7235769927501678,2769.089111328125
273800,238.677524,200,2,5555.931250000001,0.5815291032195091,2741.008544921875
274000,222.171011,200,2,5919.614062500001,0.5520198121666908,2742.215576171875
274200,111.907925,200,4,10340.2625,0.6530806422233582,2783.440673828125
274400,118.732984,200,6,6089.771875,0.5377447605133057,2743.20703125
274600,41.461566,200,7,8540.0046875,0.8145815134048462,2746.671142578125
274800,112.708441,200,3,5385.203125,0.591200515627861,2740.695556640625
275000,212.498505,200,2,5591.184375000001,0.5790574476122856,2741.083984375
275200,206.906115,200,1,6882.490625,0.5419716611504555,2749.655029296875
275400,92.377495,200,4,10351.6484375,0.6507701426744461,2783.82421875
275600,230.857287,200,1,10306.403125,0.6595806032419205,2782.32177734375
275800,167.713093,200,4,10302.075,0.6603746116161346,2782.18115234375
276000,148.17486,200,2,10285.73125,0.6633054465055466,2781.654296875
276200,155.91605,200,2,10308.243750000001,0.6592400372028351,2782.3818359375
276400,202.268788,200,1,5453.9515625,0.5878299102187157,2740.81640625
276600,135.961212,200,3,10345.44375,0.6520376354455948,2783.61474609375
276800,199.195702,200,1,8776.057812500001,0.8116529881954193,2748.9130859375
277000,187.151166,200,4,10033.181250000001,0.7001347094774246,2774.217529296875
277200,218.902038,200,2,5257.71875,0.5949341133236885,2740.447265625
277400,208.458185,200,4,5289.25625,0.59436846524477,2740.5146484375
277600,257.232235,200,0,5425.5625,0.5893188342452049,2740.7666015625
277800,94.633568,200,7,5429.365625,0.589127205312252,2740.773193359375
278000,178.451248,200,3,6090.1015625,0.5377184599637985,2743.208984375
278200,224.034615,200,1,8324.9140625,0.8092237263917923,2745.37158203125
278400,155.505416,200,4,5391.9671875,0.590905211865902,2740.70751953125
278600,233.352365,200,2,8328.0234375,0.8093592524528503,2745.385498046875
278800,201.954752,200,2,10281.2484375,0.664091631770134,2781.510986328125
279000,230.360539,200,1,8218.25625,0.8034896850585938,2744.97509765625
279200,225.893939,200,2,8474.175000000001,0.8137938380241394,2746.200439453125
279400,176.208816,200,5,8122.753125,0.7965432852506638,2744.75341796875
279600,213.624238,200,2,10321.278125,0.6567898392677307,2782.809326171875
279800,207.882101,200,1,7287.603125000001,0.6564632803201675,2747.498291015625
280000,112.707411,200,5,8430.018750000001,0.8128506690263748,2745.921142578125
280200,224.480809,200,2,8726.721875000001,0.8129741251468658,2748.37158203125
280400,183.07942,200,3,10350.3328125,0.6510409712791443,2783.779541015625
280600,199.184112,200,4,5386.628125,0.5911387503147125,2740.697998046875
280800,146.931914,200,4,5335.0078125,0.5931073799729347,2740.604248046875
281000,229.918747,200,2,8334.487500000001,0.8096358180046082,2745.4150390625
281200,174.297276,200,3,10327.40625,0.6556110829114914,2783.011962890625
281400,181.567441,200,3,5473.278125000001,0.5867453292012215,2740.850830078125
281600,193.357682,200,3,5459.590625000001,0.5875197425484657,2740.826416015625
281800,260.113651,200,1,10349.509375000001,0.6512098759412766,2783.751708984375
282000,115.779506,200,5,6084.56875,0.5381591990590096,2743.172119140625
282200,126.584297,200,4,9742.3265625,0.7343842834234238,2766.716796875
282400,73.294926,200,7,5531.3359375,0.5831712856888771,2740.95947265625
282600,28.603992,200,8,10333.65625,0.6543907523155212,2783.2197265625
282800,195.999114,200,5,9085.7734375,0.7959021627902985,2753.2060546875
283000,164.055512,200,3,10350.128125000001,0.6510829925537109,2783.772705078125
283200,195.187382,200,4,5290.734375,0.5943352729082108,2740.517578125
283400,135.316805,200,7,9201.79375,0.7872053980827332,2755.1962890625
283600,267.12845,200,1,9660.79375,0.7432783395051956,2764.772705078125
283800,143.282449,200,4,5484.846875,0.5860695615410805,2740.871826171875
284000,179.434966,200,3,10353.6703125,0.6503534317016602,2783.892578125
284200,180.120329,200,4,5624.996875000001,0.5765692517161369,2741.161865234375
284400,238.727969,200,1,8171.6625,0.8003180474042892,2744.8515625
284600,238.503039,200,2,5946.44375,0.5497005209326744,2742.35205078125
284800,249.863987,200,2,9149.54375,0.7912807911634445,2754.275634765625
285000,169.802082,200,3,5350.6125,0.5925703048706055,2740.63330078125
285200,116.858335,200,3,10337.487500000001,0.6536336988210678,2783.34765625
285400,115.853378,200,6,5685.251562500001,0.5718939378857613,2741.31884765625
285600,131.194763,200,6,5376.478125000001,0.5915675312280655,2740.679931640625
285800,249.166226,200,1,10312.360937500001,0.6584744155406952,2782.516357421875
286000,160.394503,200,4,10348.31875,0.6514529138803482,2783.71142578125
286200,203.075727,200,0,10020.417187500001,0.7017488032579422,2773.8681640625
286400,150.201772,200,2,8315.9046875,0.808819904923439,2745.331787109375
286600,219.728004,200,1,9363.2984375,0.7731983810663223,2758.278076171875
286800,202.053834,200,1,7744.659375,0.7515086233615875,2745.025390625
287000,205.687977,200,2,5510.0390625,0.5845348164439201,2740.918701171875
287200,121.758891,200,4,9236.3171875,0.7843809574842453,2755.82568359375
287400,238.048412,200,1,5987.484375,0.5461857840418816,2742.5751953125
287600,206.955058,200,4,6302.9125,0.5231225118041039,2744.845458984375
287800,155.898133,200,5,8897.00625,0.8069545030593872,2750.4072265625
288000,263.467923,200,1,8343.8671875,0.81002376973629,2745.458984375
288200,237.768152,200,2,10293.6859375,0.661892369389534,2781.90966796875
288400,146.185391,200,6,5446.489062500001,0.588233657181263,2740.80322265625
288600,219.601501,200,2,10309.456250000001,0.6590157002210617,2782.42138671875
288800,116.271701,200,4,5668.9359375,0.5731872469186783,2741.27392578125
289000,218.311238,200,1,9565.65,0.7533108443021774,2762.59033203125
289200,164.613289,200,5,10212.712500000001,0.6753010302782059,2779.380859375
289400,156.518901,200,6,9446.8921875,0.7652509212493896,2760.002685546875
289600,172.798664,200,2,10311.643750000001,0.6586083769798279,2782.492919921875
289800,146.030569,200,4,5512.89375,0.5843547731637955,2740.924072265625
290000,142.671632,200,5,10258.307812500001,0.6680028885602951,2780.78564453125
290200,195.209981,200,2,10347.4375,0.6516324728727341,2783.681884765625
290400,243.06462,200,1,10351.360937500001,0.6508298218250275,2783.814208984375
290600,144.849238,200,3,10310.296875,0.6588591635227203,2782.44873046875
290800,210.58965,200,1,8239.7953125,0.8048174530267715,2745.04248046875
291000,232.371154,200,1,9937.8125,0.711892694234848,2771.65576171875
291200,209.296585,200,2,5329.720312500001,0.5932777374982834,2740.59423828125
291400,224.024123,200,1,8552.84375,0.8146502822637558,2746.7705078125
291600,254.606512,200,2,9423.775,0.7674898952245712,2759.517578125
291800,117.108603,200,3,6892.428125,0.5439593270421028,2749.678955078125
292000,222.465943,200,2,10050.0359375,0.6979802250862122,2774.681640625
292200,207.189031,200,2,6289.08125,0.5238961428403854,2744.7275390625
292400,96.83529,200,5,10355.206250000001,0.6500347703695297,2783.944580078125
292600,160.64715,200,3,6710.840625000001,0.5205611139535904,2748.6103515625
292800,224.402029,200,1,6190.190625,0.5302099138498306,2743.92822265625
293000,170.531655,200,3,10350.853125000001,0.6509342789649963,2783.797119140625
293200,220.884574,200,1,7618.056250000001,0.7299431413412094,2745.494140625
293400,152.374082,200,6,5380.434375000001,0.5914029106497765,2740.68701171875
293600,154.047875,200,3,5210.020312500001,0.5952542647719383,2740.333251953125
293800,214.145601,200,2,10322.79375,0.6565001606941223,2782.859375
294000,219.128506,200,3,5451.271875,0.5879763886332512,2740.811767578125
294200,179.879688,200,1,5820.1625,0.5606336519122124,2741.772705078125
294400,160.977188,200,2,9280.234375,0.7806481420993805,2756.650146484375
294600,179.626916,200,3,5343.3515625,0.5928263068199158,2740.619873046875
294800,157.282014,200,3,6306.2421875,0.5229410156607628,2744.874267578125
295000,239.917378,200,1,6311.5859375,0.5226535722613335,2744.92041015625
295200,215.798502,200,4,5556.907812500001,0.5814624205231667,2741.010498046875
295400,211.249582,200,1,8636.7515625,0.8144374191761017,2747.48388671875
295600,175.462196,200,5,5496.45625,0.58537308126688,2740.893310546875
295800,145.793484,200,3,10299.7265625,0.6608022004365921,2782.10498046875
296000,157.66665,200,4,5522.046875,0.5837729200720787,2740.94140625
296200,226.587448,200,3,8482.91875,0.8139408379793167,2746.259033203125
296400,233.338236,200,2,9922.0546875,0.7137763500213623,2771.24267578125
296600,201.304575,200,4,5322.1984375,0.5935098230838776,2740.580078125
296800,182.575564,200,2,5459.114062500001,0.5875461921095848,2740.82568359375
297000,196.844788,200,3,9143.2984375,0.7917508482933044,2754.168212890625
297200,214.462737,200,2,9814.965625,0.7262317836284637,2768.505859375
297400,180.800519,200,2,5739.6015625,0.5674608051776886,2741.48291015625
297600,193.172575,200,2,10062.765625,0.6963349133729935,2775.03466796875
297800,196.527541,200,2,5814.348437500001,0.561133585870266,2741.75
298000,184.747009,200,3,10337.2875,0.6536734104156494,2783.341064453125
298200,121.236026,200,4,5587.590625000001,0.5793153867125511,2741.075927734375
298400,166.050974,200,4,7481.796875,0.7028552889823914,2746.19091796875
298600,229.25432,200,1,8587.65,0.814700573682785,2747.05322265625
298800,156.646157,200,4,10255.393750000001,0.6684871762990952,2780.694580078125
299000,187.185187,200,3,8489.135937500001,0.8140371739864349,2746.301513671875
299200,197.704846,200,2,10264.7578125,0.6669208407402039,2780.98828125
299400,220.394211,200,2,6751.515625,0.5237335339188576,2748.93701171875
299600,151.235877,200,1,5444.0296875,0.5883655324578285,2740.798828125
299800,101.439849,200,6,5855.285937500001,0.5576002970337868,2741.91796875
300000,218.177831,200,1,10325.954687500001,0.6558920443058014,2782.9638671875
300200,186.002387,200,3,9671.4046875,0.7421360164880753,2765.02197265625
300400,206.020371,200,2,9661.69375,0.7431814819574356,2764.793701171875
300600,240.544564,200,1,6934.1328125,0.5533109232783318,2749.718017578125
300800,237.236939,200,2,5305.6625,0.5939726904034615,2740.5478515625
301000,152.753701,200,4,7410.9953125,0.6870749592781067,2746.627197265625
301200,135.32144,200,3,5608.535937500001,0.5777939036488533,2741.123046875
301400,151.236474,200,5,5589.439062500001,0.5791829526424408,2741.079833984375
301600,127.916338,200,5,10338.517187500001,0.6534293293952942,2783.382080078125
301800,243.279931,200,1,6051.298437500001,0.5408503487706184,2742.956787109375
302000,205.427606,200,4,5340.4609375,0.5929260328412056,2740.614501953125
302200,167.787593,200,5,10339.8359375,0.6531659513711929,2783.42626953125
302400,184.637522,200,3,5602.28125,0.5782531574368477,2741.10888671875
302600,227.788408,200,1,10325.759375000001,0.6559298932552338,2782.957275390625
302800,196.3626,200,2,5822.875,0.5604005232453346,2741.783447265625
303000,178.953935,200,3,8529.953125,0.8145083487033844,2746.594970703125
303200,169.34969,200,5,5376.75625,0.591556541621685,2740.680419921875
303400,218.685992,200,2,7863.345312500001,0.7687227427959442,2744.75146484375
303600,203.035355,200,3,7132.692187500001,0.6119387969374657,2748.720703125
303800,213.212833,200,3,5514.053125,0.5842817202210426,2740.926025390625
304000,208.001565,200,3,5360.925,0.5921861156821251,2740.652099609375
304200,172.614055,200,3,9009.9734375,0.8008409291505814,2752.014892578125
304400,235.206318,200,2,5531.31875,0.5831729620695114,2740.95947265625
304600,216.99208,200,1,8269.065625000001,0.8064838498830795,2745.14404296875
304800,153.219992,200,3,9834.340625,0.7240190356969833,2768.9921875
305000,183.891406,200,2,10311.798437500001,0.6585795432329178,2782.497802734375
305200,157.838261,200,2,5514.4203125,0.5842583626508713,2740.9267578125
305400,261.348857,200,0,6338.909375,0.5212552472949028,2745.159423828125
305600,125.389813,200,4,5495.895312500001,0.5854068696498871,2740.89208984375
305800,154.403199,200,2,10075.3828125,0.6946875900030136,2775.386962890625
306000,181.218989,200,1,5801.3671875,0.5622465908527374,2741.699951171875
306200,71.811056,200,4,10322.090625,0.6566344201564789,2782.836181640625
306400,180.041735,200,3,10124.025000000001,0.6881599873304367,2776.766357421875
306600,228.251966,200,1,9521.746875,0.7578056305646896,2761.61572265625
306800,180.693567,200,2,10278.0703125,0.6646443903446198,2781.40966796875
307000,253.669947,200,2,9681.6890625,0.7410244643688202,2765.264404296875
307200,190.036122,200,3,6029.106250000001,0.5426835268735886,2742.8193359375
307400,236.840504,200,3,5259.284375,0.5949123948812485,2740.45068359375
307600,233.700052,200,2,8882.015625,0.8076447248458862,2750.209228515625
307800,141.509661,200,4,5750.7265625,0.5665335059165955,2741.51953125
308000,212.480679,200,4,8789.354687500001,0.8112364262342453,2749.06591796875
308200,179.574025,200,1,6548.8578125,0.5156690999865532,2747.119873046875
308400,168.715951,200,4,10342.490625,0.6526338309049606,2783.51513671875
308600,159.111403,200,5,9931.0078125,0.7127081602811813,2771.477294921875
308800,192.081499,200,2,5592.815625,0.5789396166801453,2741.08740234375
309000,137.045159,200,2,10352.7390625,0.6505458801984787,2783.86083984375
309200,134.455561,200,4,10351.6171875,0.6507772952318192,2783.822998046875
309400,124.0029,200,4,10280.376562500001,0.6642432510852814,2781.483154296875
309600,144.598359,200,3,10338.96875,0.6533391028642654,2783.397216796875
309800,186.888676,200,2,9135.8375,0.7923076301813126,2754.04052734375
310000,235.709904,200,1,9281.839062500001,0.780508741736412,2756.6806640625
310200,239.413358,200,1,10172.8015625,0.6812708079814911,2778.186767578125
310400,177.53554,200,1,5348.0390625,0.5926618725061417,2740.62841796875
310600,255.435985,200,0,10166.800000000001,0.6821402907371521,2778.009765625
310800,194.185706,200,3,10265.462500000001,0.6668022274971008,2781.010498046875
311000,252.615105,200,1,10213.9921875,0.6751036643981934,2779.419677734375
311200,217.827772,200,0,9280.084375,0.7806611061096191,2756.647216796875
311400,219.353631,200,3,7129.3125,0.6109004095196724,2748.746826171875
311600,212.798834,200,3,8015.3046875,0.7866284996271133,2744.648681640625
311800,155.930336,200,4,5368.065625,0.5919079482555389,2740.6650390625
312000,168.316767,200,2,8848.1421875,0.8090946078300476,2749.775146484375
312200,227.976415,200,2,10339.767187500001,0.6531796604394913,2783.424072265625
312400,173.52767,200,2,9359.8421875,0.7735176384449005,2758.208740234375
312600,256.074633,200,1,9508.721875000001,0.7591214776039124,2761.33056640625
312800,246.212087,200,2,5516.3890625,0.5841341987252235,2740.9306640625
313000,206.950907,200,3,6634.159375,0.5169156566262245,2747.927978515625
313200,174.215238,200,3,10351.6765625,0.6507647037506104,2783.824951171875
313400,175.770956,200,4,9104.46875,0.7945894449949265,2753.51318359375
313600,110.350431,200,3,10350.198437500001,0.651068389415741,2783.77490234375
313800,190.496802,200,3,8037.700000000001,0.7888811826705933,2744.658203125
314000,220.241049,200,3,10210.7484375,0.6756028532981873,2779.3212890625
314200,206.551475,200,2,5480.064062500001,0.5863508209586143,2740.86328125
314400,224.586672,200,2,8749.4578125,0.8124095946550369,2748.6162109375
314600,170.702987,200,2,10027.35625,0.7008730620145798,2774.0576171875
314800,246.858171,200,1,8676.515625,0.8139444142580032,2747.8603515625
315000,236.289041,200,1,6541.485937500001,0.5156755074858665,2747.04931640625
315200,249.029459,200,2,10188.7703125,0.6789226084947586,2778.660888671875
315400,264.662435,200,1,6400.8359375,0.5185848474502563,2745.718505859375
315600,241.264746,200,1,10084.4734375,0.6934896856546402,2775.64208984375
315800,159.652686,200,3,8350.0375,0.8102702349424362,2745.48828125
316000,204.317687,200,2,5763.5140625,0.5654601752758026,2741.56298828125
316200,210.141218,200,1,5367.346875,0.5919363349676132,2740.66357421875
316400,248.999612,200,1,9787.9390625,0.7292909175157547,2767.833740234375
316600,170.369652,200,3,5410.9640625,0.5900322645902634,2740.74072265625
316800,235.240908,200,2,10312.634375000001,0.6584234535694122,2782.525390625
317000,173.813236,200,2,10351.3875,0.6508242338895798,2783.815185546875
317200,153.960618,200,4,5358.3671875,0.592283234000206,2740.6474609375
317400,129.987639,200,3,9905.715625,0.715714693069458,2770.817138671875
317600,102.790716,200,2,10346.698437500001,0.6517831236124039,2783.656982421875
317800,88.842531,200,4,5481.223437500001,0.5862828716635704,2740.865234375
318000,86.89631,200,4,10323.6375,0.6563381850719452,2782.88720703125
318200,155.095466,200,2,10261.759375000001,0.6674256920814514,2780.89404296875
318400,236.578471,200,1,7665.9671875,0.7385004311800003,2745.2958984375
318600,152.942546,200,4,10349.4671875,0.651218518614769,2783.750244140625
318800,162.261208,200,2,10353.4671875,0.6503958255052567,2783.885498046875
319000,201.246087,200,1,8599.415625,0.8146727830171585,2747.15283203125
319200,178.53815,200,2,8058.05,0.7908422499895096,2744.67236328125
319400,261.971508,200,0,9670.2515625,0.742260292172432,2764.99462890625
319600,202.839162,200,2,10038.896875,0.699407234787941,2774.374267578125
319800,219.631615,200,3,10303.392187500001,0.6601341813802719,2782.223876953125
320000,79.088778,200,8,10334.260937500001,0.6542719155550003,2783.239990234375
320200,250.641125,200,2,5918.262500000001,0.5521363019943237,2742.208984375
320400,153.863956,200,4,5797.909375,0.5625419318675995,2741.68701171875
320600,130.274041,200,4,5539.517187500001,0.5826329439878464,2740.9755859375
320800,215.863951,200,2,6001.9640625,0.5449584871530533,2742.658203125
321000,222.570267,200,4,5468.759375000001,0.5870041623711586,2740.8427734375
321200,126.375858,200,5,5838.221875,0.5590765923261642,2741.845947265625
321400,204.553419,200,3,5636.5296875,0.575697124004364,2741.190185546875
321600,237.383529,200,3,5915.739062500001,0.5523554235696793,2742.1962890625
321800,180.327736,200,3,10320.065625000001,0.6570210307836533,2782.769287109375
322000,191.243119,200,1,10334.75,0.6541754305362701,2783.256103515625
322200,198.54442,200,2,9780.6015625,0.730116069316864,2767.652587890625
322400,169.092948,200,4,5491.3859375,0.5856795981526375,2740.8837890625
322600,244.453299,200,1,5772.578125,0.5646961182355881,2741.5947265625
322800,177.832822,200,2,10331.470312500001,0.65481998026371,2783.14697265625
323000,171.7595,200,3,7519.285937500001,0.710725262761116,2745.97998046875
323200,133.736501,200,4,10283.478125000001,0.663701668381691,2781.58203125
323400,136.877487,200,2,6244.184375000001,0.5266019329428673,2744.3544921875
323600,232.147473,200,3,10231.056250000001,0.6724335253238678,2779.9404296875
323800,219.929217,200,1,10271.009375000001,0.6658593565225601,2781.185546875
324000,235.562545,200,3,6318.784375,0.5222730711102486,2744.982666015625
324200,248.268074,200,0,6166.315625,0.5319132655858994,2743.748046875
324400,185.135598,200,1,5326.171875,0.5933891981840134,2740.587646484375
324600,114.881004,200,5,9160.018750000001,0.7904836535453796,2754.45703125
324800,139.631434,200,2,5647.8578125,0.5748290568590164,2741.218505859375
325000,183.437385,200,2,10321.2,0.6568046659231186,2782.806640625
325200,211.11059,200,2,7604.0296875,0.7273449003696442,2745.556884765625
325400,254.090115,200,1,10182.85625,0.6797982007265091,2778.484619140625
325600,176.255548,200,3,10351.1703125,0.6508690118789673,2783.807861328125
325800,191.876489,200,1,8180.770312500001,0.800970047712326,2744.873291015625
326000,231.125371,200,2,5648.7375,0.5747612193226814,2741.220703125
326200,221.828633,200,0,9979.900000000001,0.7067853957414627,2772.77294921875
326400,234.966402,200,1,5466.4453125,0.5871350318193436,2740.838623046875
326600,172.38444,200,3,10342.0828125,0.6527155637741089,2783.501708984375
326800,207.103636,200,1,10188.448437500001,0.6789705157279968,2778.651123046875
327000,168.450682,200,3,9481.140625,0.7618803530931473,2760.73291015625
327200,222.230093,200,0,9730.6796875,0.7356710731983185,2766.43505859375
327400,245.03193,200,2,6239.6625,0.5268895998597145,2744.317626953125
327600,158.415515,200,4,5427.1328125,0.5892395973205566,2740.76904296875
327800,225.205357,200,1,6835.09375,0.5337447673082352,2749.47265625
328000,107.699638,200,5,5917.921875,0.5521660670638084,2742.207275390625
328200,151.273245,200,5,5823.129687500001,0.5603784695267677,2741.78466796875
328400,89.557241,200,5,10295.743750000001,0.6615224480628967,2781.97607421875
328600,232.020815,200,2,10010.2,0.7030313462018967,2773.59033203125
328800,69.88557,200,7,10334.0984375,0.654304027557373,2783.234375
329000,239.662395,200,1,10056.134375000001,0.6971943378448486,2774.8505859375
329200,194.50795,200,3,10245.3828125,0.6701315194368362,2780.3828125
329400,220.969397,200,2,10331.993750000001,0.6547177582979202,2783.164306640625
329600,236.138374,200,1,10331.78125,0.6547591090202332,2783.1572265625
329800,208.454096,200,4,6355.63125,0.5204633995890617,2745.30810546875
330000,191.776581,200,2,10333.698437500001,0.6543825566768646,2783.22119140625
330200,164.17406,200,3,8505.340625,0.8142583817243576,2746.4150390625
330400,160.712407,200,3,9856.875,0.7214241474866867,2769.5625
330600,182.242437,200,2,10348.2640625,0.6514642387628555,2783.709716796875
330800,38.826257,200,6,10328.3171875,0.6554344296455383,2783.042236328125
331000,116.46377,200,5,5952.079687500001,0.5492157489061356,2742.381591796875
331200,165.145896,200,3,7001.048437500001,0.571383498609066,2749.5673828125
331400,110.630415,200,4,5476.2484375,0.5865738168358803,2740.856201171875
331600,257.073046,200,1,9043.3609375,0.7987432926893234,2752.528564453125
331800,245.257689,200,3,6258.315625,0.5257195234298706,2744.469970703125
332000,204.029373,200,3,8290.234375,0.807589665055275,2745.22509765625
332200,167.835004,200,3,10347.6625,0.651586651802063,2783.689453125
332400,220.184966,200,1,6685.254687500001,0.5190335214138031,2748.390380859375
332600,153.989597,200,2,10343.45,0.6524404883384705,2783.547607421875
332800,172.657062,200,4,5908.2421875,0.553005188703537,2742.159912109375
333000,121.87074,200,4,8589.41875,0.8146975934505463,2747.068115234375
333200,101.414095,200,7,10297.642187500001,0.66118024289608,2782.037353515625
333400,175.61985,200,2,5489.6015625,0.5857866257429123,2740.880615234375
333600,237.8818,200,2,5516.7796875,0.584108866751194,2740.931396484375
333800,177.798148,200,2,10210.510937500001,0.6756394356489182,2779.314208984375
334000,237.632924,200,1,10189.4203125,0.6788256019353867,2778.68017578125
334200,149.046149,200,4,5441.425,0.5885029956698418,2740.794189453125
334400,150.484775,200,4,8775.871875,0.8116587251424789,2748.9111328125
334600,226.823289,200,2,5474.471875,0.5866765230894089,2740.85302734375
334800,183.754702,200,2,10355.126562500001,0.6500513106584549,2783.94189453125
335000,78.281516,200,5,8599.596875000001,0.8146721124649048,2747.154541015625
335200,150.478178,200,4,5486.3859375,0.585978701710701,2740.874755859375
335400,195.021725,200,2,5615.5890625,0.5772724002599716,2741.139404296875
335600,226.46312,200,2,7547.2015625,0.7163766771554947,2745.832275390625
335800,141.075213,200,2,10323.721875000001,0.6563218683004379,2782.889892578125
336000,163.33283,200,3,9815.2515625,0.7261992245912552,2768.512939453125
336200,195.078566,200,2,6241.392187500001,0.5267790704965591,2744.331787109375
336400,174.980198,200,4,9135.9125,0.7923022657632828,2754.0419921875
336600,239.383134,200,2,10215.3890625,0.6748877465724945,2779.462158203125
336800,204.445842,200,1,10339.715625,0.6531894952058792,2783.42236328125
337000,279.897696,200,0,9941.064062500001,0.7115021347999573,2771.741455078125
337200,170.406581,200,0,6044.626562500001,0.541398786008358,2742.9150390625
337400,203.025199,200,2,5813.5,0.5612066388130188,2741.74658203125
337600,117.137387,200,5,7824.584375,0.7634152472019196,2744.82275390625
337800,158.616165,200,2,10201.956250000001,0.6769436597824097,2779.055908203125
338000,139.221963,200,4,5464.439062500001,0.5872486904263496,2740.835205078125
338200,256.168425,200,1,10338.3984375,0.6534523516893387,2783.378173828125
338400,177.915534,200,3,10318.518750000001,0.65731480717659,2782.718505859375
338600,192.599476,200,4,6306.142187500001,0.5229468643665314,2744.873291015625
338800,149.815689,200,2,9792.221875000001,0.7288080453872681,2767.93994140625
339000,220.228292,200,2,5620.440625,0.5769107863306999,2741.15087890625
339200,177.874544,200,3,6224.001562500001,0.5279079452157021,2744.192138671875
339400,184.305096,200,3,6632.243750000001,0.5168585479259491,2747.91015625
339600,175.956122,200,3,9060.3109375,0.7976308465003967,2752.7958984375
339800,171.744205,200,3,9347.465625,0.774654820561409,2757.961181640625
340000,226.061986,200,1,8951.275,0.8042136579751968,2751.154052734375
340200,182.276981,200,3,5858.212500000001,0.5573464930057526,2741.9306640625
340400,160.595803,200,4,7728.056250000001,0.7488716393709183,2745.07666015625
340600,240.338515,200,2,5376.5421875,0.5915651097893715,2740.68017578125
340800,133.975261,200,5,9825.7234375,0.7250051945447922,2768.775390625
341000,190.829016,200,2,5559.2296875,0.5813037604093552,2741.015380859375
341200,165.541781,200,3,10174.525000000001,0.6810195744037628,2778.23779296875
341400,199.792315,200,2,5375.721875,0.5915990099310875,2740.6787109375
341600,172.604006,200,2,9470.15625,0.7629682123661041,2760.497314453125
341800,175.690792,200,3,9689.839062500001,0.7401406764984131,2765.45751953125
342000,210.354061,200,2,8801.620312500001,0.8108292520046234,2749.209228515625
342200,237.953953,200,2,6877.840625000001,0.5410731956362724,2749.64208984375
342400,234.390587,200,4,5953.931250000001,0.5490554869174957,2742.391357421875
342600,237.227504,200,1,8365.29375,0.8108503371477127,2745.563720703125
342800,153.259096,200,1,10306.1,0.6596364825963974,2782.31201171875
343000,246.711532,200,2,8200.18125,0.8023079484701157,2744.923828125
343200,172.8426,200,3,6046.5078125,0.54124366492033,2742.9267578125
343400,185.048262,200,2,10233.885937500001,0.6719832867383957,2780.027587890625
343600,171.224843,200,2,5350.707812500001,0.5925659835338593,2740.633544921875
343800,88.989721,200,5,10111.493750000001,0.6898705661296844,2776.407470703125
344000,272.379548,200,0,10219.45,0.6742577254772186,2779.58544921875
344200,112.255628,200,5,5739.3546875,0.5674813687801361,2741.482177734375
344400,194.371864,200,5,5366.084375,0.5919865146279335,2740.661376953125
344600,125.599046,200,4,5531.918750000001,0.5831329897046089,2740.960693359375
344800,59.73575,200,5,10329.240625,0.6552550196647644,2783.07275390625
345000,205.919934,200,2,9913.745312500001,0.7147639244794846,2771.026123046875
345200,150.579298,200,3,10347.215625,0.6516777724027634,2783.67431640625
345400,186.403268,200,2,9820.0671875,0.7256508618593216,2768.633544921875
345600,209.161388,200,2,10318.4921875,0.6573197990655899,2782.717529296875
345800,187.365432,200,2,10006.003125000001,0.7035553455352783,2773.476318359375
346000,153.356177,200,1,8516.9984375,0.8143892884254456,2746.4990234375
346200,182.896636,200,2,10258.553125,0.6679621338844299,2780.79345703125
346400,148.834883,200,4,10161.112500000001,0.6829582154750824,2777.842529296875
346600,157.661426,200,3,5697.9765625,0.5708720535039902,2741.355224609375
346800,214.716543,200,4,5753.0453125,0.5663396045565605,2741.52734375
347000,232.96579,200,1,10345.209375,0.6520847976207733,2783.60693359375
347200,104.553971,200,4,10050.53125,0.6979165226221085,2774.6953125
347400,237.607169,200,2,6201.1703125,0.5294477194547653,2744.012939453125
347600,233.549859,200,3,6043.5734375,0.5414852872490883,2742.908447265625
347800,202.278893,200,4,5496.1,0.5853944644331932,2740.892578125
348000,170.060454,200,2,10328.392187500001,0.6554201990365982,2783.044677734375
348200,206.692831,200,2,5327.803125,0.5933381617069244,2740.590576171875
348400,231.482263,200,2,5596.8984375,0.578644759953022,2741.0966796875
348600,177.519555,200,4,10017.081250000001,0.7021684944629669,2773.77734375
348800,164.565326,200,3,9833.5828125,0.7241059839725494,2768.972900390625
349000,229.784086,200,2,10297.759375000001,0.6611590087413788,2782.041259765625
349200,173.757148,200,4,5471.128125,0.5868685990571976,2740.84716796875
349400,157.464575,200,2,6977.234375,0.5645805224776268,2749.650390625
349600,211.869989,200,2,9948.915625000001,0.7105564326047897,2771.948486328125
349800,99.701925,200,5,5766.020312500001,0.5652492120862007,2741.57177734375
350000,205.608954,200,2,9102.30625,0.794743075966835,2753.4775390625
350200,249.097532,200,0,5879.731250000001,0.5554800108075142,2742.026123046875
350400,190.473252,200,4,9606.44375,0.7490566372871399,2763.5146484375
350600,132.077909,200,4,10354.987500000001,0.6500803679227829,2783.937255859375
350800,213.855309,200,2,10136.1484375,0.6864836812019348,2777.115478515625
351000,195.95949,200,1,10340.0765625,0.6531181186437607,2783.434326171875
351200,157.970571,200,4,9592.559375,0.7505127042531967,2763.197998046875
351400,139.98135,200,3,10340.400000000001,0.6530531495809555,2783.4453125
351600,212.989573,200,2,6414.7453125,0.5180889740586281,2745.84716796875
351800,282.964701,200,0,7449.7453125,0.6958626955747604,2746.38232421875
352000,198.551363,200,2,5657.509375000001,0.5740814283490181,2741.24365234375
352200,185.123326,200,3,10321.314062500001,0.6567829102277756,2782.810546875
352400,226.25759,200,3,5520.457812500001,0.5838746950030327,2740.9384765625
352600,215.819162,200,3,5645.25,0.5750296637415886,2741.2119140625
352800,264.999687,200,0,9999.84375,0.7043223083019257,2773.3095703125
353000,152.99171,200,4,7672.5390625,0.7396361231803894,2745.270751953125
353200,143.587885,200,3,5652.9375,0.5744365602731705,2741.231689453125
353400,213.866919,200,4,5802.4015625,0.5621581524610519,2741.703857421875
353600,159.719354,200,4,5987.50625,0.5461839586496353,2742.575439453125
353800,211.335455,200,5,5999.128125,0.5451988056302071,2742.641845703125
354000,242.634314,200,1,5900.535937500001,0.5536738783121109,2742.123046875
354200,206.293251,200,3,10213.259375000001,0.6752163171768188,2779.3974609375
354400,166.020099,200,4,5530.0421875,0.5832557752728462,2740.95703125
354600,187.087546,200,3,10317.3328125,0.6575395911931992,2782.679443359375
354800,229.335496,200,2,5829.3078125,0.5598459392786026,2741.8095703125
355000,146.470616,200,2,9950.928125,0.7103132456541061,2772.001708984375
355200,205.177185,200,1,5509.090625000001,0.5845938250422478,2740.916748046875
355400,179.625225,200,3,9683.9046875,0.7407843321561813,2765.31689453125
355600,143.864324,200,4,10298.3828125,0.6610457599163055,2782.0615234375
355800,238.036595,200,1,10094.1625,0.6922026723623276,2775.915283203125
356000,162.285913,200,2,5591.7015625,0.579020120203495,2741.0849609375
356200,229.776829,200,1,9328.7546875,0.7763548195362091,2757.59033203125
356400,263.934248,200,1,5578.4765625,0.5799634009599686,2741.05615234375
356600,158.715737,200,2,10323.032812500001,0.6564541161060333,2782.8671875
356800,197.647409,200,0,6047.340625000001,0.5411750823259354,2742.931884765625
357000,121.987491,200,5,6317.142187500001,0.5223586782813072,2744.968505859375
357200,205.946254,200,2,10060.470312500001,0.6966330111026764,2774.970947265625
357400,230.329913,200,1,10297.5234375,0.6612017750740051,2782.03369140625
357600,223.830869,200,2,8937.3265625,0.8049536496400833,2750.95751953125
357800,172.821385,200,3,6011.067187500001,0.5441920086741447,2742.711181640625
358000,76.087258,200,4,9989.296875,0.7056284695863724,2773.025146484375
358200,212.850795,200,2,5352.45625,0.5925027653574944,2740.63671875
358400,208.9537,200,2,5999.5140625,0.5451658740639687,2742.64404296875
358600,275.635398,200,0,9930.121875,0.7128138840198517,2771.453857421875
358800,210.983014,200,1,6758.735937500001,0.5244015529751778,2748.991455078125
359000,145.881298,200,4,9228.1640625,0.7850570231676102,2755.675537109375
359200,100.963438,200,4,5638.365625,0.5755573138594627,2741.194580078125
359400,149.085929,200,3,9229.417187500001,0.7849534600973129,2755.69873046875
359600,103.037497,200,5,10343.3515625,0.6524600833654404,2783.544189453125
359800,116.396162,200,4,10323.003125000001,0.6564599275588989,2782.8662109375
360000,149.136211,200,3,10289.2578125,0.662681832909584,2781.767333984375
360200,190.395008,200,1,9066.2640625,0.797232910990715,2752.890869140625
360400,247.627478,200,1,7016.8390625,0.5760660767555237,2749.49658203125
360600,184.39184,200,2,10343.4375,0.6524428725242615,2783.547119140625
360800,103.408376,200,4,10290.081250000001,0.6625355035066605,2781.793701171875
361000,152.727026,200,3,6083.3890625,0.5382532253861427,2743.164306640625
361200,148.921101,200,5,6200.0140625,0.5295269563794136,2744.003662109375
361400,163.022746,200,2,6147.610937500001,0.5332891270518303,2743.610595703125
361600,254.594047,200,1,5604.121875000001,0.5781190097332001,2741.113037109375
361800,246.973915,200,0,10290.478125000001,0.6624650955200195,2781.806396484375
362000,177.852883,200,3,10283.771875,0.6636495888233185,2781.591552734375
362200,239.681302,200,0,6742.1671875,0.5229176953434944,2748.864990234375
362400,242.341095,200,2,8778.0796875,0.8115913718938828,2748.936279296875
362600,206.891687,200,1,9456.90625,0.7642719149589539,2760.21484375
362800,225.020243,200,2,5348.9640625,0.5926291644573212,2740.630126953125
363000,175.386225,200,3,6069.535937500001,0.5393660441040993,2743.073486328125
363200,42.528789,200,6,10350.4375,0.6510195136070251,2783.783203125
363400,180.559155,200,1,10205.7890625,0.676361620426178,2779.171630859375
363600,197.801603,200,3,10342.345312500001,0.6526631116867065,2783.510498046875
363800,162.594384,200,5,6422.3984375,0.5178339406847954,2745.91845703125
364000,241.198882,200,2,5466.493750000001,0.5871323496103287,2740.8388671875
364200,262.793133,200,0,10130.0078125,0.687335729598999,2776.938232421875
364400,202.374721,200,1,5837.103125000001,0.5591731518507004,2741.84130859375
364600,136.901365,200,4,8965.315625000001,0.8034445345401764,2751.35498046875
364800,201.515995,200,2,9577.4125,0.7520917803049088,2762.85498046875
365000,213.514354,200,1,7924.0140625,0.776422768831253,2744.676025390625
365200,128.4434,200,3,5591.828125,0.5790108814835548,2741.085205078125
365400,267.551804,200,1,9874.309375,0.7193998992443085,2770.00732421875
365600,115.89406,200,5,6481.3546875,0.5163129419088364,2746.47412109375
365800,167.43471,200,3,5400.4953125,0.5905216932296753,2740.722412109375
366000,277.243792,200,0,9493.25,0.7606738805770874,2760.994140625
366200,127.668904,200,3,5451.9796875,0.587937980890274,2740.81298828125
366400,218.291081,200,2,7326.578125,0.6665850430727005,2747.208984375
366600,74.687359,200,6,6066.4609375,0.5396152660250664,2743.0537109375
366800,202.081465,200,3,5412.754687500001,0.5899471044540405,2740.744140625
367000,201.947329,200,1,9995.2875,0.7048873603343964,2773.1865234375
367200,240.103398,200,1,10341.725,0.652788057923317,2783.489501953125
367400,242.197003,200,1,5510.212500000001,0.5845234170556068,2740.9189453125
367600,207.398509,200,1,10175.109375,0.680934339761734,2778.2548828125
367800,253.747342,200,2,9390.9234375,0.7706186920404434,2758.838623046875
368000,168.3347,200,3,5682.2484375,0.5721328780055046,2741.310302734375
368200,171.197497,200,3,10094.584375,0.6921464204788208,2775.92724609375
368400,233.272131,200,1,6045.614062500001,0.5413174256682396,2742.921142578125
368600,169.980795,200,4,5571.9375,0.5804229900240898,2741.0419921875
368800,212.366512,200,2,6086.3359375,0.5380183085799217,2743.18408203125
369000,192.116834,200,3,6373.817187500001,0.5196602270007133,2745.4716796875
369200,166.181913,200,5,10342.917187500001,0.6525478512048721,2783.52978515625
369400,91.666083,200,4,10355.0203125,0.6500735878944397,2783.938232421875
369600,257.975387,200,2,5497.0921875,0.5853342264890671,2740.89453125
369800,238.440258,200,2,5950.329687500001,0.5493658781051636,2742.372314453125
370000,269.547653,200,1,8100.9359375,0.7947117835283279,2744.7197265625
370200,172.408561,200,3,6055.150000000001,0.5405352264642715,2742.981201171875
370400,170.088794,200,3,10100.893750000001,0.6913017481565475,2776.10595703125
370600,244.078826,200,2,5938.0,0.5504292622208595,2742.308349609375
370800,246.37835,200,1,10330.7171875,0.6549670547246933,2783.121826171875
371000,208.796331,200,2,5231.001562500001,0.5951986461877823,2740.385498046875
371200,208.828222,200,2,7173.7296875,0.6243714317679405,2748.39453125
371400,213.202925,200,3,6185.3984375,0.5305467173457146,2743.8916015625
371600,161.661995,200,4,9459.2640625,0.7640407234430313,2760.264892578125
371800,213.654463,200,2,5663.2140625,0.5736361816525459,2741.258544921875
372000,103.872432,200,6,10323.550000000001,0.6563547253608704,2782.88427734375
372200,165.904682,200,3,10292.900000000001,0.662032887339592,2781.88427734375
372400,159.188546,200,3,9714.196875,0.7374829053878784,2766.03857421875
372600,131.752843,200,3,8750.9140625,0.8123710006475449,2748.63232421875
372800,206.835198,200,4,6800.860937500001,0.5290094017982483,2749.28076171875
373000,228.799628,200,2,5567.470312500001,0.5807345733046532,2741.032470703125
373200,189.703123,200,3,10101.339062500001,0.6912416964769363,2776.11865234375
373400,168.900954,200,5,10111.6484375,0.6898496299982071,2776.411865234375
373600,215.126837,200,3,9333.471875000001,0.7759284973144531,2757.68359375
373800,195.46379,200,2,9682.540625,0.7409321516752243,2765.28466796875
374000,157.371024,200,4,10354.306250000001,0.6502217799425125,2783.9140625
374200,205.974743,200,2,10331.087500000001,0.6548947095870972,2783.13427734375
374400,216.371868,200,3,5875.25,0.5558687448501587,2742.005859375
374600,109.602054,200,4,10326.0296875,0.6558777391910553,2782.96630859375
374800,212.908094,200,2,9495.2109375,0.7604777067899704,2761.03662109375
375000,98.457752,200,5,5344.9609375,0.5927705019712448,2740.622802734375
375200,182.651216,200,2,9370.1328125,0.772564709186554,2758.416015625
375400,156.702742,200,2,10325.440625000001,0.6559912115335464,2782.94677734375
375600,242.600891,200,2,5400.940625,0.5905009806156158,2740.72314453125
375800,260.9444,200,1,10306.6,0.6595439463853836,2782.328125
376000,144.338761,200,3,10055.5,0.6972760707139969,2774.8330078125
376200,138.751561,200,3,5489.796875,0.5857747048139572,2740.880859375
376400,221.074112,200,3,5863.801562500001,0.5568619817495346,2741.955078125
376600,223.326134,200,2,9989.8421875,0.7055611163377762,2773.039794921875
376800,163.788464,200,6,6122.396875,0.5351968854665756,2743.4306640625
377000,133.378113,200,4,8936.85,0.8049784600734711,2750.950927734375
377200,236.035908,200,1,9584.565625000001,0.7513470947742462,2763.016845703125
377400,219.840581,200,2,8600.28125,0.8146700263023376,2747.160400390625
377600,194.46321,200,2,10273.870312500001,0.6653693318367004,2781.2763671875
377800,161.504178,200,4,5597.3578125,0.5786115303635597,2741.097412109375
378000,231.690588,200,2,5639.396875,0.5754782259464264,2741.197265625
378200,147.988293,200,5,10301.6171875,0.6604582816362381,2782.166259765625
378400,161.867453,200,3,9888.5375,0.7177366316318512,2770.373046875
378600,169.474875,200,2,10340.073437500001,0.6531184911727905,2783.434326171875
378800,131.688778,200,4,10086.337500000001,0.693243071436882,2775.694580078125
379000,188.401348,200,3,7505.470312500001,0.7078635692596436,2746.05615234375
379200,260.754327,200,0,10322.246875,0.6566047668457031,2782.84130859375
379400,126.103826,200,5,10294.734375,0.6617040187120438,2781.943603515625
379600,235.095177,200,2,6278.8109375,0.5244895443320274,2744.640625
379800,149.675753,200,3,7674.746875000001,0.7400157302618027,2745.262451171875
380000,231.130596,200,4,10353.1296875,0.650465190410614,2783.874267578125
380200,123.506908,200,3,5534.08125,0.5829915031790733,2740.96484375
380400,160.186556,200,4,10338.1546875,0.6535013765096664,2783.369873046875
380600,189.09068,200,3,9313.65625,0.777708888053894,2757.294677734375
380800,199.4905,200,2,5476.625,0.5865514650940895,2740.85693359375
381000,96.786785,200,3,10250.365625,0.6693167239427567,2780.537841796875
381200,154.83779,200,3,10350.540625000001,0.6509978324174881,2783.78662109375
381400,225.208152,200,2,6239.3390625,0.5269104242324829,2744.31494140625
381600,223.211161,200,1,8986.05625,0.8022645115852356,2751.65771484375
381800,169.31389,200,2,10257.087500000001,0.6682062894105911,2780.74755859375
382000,219.525567,200,1,6162.8359375,0.5321666598320007,2743.72216796875
382200,192.446636,200,2,6115.065625,0.5357616394758224,2743.37939453125
382400,199.850414,200,2,5451.5859375,0.5879590660333633,2740.812255859375
382600,223.449991,200,1,9585.384375,0.7512619346380234,2763.03515625
382800,221.021876,200,1,5948.728125000001,0.5495039746165276,2742.364013671875
383000,239.081228,200,1,10295.009375000001,0.6616546213626862,2781.952392578125
383200,155.906117,200,3,7134.38125,0.6124590709805489,2748.707275390625
383400,131.278719,200,3,5941.225,0.5501506850123405,2742.324951171875
383600,121.660441,200,6,5560.896875,0.5811893567442894,2741.018798828125
383800,199.363588,200,3,6045.6046875,0.5413182452321053,2742.9208984375
384000,139.884784,200,5,5916.20625,0.5523150414228439,2742.19873046875
384200,138.597412,200,5,5427.270312500001,0.5892330408096313,2740.769287109375
384400,146.743922,200,5,5440.121875000001,0.5885712057352066,2740.7919921875
384600,219.910418,200,2,9976.06875,0.7072552293539047,2772.67041015625
384800,169.105005,200,3,10275.931250000001,0.6650140136480331,2781.341796875
385000,135.36513,200,4,9512.276562500001,0.7587631046772003,2761.408203125
385200,156.89467,200,4,10321.214062500001,0.6568021327257156,2782.807373046875
385400,166.585341,200,3,9415.721875000001,0.7682628929615021,2759.349853515625
385600,200.252045,200,2,10340.056250000001,0.6531219929456711,2783.43359375
385800,222.21269,200,3,10180.7390625,0.6801096349954605,2778.421875
386000,210.044897,200,3,5656.3734375,0.5741703137755394,2741.24072265625
386200,119.962075,200,3,6237.64375,0.527019277215004,2744.301513671875
386400,77.233402,200,5,5480.1640625,0.5863451585173607,2740.86328125
386600,171.296836,200,5,9554.8765625,0.7544221729040146,2762.349365234375
386800,164.913452,200,2,5601.33125,0.5783221125602722,2741.106689453125
387000,110.946027,200,4,10331.0703125,0.6548982113599777,2783.133544921875
387200,186.418511,200,3,10319.5671875,0.6571158766746521,2782.7529296875
387400,213.964609,200,3,10314.985937500001,0.6579820811748505,2782.602294921875
387600,180.831086,200,5,9995.8484375,0.7048181444406509,2773.20166015625
387800,178.989107,200,2,8875.831250000001,0.8079208433628082,2750.128662109375
388000,179.276535,200,2,10325.0453125,0.656067281961441,2782.933837890625
388200,268.187962,200,1,10293.078125,0.6620007753372192,2781.89013671875
388400,278.869647,200,0,10334.725,0.6541801989078522,2783.25537109375
388600,106.076056,200,5,10282.189062500001,0.6639272719621658,2781.541015625
388800,122.674448,200,3,10206.1390625,0.6763081252574921,2779.181884765625
389000,175.076985,200,3,10332.173437500001,0.654682070016861,2783.17041015625
389200,180.035343,200,3,7193.075000000001,0.6300859898328781,2748.239501953125
389400,147.654036,200,2,5549.001562500001,0.581999197602272,2740.99462890625
389600,239.165459,200,1,10105.104687500001,0.6907349079847336,2776.2255859375
389800,162.262969,200,4,5232.493750000001,0.5951895192265511,2740.388916015625
390000,186.587162,200,3,10278.7,0.6645351648330688,2781.4296875
390200,224.035332,200,4,8260.823437500001,0.8060304075479507,2745.1142578125
390400,182.257185,200,2,10302.337500000001,0.6603269279003143,2782.189453125
390600,212.005199,200,2,5453.5140625,0.5878542736172676,2740.815673828125
390800,133.94273,200,4,6213.740625,0.5285921320319176,2744.11083984375
391000,187.119613,200,3,6603.067187500001,0.5161602050065994,2747.63671875
391200,254.166597,200,1,7565.626562500001,0.720011368393898,2745.739501953125
391400,204.571946,200,3,5823.314062500001,0.5603626370429993,2741.785400390625
391600,164.223009,200,4,10169.204687500001,0.6817925721406937,2778.08056640625
391800,216.975724,200,3,10266.871875,0.6665637344121933,2781.054931640625
392000,226.883849,200,1,5378.556250000001,0.5914811044931412,2740.68359375
392200,183.909829,200,3,6926.751562500001,0.5515396222472191,2749.718505859375
392400,254.75396,200,1,10321.189062500001,0.6568069010972977,2782.806396484375
392600,94.752011,200,5,8796.1,0.8110151439905167,2749.14453125
392800,145.394092,200,3,5435.0109375,0.5888376012444496,2740.782958984375
393000,146.70676,200,4,8802.362500000001,0.8108041435480118,2749.218017578125
393200,272.066223,200,1,5731.221875,0.5681551247835159,2741.456298828125
393400,123.040355,200,3,6748.6203125,0.5234747007489204,2748.9150390625
393600,94.823053,200,6,10355.353125000001,0.6500048190355301,2783.949462890625
393800,209.21274,200,4,5556.793750000001,0.5814705416560173,2741.010498046875
394000,101.427499,200,6,5334.2109375,0.5931335315108299,2740.602783203125
394200,163.079809,200,4,8902.465625,0.806695744395256,2750.480224609375
394400,260.003678,200,0,9724.7953125,0.7363192737102509,2766.293212890625
394600,119.321896,200,6,5567.271875,0.5807485803961754,2741.0322265625
394800,118.39316,200,4,9738.253125000001,0.7348351925611496,2766.6181640625
395000,190.766445,200,4,10269.550000000001,0.6661085784435272,2781.139404296875
395200,236.691939,200,2,10187.7734375,0.6790706515312195,2778.631103515625
395400,212.79107,200,2,5622.442187500001,0.5767613276839256,2741.15576171875
395600,265.101977,200,1,10170.575,0.6815941631793976,2778.120849609375
395800,221.843478,200,2,5651.959375,0.5745122954249382,2741.22900390625
396000,187.927707,200,2,10317.6546875,0.6574784964323044,2782.68994140625
396200,215.449651,200,3,5488.517187500001,0.5858513712882996,2740.878662109375
396400,88.696623,200,6,6584.4796875,0.5158798024058342,2747.46044921875
396600,194.956644,200,1,5498.475,0.5852498114109039,2740.89697265625
396800,191.21088,200,4,5734.4375,0.5678896605968475,2741.466552734375
397000,243.397176,200,2,10238.9984375,0.6711644679307938,2780.18505859375
397200,155.676844,200,3,10334.38125,0.6542482972145081,2783.243896484375
397400,206.376883,200,2,10124.153125,0.6881425529718399,2776.77001953125
397600,172.359811,200,3,6559.337500000001,0.515688955783844,2747.220458984375
397800,120.192259,200,4,5433.7796875,0.5889010429382324,2740.78076171875
398000,109.94385,200,4,10340.823437500001,0.6529685109853745,2783.45947265625
398200,151.834583,200,3,5651.3515625,0.5745596438646317,2741.2275390625
398400,136.635223,200,5,5534.721875,0.5829495936632156,2740.966064453125
398600,95.781378,200,5,6639.503125,0.517083927989006,2747.9775390625
398800,120.70468,200,3,5880.053125,0.5554519221186638,2742.027587890625
399000,183.058058,200,3,5897.7921875,0.5539119616150856,2742.10986328125
399200,246.657958,200,2,6199.490625,0.5295630544424057,2743.999755859375
399400,128.185373,200,5,10108.9765625,0.6902120262384415,2776.3359375
399600,208.920413,200,3,8916.96875,0.8059898018836975,2750.676513671875
399800,75.124293,200,6,5883.1953125,0.5551790446043015,2742.0419921875
400000,256.606098,200,0,6307.75625,0.5228592082858086,2744.88720703125
400200,125.712369,200,3,9982.078125,0.7065174728631973,2772.831298828125
400400,180.004201,200,3,10294.8484375,0.6616834551095963,2781.947265625
400600,126.262372,200,4,10270.7,0.6659124791622162,2781.17578125
400800,192.220731,200,3,9672.315625000001,0.7420375943183899,2765.04345703125
401000,167.66093,200,4,10233.784375000001,0.671999454498291,2780.0244140625
401200,177.863633,200,3,10316.315625000001,0.657731369137764,2782.64599609375
401400,133.022591,200,5,8964.290625,0.8035016804933548,2751.34033203125
401600,154.075259,200,2,5713.532812500001,0.5696088820695877,2741.4013671875
401800,178.41086,200,4,5821.556250000001,0.5605132877826691,2741.7783203125
402000,173.784181,200,5,8769.65,0.8118449151515961,2748.840576171875
402200,109.948027,200,5,6529.4953125,0.5157219618558884,2746.934326171875
402400,221.913943,200,3,5463.7015625,0.5872899293899536,2740.833740234375
402600,158.961071,200,2,10318.03125,0.6574072688817978,2782.702392578125
402800,218.970684,200,5,8293.8140625,0.8077682554721832,2745.239501953125
403000,219.12693,200,4,10291.181250000001,0.6623398512601852,2781.8291015625
403200,218.828048,200,2,5360.9375,0.5921858176589012,2740.652099609375
403400,190.035274,200,2,10134.8328125,0.6866665184497833,2777.07763671875
403600,201.584199,200,3,5287.640625,0.5944034829735756,2740.51123046875
403800,209.618239,200,0,10003.1140625,0.7039152830839157,2773.39794921875
404000,127.852973,200,4,9951.8046875,0.7102075964212418,2772.02490234375
404200,229.307942,200,3,5509.9140625,0.5845422670245171,2740.91845703125
404400,181.037508,200,4,10349.8984375,0.6511299312114716,2783.764892578125
404600,45.85421,200,5,6412.9375,0.5181508138775826,2745.83056640625
404800,195.169253,200,2,7198.9046875,0.6317876279354095,2748.19287109375
405000,153.404734,200,5,5288.8,0.594378188252449,2740.513671875
405200,105.719422,200,6,10145.1453125,0.6852250546216965,2777.376220703125
405400,193.953828,200,1,5904.7296875,0.5533099919557571,2742.14306640625
405600,108.690346,200,6,10086.2578125,0.6932537257671356,2775.6923828125
405800,174.022083,200,5,10321.3734375,0.6567716598510742,2782.8125
406000,230.437573,200,3,5545.878125,0.5822087451815605,2740.98828125
406200,182.872031,200,4,5508.159375,0.5846516415476799,2740.9150390625
406400,192.325301,200,4,6370.6703125,0.5197947099804878,2745.443359375
406600,128.185941,200,4,7481.140625,0.7027139514684677,2746.194580078125
406800,142.916514,200,2,10339.8890625,0.6531552225351334,2783.42822265625
407000,181.064931,200,3,6580.6828125,0.5158373340964317,2747.42431640625
407200,185.370411,200,2,9189.115625,0.7882168143987656,2754.96923828125
407400,196.244627,200,1,10309.825,0.658947080373764,2782.433349609375
407600,166.413748,200,3,6460.0765625,0.5167670175433159,2746.27197265625
407800,187.71241,200,4,6101.5859375,0.5368125438690186,2743.28662109375
408000,199.151484,200,3,9980.203125,0.7067479938268661,2772.781005859375
408200,159.409423,200,4,9170.9609375,0.7896403223276138,2754.648193359375
408400,189.392223,200,5,6053.759375000001,0.5406490340828896,2742.972412109375
408600,225.031597,200,3,5434.215625000001,0.5888785794377327,2740.781494140625
408800,171.978485,200,2,5583.689062500001,0.5795935168862343,2741.0673828125
409000,181.859146,200,5,5320.473437500001,0.5935605987906456,2740.57666015625
409200,120.822464,200,4,10356.7484375,0.6497137248516083,2783.9970703125
409400,224.63121,200,2,10300.146875,0.6607258319854736,2782.118408203125
409600,190.597745,200,3,5581.121875000001,0.5797761678695679,2741.061767578125
409800,245.219715,200,1,9319.5234375,0.7771845906972885,2757.4091796875
410000,246.31457,200,1,5460.64375,0.587460957467556,2740.828369140625
410200,140.933069,200,5,10228.990625,0.6727608293294907,2779.877197265625
410400,214.620694,200,1,10290.103125000001,0.6625316292047501,2781.79443359375
410600,167.517053,200,2,10199.3421875,0.6773392111063004,2778.977294921875
410800,74.06973,200,6,9692.5921875,0.7398414611816406,2765.52294921875
411000,183.613786,200,2,5598.89375,0.5784996971487999,2741.10107421875
411200,194.596553,200,3,9482.846875000001,0.7617106288671494,2760.76953125
411400,269.517747,200,0,10354.375,0.6502076238393784,2783.916259765625
411600,154.860275,200,8,10334.825,0.6541604548692703,2783.2587890625
411800,241.12506,200,1,9373.9109375,0.7722130417823792,2758.492431640625
412000,182.074196,200,2,7491.7328125,0.7049734890460968,2746.133544921875
412200,98.694193,200,6,5875.228125000001,0.5558708310127258,2742.005859375
412400,168.262743,200,4,9887.860937500001,0.7178159058094025,2770.35546875
412600,162.970503,200,3,5460.606250000001,0.5874626711010933,2740.828125
412800,130.562756,200,3,5437.5546875,0.5887056514620781,2740.787353515625
413000,199.474657,200,3,7589.95625,0.7246947288513184,2745.6220703125
413200,227.609121,200,3,6262.7375,0.5254487693309784,2744.506591796875
413400,237.637792,200,2,7443.970312500001,0.6945768743753433,2746.41796875
413600,236.391413,200,1,9452.046875,0.7647476345300674,2760.11181640625
413800,135.981188,200,3,5485.282812500001,0.586044117808342,2740.872802734375
414000,69.35204,200,6,9995.159375000001,0.7049033790826797,2773.18310546875
414200,138.163308,200,3,10342.98125,0.6525349617004395,2783.531982421875
414400,147.777953,200,5,10270.7796875,0.6658987700939178,2781.17822265625
414600,116.118138,200,4,10330.626562500001,0.65498486161232,2783.118896484375
414800,240.966557,200,2,10341.1390625,0.6529051065444946,2783.469970703125
415000,178.814801,200,2,10299.3265625,0.6608748435974121,2782.091796875
415200,138.72418,200,3,9872.681250000001,0.7195895910263062,2769.9658203125
415400,245.224453,200,1,8182.067187500001,0.8010619878768921,2744.87646484375
415600,166.237754,200,2,6839.4359375,0.5344151332974434,2749.49365234375
415800,213.613845,200,2,8827.56875,0.8098987489938736,2749.520751953125
416000,81.620078,200,5,7759.5546875,0.7538270950317383,2744.98193359375
416200,192.418463,200,2,7600.106250000001,0.7266102731227875,2745.57470703125
416400,227.269694,200,2,5388.5453125,0.5910549312829971,2740.701416015625
416600,161.414631,200,3,10313.953125,0.6581763178110123,2782.568359375
416800,115.875066,200,4,7270.496875000001,0.6518847495317459,2747.62890625
417000,237.586689,200,1,5433.9765625,0.5888914316892624,2740.78125
417200,165.015159,200,3,9527.2421875,0.7572479546070099,2761.736572265625
417400,171.489315,200,1,9456.553125,0.7643064856529236,2760.207275390625
417600,235.662045,200,3,5998.8390625,0.545223206281662,2742.64013671875
417800,139.398055,200,5,5813.243750000001,0.5612288415431976,2741.74560546875
418000,203.71782,200,4,5567.425,0.5807381868362427,2741.03271484375
418200,162.072931,200,4,5273.1,0.5946910753846169,2740.480712890625
418400,190.37005,200,4,6132.731250000001,0.5344079434871674,2743.503662109375
418600,189.46456,200,3,5466.7890625,0.5871161818504333,2740.83935546875
418800,208.802945,200,3,5618.7375,0.5770384520292282,2741.14697265625
419000,142.93408,200,5,10339.3046875,0.6532720476388931,2783.408447265625
419200,178.803838,200,3,9998.959375,0.7044319808483124,2773.28564453125
419400,205.054221,200,4,9319.596875000001,0.7771780341863632,2757.41064453125
419600,190.799162,200,4,9068.917187500001,0.7970541715621948,2752.933349609375
419800,163.370949,200,3,5305.239062500001,0.5939837172627449,2740.546875
420000,158.443144,200,4,7305.1625,0.6610769778490067,2747.366455078125
420200,197.88013,200,3,10304.9578125,0.6598468124866486,2782.274658203125
420400,55.626672,200,6,10324.618750000001,0.656149685382843,2782.919677734375
420600,155.405412,200,3,9890.860937500001,0.7174640148878098,2770.432861328125
420800,138.519728,200,5,10219.95,0.6741797178983688,2779.600830078125
421000,200.311647,200,2,6275.021875,0.5247121676802635,2744.60888671875
421200,154.848406,200,4,6859.0078125,0.5376408621668816,2749.578125
421400,153.241815,200,2,9968.865625,0.7081356644630432,2772.47802734375
421600,142.665995,200,2,10189.8515625,0.678761750459671,2778.693115234375
421800,128.633511,200,4,5422.7296875,0.5894599109888077,2740.761474609375
422000,173.839662,200,3,10084.853125000001,0.6934396922588348,2775.65283203125
422200,170.068715,200,3,5445.634375000001,0.5882797762751579,2740.8017578125
422400,192.752763,200,3,6800.2734375,0.5289361998438835,2749.277099609375
422600,248.404253,200,2,9618.135937500001,0.7478240132331848,2763.78271484375
422800,197.401306,200,2,6020.765625,0.5433787032961845,2742.76904296875
423000,39.162646,200,7,10322.206250000001,0.656612440943718,2782.83984375
423200,259.414291,200,2,10090.9890625,0.692625492811203,2775.82568359375
423400,214.067893,200,3,6726.8578125,0.5216952413320541,2748.742919921875
423600,254.730489,200,1,9359.871875,0.7735150307416916,2758.209228515625
423800,149.671001,200,4,10295.98125,0.6614795327186584,2781.98388671875
424000,172.067875,200,2,5580.1046875,0.579848475754261,2741.0595703125
424200,197.326543,200,1,5511.426562500001,0.5844467878341675,2740.921142578125
424400,197.259697,200,3,9280.0078125,0.7806676626205444,2756.645751953125
424600,190.320565,200,2,10329.9453125,0.655118003487587,2783.09619140625
424800,171.50069,200,5,6147.5578125,0.5332931876182556,2743.610107421875
425000,168.655505,200,1,10324.190625000001,0.656232088804245,2782.9052734375
425200,207.159685,200,2,5708.6078125,0.570010282099247,2741.38671875
425400,281.018759,200,0,10297.984375,0.6611181050539017,2782.048583984375
425600,194.104396,200,3,5649.1875,0.5747265368700027,2741.221923828125
425800,210.749256,200,4,5686.535937500001,0.5717911571264267,2741.322509765625
426000,192.492975,200,2,6885.95625,0.5426543205976486,2749.6640625
426200,187.099182,200,3,5707.739062500001,0.5700807645916939,2741.3837890625
426400,167.353658,200,2,9444.615625,0.765472799539566,2759.95458984375
426600,248.646888,200,1,10245.778125,0.6700672209262848,2780.39501953125
426800,141.64661,200,3,5595.046875,0.5787786841392517,2741.092529296875
427000,114.118455,200,5,10341.228125000001,0.652887299656868,2783.47314453125
427200,165.275916,200,4,5631.928125,0.5760463327169418,2741.1787109375
427400,183.332643,200,2,9929.245312500001,0.7129187136888504,2771.430908203125
427600,229.683207,200,1,6045.957812500001,0.5412887781858444,2742.92333984375
427800,228.237928,200,2,6149.285937500001,0.5331646651029587,2743.622802734375
428000,144.932618,200,2,5491.0140625,0.5857020244002342,2740.88330078125
428200,107.094732,200,4,5617.9515625,0.5770964547991753,2741.14501953125
428400,276.08112,200,1,9971.2109375,0.7078492641448975,2772.540771484375
428600,116.618151,200,3,5327.021875,0.5933623388409615,2740.58935546875
428800,158.526684,200,4,10351.300000000001,0.6508423388004303,2783.812255859375
429000,235.396174,200,2,6335.739062500001,0.5214107781648636,2745.13134765625
429200,226.865341,200,1,6486.96875,0.5162125080823898,2746.527587890625
429400,219.770052,200,1,6234.0765625,0.527249351143837,2744.272705078125
429600,233.932603,200,3,6619.09375,0.5165030807256699,2747.78759765625
429800,123.947074,200,3,5955.759375000001,0.5488987639546394,2742.401123046875
430000,263.873818,200,1,5773.087500000001,0.5646524205803871,2741.596435546875
430200,241.732329,200,2,6517.45625,0.515810139477253,2746.819091796875
430400,187.432742,200,3,5430.660937500001,0.5890609696507454,2740.775390625
430600,114.40533,200,4,5773.38125,0.5646277219057083,2741.597412109375
430800,157.952418,200,4,5838.7171875,0.559033714234829,2741.847900390625
431000,171.477434,200,3,5463.025000000001,0.587327778339386,2740.83251953125
431200,219.618007,200,1,5990.8390625,0.5459009855985641,2742.59423828125
431400,200.531475,200,3,10243.081250000001,0.6705048680305481,2780.311279296875
431600,260.429549,200,1,10137.459375,0.6863011419773102,2777.153564453125
431800,166.277686,200,1,9187.745312500001,0.7883251458406448,2754.94482421875
432000,253.154271,200,1,7413.8390625,0.6877324730157852,2746.608642578125
432200,230.530826,200,3,5483.2375,0.5861647054553032,2740.868896484375
432400,230.375366,200,3,6300.317187500001,0.5232660472393036,2744.8232421875
432600,118.71204,200,3,6535.6484375,0.5156930536031723,2746.993408203125
432800,188.669532,200,4,8828.479687500001,0.8098642528057098,2749.53173828125
433000,159.518974,200,4,10305.8890625,0.6596755236387253,2782.304931640625
433200,255.218776,200,1,10176.8734375,0.6806767731904984,2778.30712890625
433400,123.985356,200,3,5672.9515625,0.5728708207607269,2741.284912109375
433600,233.312157,200,2,6221.334375,0.5280847474932671,2744.1708984375
433800,163.241431,200,5,6073.475,0.5390482023358345,2743.09912109375
434000,142.442196,200,3,5304.517187500001,0.5940020829439163,2740.54541015625
434200,42.096936,200,8,5844.7796875,0.5585097894072533,2741.873291015625
434400,224.836079,200,2,8419.5078125,0.8125763386487961,2745.85888671875
434600,203.690063,200,3,5993.021875,0.5457160621881485,2742.606689453125
434800,203.721055,200,4,9781.0046875,0.7300706952810287,2767.66259765625
435000,283.573647,200,0,9885.1078125,0.7181386649608612,2770.28466796875
435200,87.708587,200,5,6266.470312500001,0.5252229049801826,2744.53759765625
435400,44.232183,200,6,10331.821875000001,0.6547514349222183,2783.15869140625
435600,166.629278,200,3,6051.2015625,0.5408584699034691,2742.9560546875
435800,198.582915,200,3,8958.384375,0.8038273453712463,2751.255615234375
436000,183.704041,200,3,7980.765625,0.7829611748456955,2744.646728515625
436200,250.157686,200,1,9208.7265625,0.78664630651474,2755.3212890625
436400,264.177548,200,0,9620.034375000001,0.7476232200860977,2763.826171875
436600,108.524444,200,4,5572.578125,0.5803782865405083,2741.04345703125
436800,259.720231,200,1,6440.2921875,0.5172869935631752,2746.085693359375
437000,210.525899,200,3,10317.0,0.6576023995876312,2782.66845703125
437200,172.242807,200,3,10299.953125,0.6607615202665329,2782.1123046875
437400,204.216427,200,1,6286.254687500001,0.5240578949451447,2744.703369140625
437600,141.78596,200,3,10322.428125,0.6565703451633453,2782.84716796875
437800,225.276092,200,2,10328.970312500001,0.6553077697753906,2783.06396484375
438000,253.421386,200,0,10350.5390625,0.6509985774755478,2783.78662109375
438200,192.661129,200,2,10345.3265625,0.652061328291893,2783.610595703125
438400,157.960175,200,4,10337.151562500001,0.6537003070116043,2783.33642578125
438600,107.292818,200,4,5776.0703125,0.5644003674387932,2741.60693359375
438800,239.375238,200,2,5439.7109375,0.5885926634073257,2740.791259765625
439000,249.849439,200,2,6571.203125,0.5157531052827835,2747.333984375
439200,153.070117,200,3,8300.0375,0.8080737292766571,2745.2646484375
439400,117.856986,200,5,10326.526562500001,0.6557819247245789,2782.982666015625
439600,132.197667,200,4,5493.4484375,0.5855551362037659,2740.8876953125
439800,228.610328,200,1,10135.9765625,0.686507374048233,2777.110595703125
440000,186.342766,200,1,5728.4015625,0.5683885887265205,2741.447265625
440200,230.360056,200,2,8172.376562500001,0.800369381904602,2744.853271484375
440400,209.653424,200,2,9377.8421875,0.7718461751937866,2758.572265625
440600,134.289546,200,3,6527.2296875,0.5157352611422539,2746.91259765625
440800,228.901435,200,2,9611.625,0.7485108822584152,2763.63330078125
441000,126.456777,200,4,6127.6171875,0.5347969755530357,2743.46728515625
441200,137.201739,200,4,10225.41875,0.6733237206935883,2779.767822265625
441400,187.427863,200,1,5285.6859375,0.5944447964429855,2740.50732421875
441600,181.737362,200,4,8143.243750000001,0.7981808483600616,2744.79052734375
441800,220.159858,200,3,8651.275,0.8142862468957901,2747.618408203125
442000,160.575774,200,3,10341.1078125,0.6529111415147781,2783.468994140625
442200,232.483977,200,2,10051.323437500001,0.6978145986795425,2774.71728515625
442400,200.803588,200,2,9563.7328125,0.7535087317228317,2762.54736328125
442600,242.398354,200,2,9380.9046875,0.7715597748756409,2758.63427734375
442800,222.213705,200,1,9980.175000000001,0.7067514210939407,2772.780517578125
443000,268.97958,200,1,7352.784375,0.673149973154068,2747.021728515625
443200,140.38169,200,5,10297.4421875,0.6612161546945572,2782.031005859375
443400,169.663746,200,5,10348.3109375,0.6514546275138855,2783.711181640625
443600,193.512071,200,3,7683.53125,0.741516500711441,2745.2294921875
443800,209.940913,200,1,8694.057812500001,0.8136489987373352,2748.034423828125
444000,225.958951,200,1,6230.1796875,0.5275025218725204,2744.241455078125
444200,102.641712,200,4,9938.5625,0.7118027657270432,2771.675537109375
444400,258.092267,200,0,8900.1265625,0.8068069815635681,2750.44873046875
444600,111.987119,200,4,8812.8828125,0.8104370534420013,2749.343017578125
444800,187.410007,200,3,5324.51875,0.5934399738907814,2740.58447265625
445000,242.79094,200,2,5482.44375,0.5862118676304817,2740.867431640625
445200,106.571609,200,6,5520.2265625,0.5838893726468086,2740.93798828125
445400,104.960868,200,5,6333.03125,0.521545521914959,2745.107421875
445600,234.136491,200,2,8421.948437500001,0.812641829252243,2745.873046875
445800,105.360212,200,3,10340.1390625,0.6531053781509399,2783.4365234375
446000,247.540274,200,3,5529.103125000001,0.583316944539547,2740.955078125
446200,134.956321,200,5,10340.962500000001,0.652940645813942,2783.464111328125
446400,176.904829,200,3,5570.2171875,0.580543540418148,2741.03857421875
446600,218.484596,200,1,9244.6328125,0.7836859673261642,2755.979736328125
446800,211.59186,200,1,5427.657812500001,0.5892129614949226,2740.77001953125
447000,264.685098,200,1,6021.110937500001,0.5433494225144386,2742.77099609375
447200,166.631998,200,3,5799.7453125,0.5623854324221611,2741.69384765625
447400,176.313103,200,2,10273.6453125,0.6654076278209686,2781.269287109375
447600,221.33292,200,1,9144.35625,0.7916715741157532,2754.186279296875
447800,145.77983,200,5,5456.254687500001,0.5877035483717918,2740.820556640625
448000,219.280435,200,2,10344.081250000001,0.6523134559392929,2783.568603515625
448200,176.008122,200,3,9755.1953125,0.7329560816287994,2767.02978515625
448400,256.404137,200,1,8828.56875,0.8098611235618591,2749.53271484375
448600,230.014991,200,1,10296.490625,0.6613882631063461,2782.000244140625
448800,250.721499,200,1,10348.979687500001,0.6513181328773499,2783.73388671875
449000,163.598995,200,2,5365.5109375,0.5920091643929482,2740.660400390625
449200,178.014492,200,4,10341.714062500001,0.6527899205684662,2783.4892578125
449400,154.121443,200,6,5305.8828125,0.5939673259854317,2740.54833984375
449600,168.177334,200,2,5343.859375,0.592808872461319,2740.620849609375
449800,112.063899,200,3,9635.7953125,0.745951384305954,2764.190185546875
450000,242.637415,200,1,9569.0828125,0.7529556006193161,2762.66748046875
450200,229.87229,200,2,10236.9671875,0.6714906543493271,2780.122314453125
450400,155.766338,200,2,10243.084375,0.6705043464899063,2780.3115234375
450600,98.258096,200,5,10317.521875,0.6575038284063339,2782.685546875
450800,148.414623,200,4,10245.501562500001,0.6701119989156723,2780.386474609375
451000,82.052364,200,6,10170.3796875,0.6816224008798599,2778.115234375
451200,263.342753,200,1,10248.4734375,0.6696269661188126,2780.478759765625
451400,146.136522,200,3,5524.559375000001,0.5836110562086105,2740.9462890625
451600,259.000259,200,1,10062.821875000001,0.6963276863098145,2775.036376953125
451800,169.02988,200,5,5527.989062500001,0.58338962495327,2740.952880859375
452000,239.601598,200,1,9794.706250000001,0.7285277545452118,2768.00146484375
452200,216.317064,200,2,9795.909375000001,0.7283921539783478,2768.03125
452400,69.485689,200,3,10036.990625,0.6996500492095947,2774.322021484375
452600,215.018123,200,2,6237.196875000001,0.5270477756857872,2744.2978515625
452800,255.100636,200,0,9983.815625000001,0.7063040137290955,2772.8779296875
453000,197.718227,200,3,10171.392187500001,0.6814754754304886,2778.14501953125
453200,176.618108,200,4,5534.70625,0.5829509347677231,2740.966064453125
453400,223.753209,200,1,6260.740625,0.5255704373121262,2744.489990234375
453600,238.206864,200,0,10123.423437500001,0.6882425397634506,2776.7490234375
453800,124.481385,200,3,10180.650000000001,0.6801231950521469,2778.419189453125
454000,164.275869,200,3,8805.784375000001,0.8106862753629684,2749.258544921875
454200,177.481824,200,1,9740.2484375,0.7346142828464508,2766.66650390625
454400,198.738169,200,2,5481.9328125,0.5862417444586754,2740.866455078125
454600,169.999138,200,3,10265.0625,0.6668699532747269,2780.997802734375
454800,174.687234,200,2,9122.946875,0.7932574301958084,2753.822021484375
455000,191.948428,200,3,10327.0296875,0.6556843966245651,2782.99951171875
455200,247.982893,200,0,6418.793750000001,0.5179525166749954,2745.884765625
455400,153.023161,200,5,5443.212500000001,0.5884084478020668,2740.79736328125
455600,156.394093,200,3,9016.5765625,0.8004360646009445,2752.115234375
455800,226.830195,200,3,5533.359375,0.5830388516187668,2740.96337890625
456000,84.649317,200,4,8849.1546875,0.8090531826019287,2749.787841796875
456200,237.26012,200,2,10038.610937500001,0.699443593621254,2774.366455078125
456400,192.208537,200,3,10326.6953125,0.6557492166757584,2782.98828125
456600,242.667397,200,2,9543.385937500001,0.7556014508008957,2762.093505859375
456800,256.385493,200,2,9407.589062500001,0.7690393179655075,2759.181640625
457000,227.259083,200,3,10010.220312500001,0.7030286639928818,2773.590576171875
457200,214.407043,200,3,10307.901562500001,0.6593038886785507,2782.37060546875
457400,143.547069,200,5,10001.359375,0.7041338086128235,2773.3505859375
457600,132.380005,200,5,5923.220312500001,0.551706925034523,2742.2333984375
457800,222.702353,200,1,5643.2765625,0.5751814320683479,2741.20703125
458000,150.70937,200,3,5690.7796875,0.5714509263634682,2741.33447265625
458200,172.670524,200,2,6635.1046875,0.5169448256492615,2747.936767578125
458400,165.855008,200,4,6594.83125,0.516020804643631,2747.558837890625
458600,225.094031,200,4,5525.887500000001,0.5835258960723877,2740.948974609375
458800,126.301067,200,4,10328.340625,0.6554298102855682,2783.04296875
459000,127.553015,200,8,5415.9359375,0.589793436229229,2740.74951171875
459200,239.957157,200,2,10294.306250000001,0.6617806851863861,2781.9296875
459400,48.37845,200,5,10321.235937500001,0.6567979604005814,2782.807861328125
459600,122.745398,200,4,9770.7234375,0.7312233746051788,2767.409912109375
459800,217.024999,200,3,9762.321875,0.7321619987487793,2767.203857421875
460000,115.794575,200,4,9680.893750000001,0.7411105930805206,2765.24560546875
460200,136.381537,200,5,10232.675000000001,0.6721761077642441,2779.990234375
460400,240.62692,200,1,8377.640625,0.8112891763448715,2745.627197265625
460600,199.328653,200,4,8835.1078125,0.8096107095479965,2749.613037109375
460800,219.362814,200,3,6232.501562500001,0.5273513495922089,2744.260009765625
461000,231.543808,200,3,10131.7796875,0.6870903819799423,2776.989501953125
461200,223.865681,200,2,5937.5625,0.5504670739173889,2742.30615234375
461400,186.806296,200,2,10319.204687500001,0.6571847945451736,2782.740966796875
461600,213.971731,200,2,9861.8484375,0.7208481431007385,2769.689208984375
461800,163.205657,200,4,5868.465625000001,0.5564574152231216,2741.9755859375
462000,184.908637,200,2,10329.353125000001,0.6552333384752274,2783.07666015625
462200,197.86272,200,2,9179.5,0.7889745384454727,2754.798583984375
462400,212.388822,200,3,5599.690625,0.5784415826201439,2741.102783203125
462600,197.985311,200,2,8143.575000000001,0.798206552863121,2744.791259765625
462800,255.409439,200,3,5519.692187500001,0.5839236453175545,2740.936767578125
463000,258.398138,200,1,10281.4828125,0.6640505790710449,2781.518310546875
463200,138.78494,200,3,6039.395312500001,0.541829913854599,2742.882568359375
463400,103.426549,200,3,10273.840625,0.6653743982315063,2781.275390625
463600,185.276407,200,2,6151.426562500001,0.5330055207014084,2743.638427734375
463800,248.528777,200,1,5318.5890625,0.5936161801218987,2740.572998046875
464000,157.209096,200,5,5404.253125,0.5903482064604759,2740.729248046875
464200,191.339143,200,2,10324.839062500001,0.6561074405908585,2782.927001953125
464400,223.916957,200,2,10178.212500000001,0.6804806739091873,2778.3466796875
464600,187.505243,200,3,7454.5140625,0.6969191133975983,2746.35302734375
464800,173.26603,200,4,5436.08125,0.5887819826602936,2740.784912109375
465000,217.768366,200,1,10348.3265625,0.6514514237642288,2783.711669921875
465200,176.510517,200,4,6105.334375,0.5365186929702759,2743.312255859375
465400,221.859576,200,3,5514.978125000001,0.5842237174510956,2740.927978515625
465600,211.094572,200,4,6465.4140625,0.5166428163647652,2746.322509765625
465800,200.268998,200,3,5857.778125000001,0.557384192943573,2741.9287109375
466000,215.676174,200,3,7957.3546875,0.7803419232368469,2744.654052734375
466200,174.820141,200,3,10333.98125,0.6543270498514175,2783.23046875
466400,174.437293,200,3,5616.253125,0.5772234126925468,2741.14111328125
466600,211.034319,200,4,5432.203125,0.5889823660254478,2740.778076171875
466800,168.024104,200,2,9236.4578125,0.7843694090843201,2755.828369140625
467000,160.723962,200,5,10302.5125,0.6602948158979416,2782.1953125
467200,150.72131,200,3,10178.9828125,0.6803679466247559,2778.36962890625
467400,180.749847,200,4,10347.3109375,0.6516586244106293,2783.677490234375
467600,181.135692,200,2,7596.098437500001,0.7258562743663788,2745.59326171875
467800,222.211334,200,4,8435.371875,0.8129829168319702,2745.953369140625
468000,282.56956,200,0,10321.267187500001,0.6567919254302979,2782.808837890625
468200,220.392381,200,2,8272.456250000001,0.806666761636734,2745.15673828125
468400,265.328173,200,0,10331.78125,0.6547592580318451,2783.1572265625
468600,180.505148,200,3,9847.931250000001,0.7224568724632263,2769.33544921875
468800,226.992185,200,1,9345.46875,0.7748372852802277,2757.92138671875
469000,197.560734,200,5,5435.315625,0.5888218060135841,2740.783447265625
469200,248.343199,200,2,9777.659375000001,0.7304462045431137,2767.580322265625
469400,119.533632,200,6,5268.88125,0.5947643890976906,2740.4716796875
469600,215.41545,200,3,6049.5734375,0.5409922450780869,2742.946044921875
469800,126.814097,200,5,10352.475,0.6506004929542542,2783.85205078125
470000,117.4787,200,4,9933.309375,0.7124324142932892,2771.53759765625
470200,239.6497,200,1,5622.782812500001,0.5767354741692543,2741.156494140625
470400,253.431501,200,1,6080.434375000001,0.5384895205497742,2743.144775390625
470600,216.818094,200,2,8824.671875,0.8100074529647827,2749.4853515625
470800,183.465828,200,3,5331.782812500001,0.5932123959064484,2740.59814453125
471000,70.299121,200,5,10282.615625,0.6638523936271667,2781.554443359375
471200,85.293635,200,5,6390.8109375,0.5189669504761696,2745.62646484375
471400,125.358289,200,5,10324.896875,0.6560961157083511,2782.9287109375
471600,213.145708,200,4,5980.5265625,0.54677814245224,2742.5361328125
471800,169.795018,200,2,6459.165625000001,0.5167890340089798,2746.263427734375
472000,195.719729,200,3,8919.979687500001,0.8058400452136993,2750.7177734375
472200,141.563436,200,3,10321.696875000001,0.6567098945379257,2782.8232421875
472400,108.982814,200,4,10091.584375,0.6925464421510696,2775.842529296875
472600,118.233275,200,6,6044.793750000001,0.5413847789168358,2742.916015625
472800,213.839486,200,3,9979.6078125,0.7068211585283279,2772.76513671875
473000,171.276708,200,4,5507.7796875,0.584675595164299,2740.914306640625
473200,227.41077,200,2,9638.729687500001,0.7456386834383011,2764.25830078125
473400,219.101376,200,1,10335.056250000001,0.654115304350853,2783.2666015625
473600,183.46568,200,2,9269.4734375,0.7815767824649811,2756.445556640625
473800,161.525774,200,4,9754.60625,0.7330214977264404,2767.015625
474000,122.54261,200,3,9397.9375,0.769955962896347,2758.982666015625
474200,171.722732,200,3,10291.45,0.6622915714979172,2781.837890625
474400,210.829925,200,2,8498.300000000001,0.814167857170105,2746.365234375
474600,210.796059,200,4,6206.2484375,0.529099851846695,2744.05224609375
474800,179.717242,200,3,8404.459375,0.8121496438980103,2745.772705078125
475000,140.114529,200,3,9944.0609375,0.7111416012048721,2771.820556640625
475200,181.321176,200,4,6572.528125000001,0.5157629773020744,2747.3466796875
475400,184.777248,200,2,7414.598437500001,0.6879082322120667,2746.603759765625
475600,148.298355,200,5,6457.7796875,0.5168229714035988,2746.250244140625
475800,144.569393,200,5,5943.0765625,0.5499910190701485,2742.33447265625
476000,231.328991,200,1,8872.1078125,0.8080846816301346,2750.080322265625
476200,208.911799,200,3,9289.38125,0.7798518985509872,2756.824951171875
476400,198.952207,200,4,5294.021875,0.5942601338028908,2740.5244140625
476600,194.79892,200,2,8021.44375,0.7872559130191803,2744.650634765625
476800,268.565177,200,0,10049.1609375,0.6980928778648376,2774.657470703125
477000,179.101805,200,4,8254.542187500001,0.8056769520044327,2745.09228515625
477200,269.002648,200,1,5896.8578125,0.5539927259087563,2742.10546875
477400,169.083521,200,5,6354.660937500001,0.5205081403255463,2745.29931640625
477600,182.888675,200,4,7910.0109375,0.7747111469507217,2744.689453125
477800,202.603998,200,1,10277.5203125,0.6647396087646484,2781.39208984375
478000,158.778281,200,2,5290.203125,0.5943470820784569,2740.5166015625
478200,217.68135,200,2,5435.8203125,0.5887960270047188,2740.784423828125
478400,156.296336,200,3,10345.720312500001,0.651981309056282,2783.6240234375
478600,206.456956,200,1,5502.21875,0.5850194022059441,2740.90380859375
478800,226.440895,200,2,6421.3359375,0.5178682878613472,2745.908447265625
479000,176.297142,200,3,10352.081250000001,0.6506817042827606,2783.838623046875
479200,253.713566,200,0,9283.93125,0.7803269475698471,2756.720458984375
479400,182.699647,200,1,10202.579687500001,0.6768494844436646,2779.07470703125
479600,180.872464,200,5,10288.1703125,0.6628748029470444,2781.732421875
479800,206.470141,200,5,9198.7421875,0.7874500751495361,2755.141357421875
480000,144.111232,200,3,7181.0296875,0.6265392154455185,2748.336181640625
480200,216.256198,200,3,6382.1984375,0.5193110182881355,2745.5478515625
480400,161.484537,200,2,6206.181250000001,0.5291040241718292,2744.0517578125
480600,149.496162,200,5,5640.379687500001,0.5754033476114273,2741.19970703125
480800,123.53806,200,3,10167.5453125,0.6820325553417206,2778.03173828125
481000,208.012886,200,2,5694.392187500001,0.5711604282259941,2741.3447265625
481200,257.07509,200,2,5571.809375000001,0.580432340502739,2741.041748046875
481400,186.028284,200,2,9603.518750000001,0.7493641227483749,2763.44775390625
481600,267.871088,200,1,9283.35,0.7803776115179062,2756.70947265625
481800,168.077622,200,4,9878.434375,0.7189187407493591,2770.11328125
482000,231.285521,200,2,7598.378125,0.7262854278087616,2745.582763671875
482200,250.247245,200,2,5270.9515625,0.594729445874691,2740.47607421875
482400,195.766142,200,6,5427.853125000001,0.5892032757401466,2740.7705078125
482600,175.999455,200,3,6323.740625,0.5220159888267517,2745.02587890625
482800,210.352738,200,2,8317.6109375,0.8088977634906769,2745.33935546875
483000,165.51392,200,5,6053.675,0.5406561866402626,2742.9716796875
483200,158.744975,200,3,10278.7171875,0.6645318865776062,2781.43017578125
483400,218.770427,200,3,6004.520312500001,0.5447433516383171,2742.6728515625
483600,108.263213,200,4,10326.53125,0.6557806581258774,2782.98291015625
483800,242.252848,200,2,5603.4359375,0.5781686305999756,2741.111328125
484000,194.947847,200,3,7384.895312500001,0.6809402257204056,2746.80029296875
484200,168.008038,200,4,10354.940625000001,0.6500904262065887,2783.935546875
484400,173.571277,200,6,10271.823437500001,0.6657202541828156,2781.21142578125
484600,189.941888,200,2,10238.704687500001,0.6712114810943604,2780.176025390625
484800,204.756044,200,3,6226.5625,0.5277393758296967,2744.21240234375
485000,177.783946,200,3,9564.3984375,0.753440260887146,2762.562255859375
485200,228.743281,200,2,10325.4453125,0.6559901684522629,2782.947021484375
485400,159.958711,200,4,10318.385937500001,0.6573400646448135,2782.714111328125
485600,214.79037,200,2,5522.2953125,0.5837570130825043,2740.94189453125
485800,192.159408,200,4,10054.7234375,0.6973763555288315,2774.8115234375
486000,211.521381,200,1,9576.275,0.752209797501564,2762.829345703125
486200,187.100312,200,2,5255.659375,0.5949621647596359,2740.442626953125
486400,133.859923,200,4,6658.5109375,0.5177802219986916,2748.1513671875
486600,219.172535,200,3,8927.3671875,0.8054671436548233,2750.8193359375
486800,222.072499,200,2,10319.728125000001,0.6570851802825928,2782.75830078125
487000,159.262423,200,4,5984.1328125,0.5464710295200348,2742.556396484375
487200,181.366296,200,4,5755.165625000001,0.566161721944809,2741.53466796875
487400,241.713955,200,2,10345.870312500001,0.6519508361816406,2783.629150390625
487600,246.435048,200,2,6136.7609375,0.5341028049588203,2743.532470703125
487800,193.441797,200,2,7610.503125,0.7285488396883011,2745.52783203125
488000,143.299496,200,3,5752.265625,0.5664049088954926,2741.52490234375
488200,265.242363,200,1,9230.859375,0.7848341763019562,2755.72509765625
488400,234.413613,200,3,5847.078125,0.5583109706640244,2741.883056640625
488600,239.267434,200,2,5790.1625,0.5632030963897705,2741.657958984375
488800,159.292728,200,4,5473.35,0.5867410823702812,2740.85107421875
489000,155.445174,200,4,5551.615625,0.5818222463130951,2740.999755859375
489200,202.954396,200,2,9919.048437500001,0.7141342759132385,2771.164306640625
489400,138.174036,200,6,10284.81875,0.6634663045406342,2781.625
489600,202.004083,200,2,6270.207812500001,0.5249985307455063,2744.568603515625
489800,279.32002,200,0,10283.2875,0.6637351214885712,2781.575927734375
490000,218.007373,200,2,7296.196875000001,0.6587333232164383,2747.433349609375
490200,95.669657,200,4,10324.096875000001,0.6562501192092896,2782.90234375
490400,206.886317,200,1,7455.1203125,0.6970527768135071,2746.349609375
490600,175.750282,200,3,9450.43125,0.7649054378271103,2760.07763671875
490800,258.062567,200,1,10313.501562500001,0.6582609564065933,2782.5537109375
491000,163.064782,200,3,10109.142187500001,0.6901895254850388,2776.34033203125
491200,170.45304,200,4,10338.0140625,0.653529018163681,2783.365234375
491400,219.403737,200,1,5658.340625000001,0.5740168318152428,2741.24560546875
491600,209.569305,200,4,8386.0015625,0.8115711808204651,2745.67138671875
491800,160.725147,200,3,6163.4765625,0.532119870185852,2743.726806640625
492000,246.998715,200,2,9408.3921875,0.7689627259969711,2759.1982421875
492200,162.598007,200,4,5411.6625,0.5899987369775772,2740.7421875
492400,155.547282,200,4,5899.1984375,0.553789958357811,2742.116455078125
492600,257.187921,200,1,5737.503125,0.5676351860165596,2741.476318359375
492800,135.395156,200,7,6049.196875000001,0.5410227924585342,2742.943603515625
493000,199.996715,200,3,5789.8890625,0.5632264167070389,2741.656982421875
493200,216.684846,200,0,9388.928125,0.7708064466714859,2758.798095703125
493400,190.394505,200,3,9527.040625,0.7572685182094574,2761.73193359375
493600,186.88108,200,2,5459.096875,0.5875464901328087,2740.825439453125
493800,140.961017,200,3,5539.301562500001,0.5826477333903313,2740.97509765625
494000,154.816781,200,3,6391.05,0.5189577490091324,2745.628662109375
494200,109.863134,200,5,9887.990625,0.7178007811307907,2770.35888671875
494400,129.727053,200,5,9294.515625,0.7794023305177689,2756.923583984375
494600,262.276176,200,0,10269.253125000001,0.6661589443683624,2781.130126953125
494800,178.855162,200,4,6155.314062500001,0.5327185243368149,2743.666748046875
495000,70.434319,200,6,5227.134375000001,0.5952194333076477,2740.3759765625
495200,241.712688,200,2,7034.3359375,0.5813733860850334,2749.405029296875
495400,151.817322,200,3,9972.5859375,0.7076811790466309,2772.577392578125
495600,259.984406,200,1,5791.628125,0.5630780383944511,2741.663330078125
495800,240.087703,200,1,6512.425,0.5158589780330658,2746.77099609375
496000,238.458838,200,1,9451.3578125,0.7648149132728577,2760.09716796875
496200,68.38211,200,5,5366.159375,0.5919838324189186,2740.66162109375
496400,207.564341,200,1,7400.6796875,0.6846705079078674,2746.69482421875
496600,138.700011,200,3,5378.157812500001,0.5914980918169022,2740.682861328125
496800,245.66233,200,2,10283.6640625,0.6636687368154526,2781.588134765625
497000,126.598871,200,3,10138.79375,0.686115026473999,2777.192138671875
497200,249.99689,200,1,10110.4453125,0.6900129467248917,2776.377685546875
497400,211.331581,200,1,9102.640625,0.7947193086147308,2753.483154296875
497600,149.810065,200,1,6903.504687500001,0.5462845414876938,2749.69921875
497800,181.983349,200,3,10259.00625,0.6678862124681473,2780.8076171875
498000,232.379746,200,2,9856.253125000001,0.721496045589447,2769.546630859375
498200,141.649166,200,3,10288.040625000001,0.6628978997468948,2781.728271484375
498400,164.286678,200,3,9820.9046875,0.7255552709102631,2768.654296875
498600,162.932273,200,3,10336.271875,0.6538747251033783,2783.30712890625
498800,117.916263,200,3,5399.3984375,0.5905715748667717,2740.720458984375
499000,183.517684,200,2,10249.306250000001,0.6694906949996948,2780.504638671875
499200,235.339344,200,1,10352.959375,0.6505002081394196,2783.868408203125
499400,202.96658,200,4,10345.31875,0.6520628929138184,2783.6103515625
499600,184.229461,200,3,9776.403125,0.7305872440338135,2767.54931640625
499800,139.832897,200,4,8001.0375,0.7851424068212509,2744.64599609375
500000,231.792508,200,0,9470.065625000001,0.7629771530628204,2760.495361328125
