epoch,train_loss,val_loss,train_data,train_physics,train_collocation,omega2,omega3,val_thrust_approx_mape,val_thrust_approx_rmse,val_sfc_mape,val_sfc_rmse,val_T2_mape,val_T2_rmse,val_T4_mape,val_T4_rmse,val_T30_mape,val_T30_rmse,val_T50_mape,val_T50_rmse,val_P2_mape,val_P2_rmse,val_P30_mape,val_P30_rmse,val_Nf_mape,val_Nf_rmse,val_Nc_mape,val_Nc_rmse,val_farB_mape,val_farB_rmse,val_W_inlet_mape,val_W_inlet_rmse,val_BPR_mape,val_BPR_rmse,val_wf_mape,val_wf_rmse
0,16603291.226,4286096.0,16603189.232,9868.569480091095,3464.1563327026365,0.01,0.0010000000000000005,25.66851043701172,7590.47412109375,26.37459945678711,0.2626482844352722,8.695388793945312,56.526817321777344,14.779336929321289,481.4026184082031,17.155052185058594,284.07928466796875,12.986699104309082,297.1308288574219,0.6306983232498169,0.10559423267841339,113.10785675048828,294.7679748535156,16.517732620239258,758.6226196289062,11.111525535583496,1120.075927734375,2.9547377380367834e-06,1.1654562870333507e-09,21.501422882080078,262.9351501464844,46.47288131713867,0.07036945223808289,27.63047218322754,0.882774829864502
1,4685250.503,3090426.25,4685245.847,44.47996813392639,304.4431356201172,0.02979999999999999,0.010979999999999998,27.739425659179688,6442.0859375,27.114688873291016,0.26252347230911255,5.303904056549072,31.520238876342773,7.608386039733887,271.1495056152344,11.057880401611328,193.97177124023438,8.70322036743164,206.14154052734375,0.6306983232498169,0.10559423267841339,78.36532592773438,197.79342651367188,12.606573104858398,648.8577270507812,10.276337623596191,1065.1617431640625,2.9547377380367834e-06,1.1654562870333507e-09,13.745522499084473,127.04747772216797,49.7728385925293,0.0726311132311821,21.56570053100586,0.7983320951461792
2,3875850.385,5120022.0,3875847.158,15.81810646724701,116.34338092803955,0.049599999999999984,0.02096,19.12844467163086,8375.4716796875,19.09334373474121,0.21951140463352203,4.14330530166626,25.30799102783203,4.342980861663818,165.5696258544922,7.074567794799805,129.09153747558594,5.614227294921875,127.68885803222656,0.6306983232498169,0.10559423267841339,52.49677276611328,114.40779876708984,10.98426628112793,576.1423950195312,10.224529266357422,1056.4969482421875,2.9547377380367834e-06,1.1654562870333507e-09,12.94849681854248,97.69676208496094,50.06659698486328,0.07281230390071869,20.262218475341797,0.7356144189834595
3,3535646.3615,2464547.0,3535643.751,6.069113647460937,71.48323375701904,0.0694,0.030940000000000016,17.26137351989746,5746.671875,19.81450653076172,0.20939791202545166,3.51065731048584,21.860700607299805,4.206329345703125,164.19677734375,6.6699371337890625,118.62552642822266,5.331534385681152,114.67943572998047,0.6306983232498169,0.10559423267841339,46.66180419921875,103.0447006225586,10.637770652770996,557.9879150390625,10.266216278076172,1045.855712890625,2.9547377380367834e-06,1.1654562870333507e-09,11.557570457458496,94.72856903076172,51.87660598754883,0.07480697333812714,21.68964195251465,0.7920706272125244
4,2921676.921,4981283.0,2921674.693,3.7782919301986695,46.45848127746582,0.08919999999999997,0.04092,19.16669464111328,8266.4609375,18.958602905273438,0.20663653314113617,3.6474103927612305,24.4044132232666,3.8730080127716064,152.1143341064453,6.644133567810059,119.20470428466797,3.941643714904785,81.45390319824219,0.6306983232498169,0.10559423267841339,35.95164108276367,81.81248474121094,10.68857192993164,544.8107299804688,9.732104301452637,1022.2323608398438,2.9547377380367834e-06,1.1654562870333507e-09,12.336833000183105,102.58015441894531,46.179203033447266,0.07206657528877258,21.162357330322266,0.7966675758361816
5,2848503.285,3131189.75,2848501.8615,1.965093206882477,23.690481390953064,0.109,0.05090000000000001,17.659801483154297,6516.0947265625,23.232349395751953,0.23956505954265594,2.919029712677002,19.619693756103516,3.8871023654937744,147.31422424316406,6.344935894012451,112.60577392578125,3.397563934326172,70.793212890625,0.6306983232498169,0.10559423267841339,25.03727912902832,79.78089141845703,9.700289726257324,523.4051513671875,9.845301628112793,1023.9713134765625,2.9547377380367834e-06,1.1654562870333507e-09,11.883399963378906,92.50238037109375,45.96224594116211,0.0736674889922142,22.904104232788086,0.8382615447044373
6,2456839.109,2839681.25,2456837.783,1.8221133046150209,17.973084177017213,0.1288,0.06088000000000002,17.2996826171875,6199.41015625,23.847898483276367,0.23954635858535767,2.482837677001953,16.874950408935547,3.7238125801086426,142.80909729003906,6.085934162139893,111.0468978881836,2.9796555042266846,64.3800277709961,0.6306983232498169,0.10559423267841339,28.236909866333008,71.82878112792969,9.209378242492676,509.2575378417969,9.428169250488281,1006.2786254882812,2.9547377380367834e-06,1.1654562870333507e-09,10.970696449279785,92.6767349243164,47.34222412109375,0.07435166090726852,23.70134162902832,0.8872107863426208
7,2287493.7505,2077933.375,2287492.4705,1.685905068397522,14.421952511787415,0.14859999999999995,0.07086000000000002,15.944774627685547,5270.7177734375,27.639406204223633,0.2755372226238251,2.5827786922454834,16.124088287353516,3.8371331691741943,151.2372283935547,6.037955284118652,107.55244445800781,3.112435817718506,67.28890228271484,0.6306983232498169,0.10559423267841339,26.099390029907227,70.07218170166016,8.779078483581543,504.07708740234375,9.280567169189453,1001.619140625,2.9547377380367834e-06,1.1654562870333507e-09,12.176074028015137,95.53607177734375,48.4106559753418,0.07331477850675583,27.540386199951172,1.045340657234192
8,2539219.11625,1925865.25,2539217.824,1.5882652399539947,12.728150058746339,0.1684,0.08084000000000002,17.0214786529541,5070.2158203125,26.420291900634766,0.248665452003479,2.4207372665405273,15.66079330444336,3.685412883758545,143.89297485351562,5.480242729187012,100.01509094238281,3.312180280685425,71.40968322753906,0.6306983232498169,0.10559423267841339,26.14070701599121,66.15343475341797,8.461773872375488,483.3742370605469,9.035015106201172,986.5691528320312,2.9547377380367834e-06,1.1654562870333507e-09,12.709628105163574,87.3185043334961,48.795536041259766,0.07276858389377594,28.155956268310547,1.0083848237991333
9,2015894.935,2036811.125,2015893.97225,1.5714502015113831,7.313028042793274,0.18819999999999995,0.09082000000000001,14.057284355163574,5223.50244140625,30.362056732177734,0.3098394274711609,2.4631991386413574,16.611948013305664,3.1805522441864014,125.54927062988281,5.356078624725342,99.05596160888672,3.1036481857299805,68.32581329345703,0.6306983232498169,0.10559423267841339,27.310466766357422,72.09764862060547,8.143357276916504,476.6615905761719,8.969884872436523,979.6761474609375,2.9547377380367834e-06,1.1654562870333507e-09,11.582427024841309,87.66761016845703,49.05845642089844,0.07191971689462662,29.893081665039062,1.0519555807113647
10,1972244.47575,1879052.25,1972243.2735,1.7489766397476196,8.387806704521179,0.208,0.10079999999999999,17.707427978515625,5009.94091796875,42.61143493652344,0.44039297103881836,1.7845416069030762,12.724352836608887,3.095294237136841,117.77084350585938,5.329523086547852,95.44913482666016,2.865957736968994,61.5558967590332,0.6306983232498169,0.10559423267841339,20.843921661376953,62.8135986328125,7.7094407081604,473.1737365722656,8.87244987487793,972.275146484375,2.9547377380367834e-06,1.1654562870333507e-09,12.175251960754395,84.40856170654297,49.225337982177734,0.07360395044088364,33.3917236328125,1.1946425437927246
11,1725582.22075,2099320.0,1725581.14925,1.6587541642189025,6.242874123573303,0.22780000000000003,0.11078000000000005,13.952239036560059,5308.35400390625,33.21159362792969,0.30795449018478394,1.8692206144332886,12.585600852966309,3.0317342281341553,117.99004364013672,5.014265537261963,91.55813598632812,2.760190963745117,60.19083786010742,0.6306983232498169,0.10559423267841339,21.121559143066406,59.291500091552734,7.310661792755127,461.7210693359375,8.724762916564941,980.5701293945312,2.9547377380367834e-06,1.1654562870333507e-09,11.244141578674316,86.884521484375,49.29319381713867,0.07168987393379211,32.88047790527344,1.2354252338409424
12,1692141.43425,1308618.125,1692140.2435,1.5858559145927429,6.60046209526062,0.24759999999999988,0.12076000000000002,12.605127334594727,4143.23291015625,39.462493896484375,0.43078455328941345,2.010093927383423,13.452539443969727,2.8897035121917725,109.01626586914062,4.678231716156006,88.17595672607422,2.637169599533081,56.51523208618164,0.6306983232498169,0.10559423267841339,22.228675842285156,70.83905029296875,7.135690212249756,434.52764892578125,8.474957466125488,964.8187255859375,2.9547377380367834e-06,1.1654562870333507e-09,10.866434097290039,80.79063415527344,48.96620178222656,0.07259548455476761,34.985408782958984,1.1869512796401978
13,1461502.793,1116375.125,1461501.517,1.7885337705612183,6.077964303970337,0.2674,0.13074000000000002,11.8898344039917,3808.00390625,32.703941345214844,0.323661208152771,1.9995275735855103,12.851092338562012,2.6706228256225586,98.80240631103516,4.5018696784973145,84.12696075439453,2.638035535812378,54.83998107910156,0.6306983232498169,0.10559423267841339,21.869077682495117,59.26445388793945,7.150632858276367,441.4369201660156,8.284127235412598,950.1691284179688,2.9547377380367834e-06,1.1654562870333507e-09,11.758974075317383,84.4961929321289,49.34146499633789,0.07178439199924469,34.26910400390625,1.143447995185852
14,1400983.81,1483185.75,1400982.56175,1.6342626376152039,5.5347032995224,0.28719999999999996,0.14072000000000007,13.11906623840332,4433.65478515625,36.8316650390625,0.3981061279773712,1.7068214416503906,11.9419584274292,2.605602502822876,95.20500183105469,4.237048149108887,78.78417205810547,2.4926793575286865,51.46798324584961,0.6306983232498169,0.10559423267841339,18.638736724853516,58.166229248046875,6.549097537994385,418.2942199707031,8.395118713378906,951.10888671875,2.9547377380367834e-06,1.1654562870333507e-09,10.070197105407715,79.189208984375,49.17000961303711,0.07421790808439255,34.26875305175781,1.137934923171997
15,1303235.45925,868202.1875,1303234.18925,1.5048371596336365,5.311039158821106,0.3070000000000001,0.15070000000000006,11.519055366516113,3329.22216796875,36.450828552246094,0.370858758687973,1.8544206619262695,12.162074089050293,2.503467559814453,95.22293090820312,4.045851707458496,78.62661743164062,2.475405216217041,52.42511749267578,0.6306983232498169,0.10559423267841339,18.855749130249023,52.188682556152344,6.809557914733887,423.2952880859375,8.075820922851562,930.1478271484375,2.9547377380367834e-06,1.1654562870333507e-09,10.737430572509766,76.6708755493164,48.63740921020508,0.07128582149744034,34.64241027832031,1.1869521141052246
16,1109561.21775,1315650.0,1109559.9315,1.665059882879257,4.63651138305664,0.32680000000000003,0.16068,12.36954402923584,4169.9150390625,41.5358772277832,0.4469741880893707,1.7686747312545776,12.305132865905762,2.3684165477752686,88.56633758544922,4.068187713623047,75.85862731933594,2.080092430114746,43.69481658935547,0.6306983232498169,0.10559423267841339,17.878122329711914,54.641178131103516,6.438854217529297,402.8636474609375,7.967172622680664,918.1649169921875,2.9547377380367834e-06,1.1654562870333507e-09,11.23554801940918,83.2387466430664,48.75924301147461,0.0719984918832779,33.94063186645508,1.107183575630188
17,1080236.713,1059027.625,1080235.425,1.588413064956665,4.358232308387756,0.3466000000000002,0.17066000000000003,10.559831619262695,3715.15771484375,38.8575553894043,0.3891533613204956,1.6952799558639526,11.267332077026367,2.29364013671875,86.76097869873047,3.708350658416748,72.17941284179688,2.2085647583007812,45.452110290527344,0.6306983232498169,0.10559423267841339,16.952669143676758,53.174034118652344,6.239543914794922,407.8602600097656,7.90200662612915,912.6712646484375,2.9547377380367834e-06,1.1654562870333507e-09,11.979972839355469,83.0956039428711,50.28864288330078,0.0726609006524086,33.27546310424805,1.0615071058273315
18,1022246.69525,1104626.625,1022245.0525,1.5727234406471253,5.926470749855041,0.36639999999999984,0.18063999999999997,11.021708488464355,3803.492919921875,38.23158645629883,0.4200848937034607,1.7904605865478516,12.1757230758667,1.9981285333633423,73.77539825439453,3.6140778064727783,68.12085723876953,2.034860372543335,40.660865783691406,0.6306983232498169,0.10559423267841339,17.318706512451172,53.7720947265625,5.983711242675781,390.0207824707031,7.899646282196045,908.1314697265625,2.9547377380367834e-06,1.1654562870333507e-09,12.01787281036377,81.28755187988281,50.84569549560547,0.07441826909780502,32.51780700683594,1.005399227142334
19,981447.050875,625982.75,981445.608625,1.5901367979049683,4.351022235870361,0.38620000000000004,0.19061999999999998,10.637113571166992,2791.892822265625,38.3623046875,0.3991720974445343,1.663044810295105,10.960243225097656,2.4114625453948975,89.9615478515625,3.542402744293213,72.43364715576172,2.419891595840454,50.421287536621094,0.6306983232498169,0.10559423267841339,18.140954971313477,51.56308364868164,6.06555700302124,387.4843444824219,7.6442389488220215,890.7022094726562,2.9547377380367834e-06,1.1654562870333507e-09,13.19294261932373,83.23545837402344,50.77909851074219,0.07373788952827454,33.30697250366211,1.0829052925109863
20,855341.646,663278.75,855340.178125,1.5138660063743592,4.243848907470703,0.40599999999999986,0.20060000000000014,12.908185958862305,2886.7138671875,42.40606689453125,0.4557041823863983,1.8606070280075073,11.93950366973877,1.9584406614303589,71.45011901855469,3.599010467529297,65.77921295166016,2.071913957595825,40.895259857177734,0.6306983232498169,0.10559423267841339,16.72410011291504,48.92577362060547,5.501589775085449,380.9961853027344,7.607386112213135,887.558349609375,2.9547377380367834e-06,1.1654562870333507e-09,10.60073184967041,78.83364868164062,50.62260437011719,0.0749783143401146,35.01313400268555,1.1273860931396484
21,729151.2985,652587.25,729149.666375,1.6762645597457886,4.365234798431397,0.42580000000000007,0.21058000000000004,9.434347152709961,2858.4638671875,37.484310150146484,0.345586895942688,1.7258962392807007,11.41951847076416,2.0273029804229736,75.67218017578125,3.295562744140625,64.49927520751953,2.237682819366455,43.771575927734375,0.6306983232498169,0.10559423267841339,15.65436840057373,47.07511520385742,5.564370155334473,384.477783203125,7.759049415588379,892.9136352539062,2.9547377380367834e-06,1.1654562870333507e-09,10.89711856842041,78.27381134033203,49.76700973510742,0.07392518222332001,36.670799255371094,1.1490211486816406
22,729601.225375,1095084.25,729599.609875,1.5620015940666199,4.1799956321716305,0.4455999999999998,0.22055999999999995,9.603128433227539,3801.2041015625,38.74631881713867,0.37603703141212463,1.724386215209961,11.155052185058594,1.9201587438583374,68.86761474609375,3.297597646713257,61.19921112060547,2.1130030155181885,41.897186279296875,0.6306983232498169,0.10559423267841339,15.27101993560791,43.56103515625,5.502705097198486,379.70111083984375,7.334483623504639,847.7603759765625,2.9547377380367834e-06,1.1654562870333507e-09,11.642317771911621,82.96757507324219,50.1289176940918,0.07500144094228745,35.223365783691406,1.1000839471817017
23,736254.314875,345888.25,736252.68225,1.4937171950340271,4.076598751068115,0.4654,0.23054000000000005,8.15122127532959,2002.1982421875,33.0059814453125,0.6228448152542114,1.6202419996261597,10.569600105285645,1.923087239265442,68.68498992919922,3.2107324600219727,59.22954177856445,2.1102378368377686,43.4986686706543,0.6306983232498169,0.10559423267841339,15.984664916992188,46.715370178222656,5.376445293426514,353.52740478515625,7.206472873687744,830.6392822265625,2.9547377380367834e-06,1.1654562870333507e-09,11.998360633850098,79.18612670898438,51.18907165527344,0.07720627635717392,33.2598876953125,1.005059838294983
24,771602.328,397559.15625,771600.29825,1.634813831806183,5.130826663970947,0.48519999999999985,0.24052000000000004,9.863652229309082,2182.180908203125,38.31334686279297,0.39443543553352356,1.843566656112671,11.823029518127441,1.7748770713806152,63.914146423339844,3.376410484313965,60.805763244628906,2.016523599624634,40.520816802978516,0.6306983232498169,0.10559423267841339,18.622222900390625,46.413944244384766,5.3550286293029785,358.1809997558594,6.8189239501953125,810.9554443359375,2.9547377380367834e-06,1.1654562870333507e-09,10.627235412597656,78.98831176757812,49.542762756347656,0.07487743347883224,33.31830596923828,0.961340069770813
25,556953.230125,444833.53125,556951.139375,1.596133882522583,5.134983680725098,0.505,0.25050000000000006,7.943966388702393,2330.568115234375,35.175174713134766,0.34639519453048706,1.7959635257720947,11.663612365722656,1.7881665229797363,64.36204528808594,3.064007520675659,56.0295295715332,1.9866801500320435,39.26111602783203,0.6306983232498169,0.10559423267841339,14.0941801071167,44.029823303222656,5.107769012451172,357.74810791015625,6.847640037536621,806.5737915039062,2.9547377380367834e-06,1.1654562870333507e-09,11.79613208770752,81.64971160888672,50.766849517822266,0.07605484873056412,34.489646911621094,0.9803057312965393
26,645699.0405,509720.375,645696.96625,1.607199284553528,4.711235883712768,0.5247999999999999,0.26047999999999993,8.494486808776855,2528.00341796875,34.3841667175293,0.34723174571990967,1.7159544229507446,11.377823829650879,1.8799043893814087,68.48323822021484,2.9973955154418945,59.5153694152832,2.074019193649292,41.869972229003906,0.6306983232498169,0.10559423267841339,14.704275131225586,43.00358200073242,5.034448623657227,347.5303039550781,6.59004545211792,778.731201171875,2.9547377380367834e-06,1.1654562870333507e-09,11.281682968139648,78.15087127685547,48.80298614501953,0.07306554913520813,33.694766998291016,0.9431127905845642
27,618147.7761875,313370.625,618145.7770625,1.5576479144096373,4.268611713886261,0.5446000000000001,0.27046,10.335966110229492,1925.3729248046875,40.50053787231445,0.42594388127326965,1.8941869735717773,12.47083568572998,1.821662425994873,65.06945037841797,2.938570499420166,55.300323486328125,2.149066925048828,42.05742645263672,0.6306983232498169,0.10559423267841339,14.03181266784668,42.18483352661133,4.678462982177734,322.06170654296875,6.162858963012695,747.914306640625,2.9547377380367834e-06,1.1654562870333507e-09,10.965115547180176,77.57444763183594,49.639347076416016,0.07566040009260178,33.54060745239258,0.9450255632400513
28,650417.354375,1186248.0,650415.155625,1.6053267030715943,4.604467587471008,0.5644000000000003,0.28043999999999997,7.197341442108154,3991.81005859375,30.502656936645508,0.30909159779548645,1.7018907070159912,10.906723976135254,1.9678231477737427,69.48258972167969,2.9214179515838623,54.53661346435547,2.0174219608306885,40.61153030395508,0.6306983232498169,0.10559423267841339,15.697757720947266,45.161258697509766,4.390140533447266,323.8455505371094,6.139344692230225,741.2068481445312,2.9547377380367834e-06,1.1654562870333507e-09,11.305790901184082,83.90409851074219,49.36756896972656,0.07449117302894592,32.392547607421875,0.9097979664802551
29,605339.33725,303155.1875,605337.0505,1.5584575700759888,4.752934292793274,0.5841999999999997,0.2904199999999999,7.3053083419799805,1899.059814453125,32.319820404052734,0.3214139938354492,1.7480579614639282,11.053473472595215,1.9027689695358276,68.24658203125,2.9657444953918457,58.63050079345703,2.078754186630249,40.957881927490234,0.6306983232498169,0.10559423267841339,16.807437896728516,45.752872467041016,4.531482219696045,320.2423400878906,5.874732971191406,718.967041015625,2.9547377380367834e-06,1.1654562870333507e-09,12.058975219726562,79.20984649658203,49.09822463989258,0.07307391613721848,30.880678176879883,0.8907759189605713
30,511502.464,413897.75,511500.06975,1.6117164087295532,4.728684283256531,0.6039999999999999,0.30040000000000006,7.526472091674805,2272.8623046875,30.253692626953125,0.30259865522384644,1.6778959035873413,10.68669319152832,1.8077472448349,63.97689437866211,2.9746508598327637,56.35388946533203,2.046191453933716,40.70640563964844,0.6306983232498169,0.10559423267841339,12.789787292480469,41.465232849121094,4.211093425750732,319.1786804199219,5.823805332183838,714.2839965820312,2.9547377380367834e-06,1.1654562870333507e-09,11.409098625183105,76.24628448486328,50.1974983215332,0.075741708278656,31.292354583740234,0.9238169193267822
31,483491.1014375,457118.6875,483488.5939375,1.5896597757339477,4.8878296337127685,0.6238,0.31038000000000004,6.806761741638184,2387.203369140625,29.339366912841797,0.30138662457466125,1.863921046257019,11.708639144897461,1.8954428434371948,68.02751922607422,2.909167766571045,55.85162353515625,2.05502986907959,41.27479934692383,0.6306983232498169,0.10559423267841339,13.578250885009766,41.26573181152344,4.517740249633789,316.81158447265625,6.0293169021606445,763.9994506835938,2.9547377380367834e-06,1.1654562870333507e-09,11.264436721801758,74.50144958496094,49.70109939575195,0.0747516006231308,31.01447868347168,0.9280609488487244
32,483234.2095,340696.84375,483231.478125,1.574637842655182,5.359144240379334,0.6436000000000003,0.3203600000000001,8.05473804473877,2044.578125,31.32695198059082,0.31602051854133606,1.791020154953003,11.358735084533691,1.8290420770645142,65.12909698486328,2.847503662109375,54.39262771606445,2.1929140090942383,42.43643569946289,0.6306983232498169,0.10559423267841339,12.965027809143066,40.99296951293945,4.125783443450928,308.7366638183594,5.551625728607178,691.451416015625,2.9547377380367834e-06,1.1654562870333507e-09,10.221150398254395,72.1554946899414,50.069236755371094,0.07574919611215591,29.438983917236328,0.849427342414856
33,434076.194,368466.09375,434073.275,1.5969723076820375,5.637799953460694,0.6633999999999999,0.33033999999999997,5.9120192527771,2138.024658203125,29.808568954467773,0.3047001361846924,1.8803201913833618,12.30955982208252,1.7233669757843018,61.279441833496094,2.685976982116699,52.63240432739258,1.9143532514572144,38.060760498046875,0.6306983232498169,0.10559423267841339,14.119477272033691,40.594932556152344,4.140021324157715,310.63275146484375,5.466431140899658,689.0709838867188,2.9547377380367834e-06,1.1654562870333507e-09,11.960633277893066,79.21599578857422,47.773963928222656,0.07297846674919128,29.92442512512207,0.8417048454284668
34,420253.89425,408345.53125,420250.722125,1.5802768330574035,6.148007292747497,0.6831999999999999,0.34032000000000007,7.324902534484863,2263.5791015625,26.74761390686035,0.28483304381370544,1.6436948776245117,10.382020950317383,1.8265018463134766,65.05172729492188,2.8867111206054688,54.20184326171875,2.1239817142486572,41.93735122680664,0.6306983232498169,0.10559423267841339,12.139015197753906,37.9776496887207,3.878251552581787,306.00372314453125,5.402756690979004,695.8268432617188,2.9547377380367834e-06,1.1654562870333507e-09,9.546370506286621,68.84740447998047,49.50415802001953,0.07575763761997223,29.122966766357422,0.8501801490783691
35,519334.924625,344381.6875,519331.9829375,1.589925501346588,5.204547335624695,0.7030000000000001,0.3502999999999998,6.64609956741333,2064.795166015625,26.889026641845703,0.28931036591529846,1.635155439376831,10.24720287322998,1.6907293796539307,60.29716110229492,2.632172107696533,51.3912467956543,1.907939076423645,37.856414794921875,0.6306983232498169,0.10559423267841339,13.066869735717773,40.50762939453125,4.018872261047363,301.1894836425781,5.235571384429932,673.0623779296875,2.9547377380367834e-06,1.1654562870333507e-09,10.280243873596191,69.03495788574219,49.68465805053711,0.0745164081454277,27.413278579711914,0.7960378527641296
36,426686.220875,240028.171875,426683.3648125,1.5630524315834045,4.79666766834259,0.7228000000000003,0.3602800000000002,6.4191365242004395,1675.9539794921875,27.731101989746094,0.29987552762031555,1.6099467277526855,10.440157890319824,1.6480481624603271,59.29343795776367,2.596872568130493,52.38200378417969,1.885327935218811,36.97039031982422,0.6306983232498169,0.10559423267841339,13.637840270996094,38.92599868774414,3.810025453567505,302.3343811035156,5.066662311553955,667.9395141601562,2.9547377380367834e-06,1.1654562870333507e-09,9.711346626281738,68.95626068115234,49.3030891418457,0.07485584169626236,27.391517639160156,0.7902606129646301
37,410607.7009375,352863.15625,410605.2391875,1.5255495176315308,3.5852780389785766,0.7425999999999998,0.37026000000000003,6.780386924743652,2084.930908203125,24.614355087280273,0.24457617104053497,1.5762689113616943,10.142934799194336,2.0337307453155518,72.50287628173828,2.7584543228149414,54.578269958496094,1.9868539571762085,38.53129577636719,0.6306983232498169,0.10559423267841339,12.930547714233398,36.666988372802734,3.8815386295318604,306.1331787109375,5.407164096832275,695.1463012695312,2.9547377380367834e-06,1.1654562870333507e-09,10.831693649291992,70.83119201660156,50.1026611328125,0.07478265464305878,26.133214950561523,0.763322651386261
38,404751.62025,340791.09375,404748.5184375,1.5220164625644683,5.107762400627136,0.7623999999999997,0.38024,6.268457412719727,2062.06298828125,24.78709602355957,0.27008384466171265,1.597388505935669,10.323578834533691,1.6640594005584717,59.89091110229492,2.618638515472412,51.33328628540039,1.7726662158966064,35.3363037109375,0.6306983232498169,0.10559423267841339,12.213293075561523,37.8916130065918,3.5685629844665527,287.1562194824219,4.901976108551025,650.54296875,2.9547377380367834e-06,1.1654562870333507e-09,9.31295394897461,65.39996337890625,49.43510055541992,0.07564644515514374,25.1710147857666,0.7481734752655029
39,455437.872125,884297.4375,455435.5590625,1.5488774285316467,2.8203818683624267,0.7821999999999999,0.39022000000000007,9.938337326049805,3438.16552734375,30.24643898010254,0.32657745480537415,1.5464820861816406,10.197768211364746,1.6443427801132202,59.53916549682617,2.5910909175872803,51.919532775878906,1.8618253469467163,37.178985595703125,0.6306983232498169,0.10559423267841339,13.334894180297852,42.51435470581055,4.09088134765625,318.909423828125,4.847755432128906,665.4032592773438,2.9547377380367834e-06,1.1654562870333507e-09,9.837935447692871,71.86177825927734,51.16031265258789,0.07601623237133026,25.625015258789062,0.7521503567695618
40,453646.03625,254361.0,453643.5865,1.5340967106819152,3.0382727346420286,0.802,0.4001999999999999,6.2109375,1722.8887939453125,22.33150291442871,0.2602214217185974,1.464595913887024,9.739663124084473,1.6729222536087036,60.7321891784668,2.467736005783081,48.824100494384766,1.7649171352386475,35.468971252441406,0.6306983232498169,0.10559423267841339,11.617886543273926,36.224632263183594,3.891728401184082,310.63592529296875,5.20382022857666,694.9315795898438,2.9547377380367834e-06,1.1654562870333507e-09,10.29331111907959,67.28486633300781,49.50646209716797,0.07463124394416809,23.401493072509766,0.7115625739097595
41,390119.24875,285059.375,390116.4898125,1.6288241000175476,3.4609911041259767,0.8217999999999996,0.41017999999999993,6.703132629394531,1865.459716796875,22.217477798461914,0.24096843600273132,1.6175551414489746,10.332259178161621,1.7122496366500854,61.393280029296875,2.768460988998413,52.17112350463867,1.8826665878295898,38.29656982421875,0.6306983232498169,0.10559423267841339,11.611871719360352,36.992984771728516,3.577026844024658,285.3709716796875,4.788107872009277,644.402587890625,2.9547377380367834e-06,1.1654562870333507e-09,9.473499298095703,68.91041564941406,49.91469192504883,0.07568632066249847,24.004547119140625,0.715468168258667
42,393529.82275,223792.25,393527.123,1.558260954618454,3.3003152117729186,0.8415999999999998,0.42016000000000014,7.598789691925049,1617.7562255859375,24.283246994018555,0.2562033534049988,1.4606201648712158,9.293886184692383,1.65275239944458,60.654762268066406,2.5690550804138184,50.40757751464844,1.7662429809570312,35.693702697753906,0.6306983232498169,0.10559423267841339,12.01176929473877,35.92769241333008,3.6216325759887695,292.23321533203125,4.6674957275390625,645.8453979492188,2.9547377380367834e-06,1.1654562870333507e-09,9.741154670715332,67.44937133789062,50.56474304199219,0.07609827071428299,22.13182830810547,0.6984686255455017
43,463922.4868125,354193.6875,463919.766625,1.5025145215988158,3.3114055156707765,0.8613999999999999,0.43013999999999986,7.072000980377197,2105.545654296875,19.678014755249023,0.2159343957901001,1.5963971614837646,10.28813362121582,1.6796847581863403,60.66116714477539,2.5555830001831055,47.03873825073242,1.8025660514831543,36.449851989746094,0.6306983232498169,0.10559423267841339,11.018006324768066,36.90483093261719,3.414921760559082,303.4759216308594,4.7835001945495605,648.0699462890625,2.9547377380367834e-06,1.1654562870333507e-09,9.598126411437988,67.74492645263672,49.665157318115234,0.07617510855197906,21.019277572631836,0.6534356474876404
44,367855.5030625,377569.6875,367852.2225,1.6576317701339722,4.131096040725708,0.8812000000000002,0.44012000000000007,8.684418678283691,2180.98974609375,19.77060317993164,0.24549345672130585,1.6284756660461426,10.681001663208008,1.8010132312774658,65.6928482055664,2.9405171871185303,54.30316925048828,1.921046495437622,39.51470184326172,0.6306983232498169,0.10559423267841339,13.571779251098633,37.817779541015625,3.5033204555511475,285.035400390625,4.713201522827148,657.7337646484375,2.9547377380367834e-06,1.1654562870333507e-09,9.519640922546387,70.7542495727539,49.97370147705078,0.0758906900882721,19.13448143005371,0.6434795260429382
45,345494.229125,741410.3125,345491.56,1.6060642175674438,2.716492890357971,0.9009999999999998,0.45009999999999994,6.6124587059021,3145.56591796875,19.251731872558594,0.23897312581539154,1.4444596767425537,9.343940734863281,1.6154972314834595,58.55899429321289,2.348115921020508,45.39751052856445,1.6830466985702515,34.44231414794922,0.6306983232498169,0.10559423267841339,11.092634201049805,34.92216873168945,3.284489631652832,276.7159729003906,4.483863830566406,629.3502197265625,2.9547377380367834e-06,1.1654562870333507e-09,9.040517807006836,67.10814666748047,50.013763427734375,0.07486464828252792,19.176183700561523,0.627656877040863
46,429974.015875,284736.75,429971.3123125,1.5579213089942932,2.7575365352630614,0.9208,0.46007999999999977,8.032139778137207,1868.713623046875,19.323421478271484,0.23885780572891235,1.5545110702514648,9.894011497497559,1.6886824369430542,60.60371398925781,2.560462713241577,48.235347747802734,1.7380188703536987,35.55538558959961,0.6306983232498169,0.10559423267841339,11.177013397216797,36.40694808959961,3.3368029594421387,285.4786376953125,4.567887783050537,632.251953125,2.9547377380367834e-06,1.1654562870333507e-09,9.102282524108887,65.37855529785156,51.04722213745117,0.07680272310972214,19.975332260131836,0.6483134031295776
47,327932.4253125,214277.78125,327929.56625,1.493895043373108,3.0900731229782106,0.9406000000000001,0.4700599999999999,6.275763511657715,1586.0283203125,18.4322452545166,0.21764452755451202,1.3807085752487183,9.073046684265137,1.5506013631820679,56.725040435791016,2.4327118396759033,46.72324752807617,1.6333364248275757,33.32344436645508,0.6306983232498169,0.10559423267841339,11.114433288574219,36.61425018310547,3.414543628692627,279.1085205078125,4.531619548797607,628.2136840820312,2.9547377380367834e-06,1.1654562870333507e-09,8.533210754394531,62.397762298583984,48.82139587402344,0.0749979168176651,17.831972122192383,0.611399233341217
48,343529.310125,442538.59375,343526.349125,1.5430588059425354,3.081947054862976,0.9603999999999996,0.48003999999999997,6.477087020874023,2380.181884765625,19.383726119995117,0.21551671624183655,1.6361110210418701,10.552249908447266,1.8034861087799072,64.72286987304688,2.541080951690674,48.01548385620117,1.8064638376235962,36.05315399169922,0.6306983232498169,0.10559423267841339,12.900858879089355,40.122398376464844,3.3645827770233154,289.4739074707031,4.780430316925049,656.9064331054688,2.9547377380367834e-06,1.1654562870333507e-09,10.880525588989258,73.5887222290039,48.935089111328125,0.07471860945224762,20.11680793762207,0.6327711343765259
49,312919.418375,271252.53125,312916.521625,1.459414716720581,2.9902097463607786,0.9801999999999998,0.4900200000000002,6.048798084259033,1823.2685546875,18.956541061401367,0.21323969960212708,1.5861008167266846,9.977462768554688,1.4657567739486694,53.314491271972656,2.4092390537261963,45.84751892089844,1.5794057846069336,32.283233642578125,0.6306983232498169,0.10559423267841339,11.379085540771484,35.9608268737793,3.2071168422698975,277.3642272949219,4.368967533111572,620.1289672851562,2.9547377380367834e-06,1.1654562870333507e-09,9.327801704406738,65.8348159790039,49.76409912109375,0.07575488090515137,19.819921493530273,0.6386227607727051
50,327994.009625,166292.234375,327991.06575,1.5300260229110718,2.8283616180419924,1.0,0.5,6.675917625427246,1350.5604248046875,18.498064041137695,0.20638220012187958,1.3632855415344238,8.685480117797852,1.6138828992843628,58.74555587768555,2.6393613815307617,51.7181510925293,1.6836183071136475,33.855167388916016,0.6306983232498169,0.10559423267841339,12.656291961669922,36.603736877441406,3.2895944118499756,287.1562805175781,4.657899379730225,639.48974609375,2.9547377380367834e-06,1.1654562870333507e-09,9.074748039245605,62.94639205932617,48.71488571166992,0.07396533340215683,17.333742141723633,0.5766375660896301
51,334346.421125,243139.25,334341.180625,1.5593112635612487,7.3650309324264525,1.0,0.5,6.129903316497803,1684.0179443359375,17.82327651977539,0.23363429307937622,1.5646090507507324,9.86729907989502,1.8215630054473877,65.04559326171875,2.6788651943206787,51.49932861328125,1.867915153503418,39.50969314575195,0.6306983232498169,0.10559423267841339,11.124314308166504,36.18657302856445,3.4690539836883545,288.28033447265625,5.053829193115234,686.3020629882812,2.9547377380367834e-06,1.1654562870333507e-09,9.16961669921875,63.58991241455078,49.88987350463867,0.07627598941326141,19.688257217407227,0.617682695388794
52,314098.1276875,229642.046875,314095.1460625,1.5190844492912292,2.921788776397705,1.0,0.5,9.84819507598877,1656.13427734375,21.04759407043457,0.23311471939086914,1.3889031410217285,9.108148574829102,1.5922592878341675,58.07667922973633,2.4650373458862305,46.181846618652344,1.8319593667984009,36.5229377746582,0.6306983232498169,0.10559423267841339,11.069507598876953,35.39061737060547,3.140866756439209,278.52166748046875,4.411593437194824,618.4581909179688,2.9547377380367834e-06,1.1654562870333507e-09,8.509562492370605,62.80491638183594,50.361412048339844,0.0756259560585022,18.918712615966797,0.605955958366394
53,385201.99503125,490185.53125,385199.15159375,1.5279996321201323,2.6249212503433226,1.0,0.5,5.903102874755859,2530.599853515625,18.159587860107422,0.19747579097747803,1.3474377393722534,9.080214500427246,1.4679524898529053,53.68498611450195,2.365596294403076,45.365501403808594,1.5580108165740967,32.152732849121094,0.6306983232498169,0.10559423267841339,10.95305347442627,36.150917053222656,3.0575103759765625,267.88287353515625,4.290836334228516,612.6897583007812,2.9547377380367834e-06,1.1654562870333507e-09,8.356734275817871,64.22499084472656,50.55767822265625,0.07528688758611679,18.495479583740234,0.6307542324066162
54,324608.1283125,226307.28125,324605.187,1.4823183441162109,2.91755499458313,1.0,0.5,8.169456481933594,1643.30859375,17.344837188720703,0.18628299236297607,1.442367434501648,9.32227611541748,1.47467839717865,53.667930603027344,2.4729366302490234,47.73040008544922,1.688563585281372,33.47504806518555,0.6306983232498169,0.10559423267841339,11.100175857543945,33.863040924072266,2.9876253604888916,281.332763671875,4.337296485900879,614.5797729492188,2.9547377380367834e-06,1.1654562870333507e-09,8.101348876953125,58.702613830566406,49.78232955932617,0.07460437715053558,16.51426887512207,0.569107711315155
55,294144.29375,351035.625,294141.196,1.4871407155990601,3.222121273994446,1.0,0.5,5.8058295249938965,2109.699462890625,18.500349044799805,0.18556100130081177,1.3497276306152344,8.81885051727295,1.3786611557006836,50.241355895996094,2.3648009300231934,45.574745178222656,1.493342638015747,30.69325828552246,0.6306983232498169,0.10559423267841339,11.079008102416992,33.67866134643555,2.910449266433716,267.9405822753906,4.390483856201172,617.5512084960938,2.9547377380367834e-06,1.1654562870333507e-09,8.377134323120117,61.04619598388672,49.64266586303711,0.07500427961349487,17.31597137451172,0.5805756449699402
56,365168.08325,352267.25,365164.9228125,1.4859107866287231,3.346152219772339,1.0,0.5,5.988579750061035,2113.306884765625,16.254741668701172,0.1609182357788086,1.339130163192749,8.693145751953125,1.4559135437011719,52.95393753051758,2.346815347671509,45.90496063232422,1.575286865234375,31.837812423706055,0.6306983232498169,0.10559423267841339,10.452376365661621,34.97404861450195,3.029266119003296,266.09356689453125,4.365574359893799,619.592041015625,2.9547377380367834e-06,1.1654562870333507e-09,8.629209518432617,61.06595993041992,49.69357681274414,0.07503341138362885,17.04031753540039,0.5747820138931274
57,317438.686125,332893.90625,317435.5435625,1.4937653813362122,3.2970626792907716,1.0,0.5,7.5235700607299805,2051.389404296875,17.957731246948242,0.17793604731559753,1.3171852827072144,8.826404571533203,1.4742403030395508,53.97013473510742,2.3585283756256104,45.933589935302734,1.6289989948272705,33.22297668457031,0.6306983232498169,0.10559423267841339,10.369274139404297,35.72405242919922,2.9851975440979004,263.75787353515625,4.2161455154418945,609.8153686523438,2.9547377380367834e-06,1.1654562870333507e-09,7.805939674377441,58.042442321777344,49.555606842041016,0.07516641169786453,16.472097396850586,0.5485982298851013
58,279706.40875,325789.375,279703.3716875,1.5147635445594787,3.044770713806152,1.0,0.5,10.647292137145996,2025.2283935546875,17.679824829101562,0.17397011816501617,1.3298192024230957,8.469815254211426,1.5219035148620605,55.547950744628906,2.3922088146209717,46.9146728515625,1.646704912185669,34.17554473876953,0.6306983232498169,0.10559423267841339,11.011176109313965,34.99555969238281,2.8070812225341797,265.713623046875,4.159842491149902,614.7498779296875,2.9547377380367834e-06,1.1654562870333507e-09,7.654370307922363,56.60231399536133,50.33652114868164,0.0776192843914032,17.72026252746582,0.5982159972190857
59,277123.2518125,151169.375,277120.504625,1.482543293952942,2.529262777328491,1.0,0.5,6.004979133605957,1289.359130859375,16.138513565063477,0.15244503319263458,1.2951139211654663,8.202801704406738,1.3981326818466187,51.47356033325195,2.336179733276367,45.17267608642578,1.5575028657913208,32.58344268798828,0.6306983232498169,0.10559423267841339,10.443120002746582,33.36327362060547,2.7798633575439453,264.8924865722656,4.193727016448975,611.2839965820312,2.9547377380367834e-06,1.1654562870333507e-09,8.033818244934082,55.9763298034668,50.021575927734375,0.07672981172800064,18.08692741394043,0.5790634155273438
60,294136.473125,475874.375,294133.7946875,1.4713535332679748,2.4164867753982544,1.0,0.5,7.592950820922852,2492.654296875,16.839929580688477,0.17636319994926453,1.338385820388794,8.805486679077148,1.4964951276779175,54.91374588012695,2.29864239692688,44.44237518310547,1.5896645784378052,32.776824951171875,0.6306983232498169,0.10559423267841339,9.887860298156738,34.803375244140625,2.714656114578247,260.0629577636719,4.1687331199646,608.7133178710938,2.9547377380367834e-06,1.1654562870333507e-09,7.605250358581543,58.08775329589844,48.56007766723633,0.0751735046505928,16.709266662597656,0.5771223306655884
61,285512.2330625,149513.046875,285509.383375,1.4987218990325928,2.703238829612732,1.0,0.5,5.590590000152588,1285.5875244140625,16.516334533691406,0.1597779542207718,1.284462571144104,8.32087230682373,1.3217353820800781,48.26929473876953,2.245511770248413,43.41648483276367,1.5238640308380127,30.56547737121582,0.6306983232498169,0.10559423267841339,10.090787887573242,33.453514099121094,2.7627220153808594,263.9626159667969,4.097188472747803,600.9071655273438,2.9547377380367834e-06,1.1654562870333507e-09,7.668744087219238,57.63430404663086,49.378578186035156,0.07521640509366989,16.815603256225586,0.5634870529174805
62,249160.2363125,173701.0,249157.4448125,1.448702043533325,2.683061951637268,1.0,0.5,6.350882530212402,1410.196533203125,17.656404495239258,0.18045833706855774,1.2717475891113281,8.096388816833496,1.3631831407546997,50.119930267333984,2.4439666271209717,47.020294189453125,1.5543553829193115,31.5269718170166,0.6306983232498169,0.10559423267841339,10.997448921203613,33.20772933959961,2.747880220413208,263.0765075683594,4.233823299407959,603.3327026367188,2.9547377380367834e-06,1.1654562870333507e-09,7.517651557922363,55.06356430053711,49.26642990112305,0.07468022406101227,17.375553131103516,0.5683691501617432
63,248371.19975,165894.46875,248368.2075625,1.48646550989151,3.009120859146118,1.0,0.5,5.2751946449279785,1366.264892578125,18.220537185668945,0.18894705176353455,1.1616723537445068,7.4974493980407715,1.2717989683151245,47.66291427612305,2.3220813274383545,44.481971740722656,1.4612407684326172,30.556804656982422,0.6306983232498169,0.10559423267841339,10.056303977966309,33.40876388549805,2.797100305557251,260.6719055175781,4.332743167877197,615.04052734375,2.9547377380367834e-06,1.1654562870333507e-09,7.6898088455200195,56.911895751953125,49.837615966796875,0.0760466605424881,17.32975196838379,0.5710330009460449
64,256748.856875,446305.71875,256745.970625,1.4766639218330384,2.8194764223098754,1.0,0.5,7.662487983703613,2410.204833984375,18.603321075439453,0.18938034772872925,1.3539721965789795,8.900445938110352,1.295636773109436,47.6724853515625,2.494854211807251,47.58977508544922,1.5010443925857544,30.119403839111328,0.6306983232498169,0.10559423267841339,11.281420707702637,34.971412658691406,2.697625160217285,270.2567138671875,4.0768842697143555,596.7683715820312,2.9547377380367834e-06,1.1654562870333507e-09,7.56456184387207,57.01531982421875,49.29500961303711,0.07536264508962631,16.649011611938477,0.5666968822479248
65,260034.37175,305547.34375,260031.53253125,1.5101445713043213,2.655437023162842,1.0,0.5,7.123025417327881,1960.2802734375,15.077616691589355,0.16252516210079193,1.2381668090820312,7.9523396492004395,1.3860193490982056,53.12918472290039,2.325986623764038,46.981441497802734,1.5343713760375977,34.140281677246094,0.6306983232498169,0.10559423267841339,10.732161521911621,34.526832580566406,2.6512579917907715,258.4037170410156,4.171996593475342,597.7068481445312,2.9547377380367834e-06,1.1654562870333507e-09,8.12585163116455,58.86564636230469,50.602848052978516,0.07734351605176926,17.463115692138672,0.5822124481201172
66,234018.776,497657.25,234015.9433125,1.46731640291214,2.730268236160278,1.0,0.5,6.460896968841553,2557.3193359375,16.627418518066406,0.15801000595092773,1.2853227853775024,8.252782821655273,1.3309688568115234,49.332550048828125,2.401538848876953,45.8036994934082,1.4718528985977173,31.410429000854492,0.6306983232498169,0.10559423267841339,10.497285842895508,36.40477752685547,2.7657225131988525,253.76991271972656,4.078513145446777,593.734130859375,2.9547377380367834e-06,1.1654562870333507e-09,8.111663818359375,58.858253479003906,49.867210388183594,0.0764693170785904,17.33188819885254,0.5733661651611328
67,231074.87234375,234091.859375,231072.00128125,1.4515533285140991,2.840118776321411,1.0,0.5,5.152951717376709,1692.6495361328125,15.501004219055176,0.15069620311260223,1.269640564918518,8.030617713928223,1.2261515855789185,45.87730026245117,2.3862228393554688,44.79161834716797,1.4268677234649658,30.282184600830078,0.6306983232498169,0.10559423267841339,10.282709121704102,33.98556137084961,2.6716291904449463,253.21600341796875,4.0032196044921875,581.9158325195312,2.9547377380367834e-06,1.1654562870333507e-09,7.771765232086182,56.64501190185547,49.52922439575195,0.07574988156557083,15.885430335998535,0.5452771186828613
68,252329.657125,163146.953125,252326.87321875,1.4677491097450257,2.633232439994812,1.0,0.5,6.277550220489502,1348.5595703125,15.187949180603027,0.16800491511821747,1.1952695846557617,7.641306400299072,1.32477605342865,49.714176177978516,2.38116455078125,47.324214935302734,1.4974759817123413,30.300260543823242,0.6306983232498169,0.10559423267841339,10.685998916625977,33.76945114135742,2.8212974071502686,271.7856750488281,4.258859634399414,617.7921752929688,2.9547377380367834e-06,1.1654562870333507e-09,7.756525993347168,55.31726837158203,49.56038284301758,0.0748537927865982,15.042030334472656,0.539496898651123
69,227193.284125,167423.890625,227190.547125,1.4354667568206787,2.6027341861724853,1.0,0.5,5.94614839553833,1385.9100341796875,15.746209144592285,0.14800740778446198,1.1446950435638428,7.461933612823486,1.3051881790161133,48.01824188232422,2.3053953647613525,44.83887481689453,1.5167675018310547,30.01149559020996,0.6306983232498169,0.10559423267841339,9.894128799438477,32.98954772949219,2.677995443344116,253.80564880371094,4.0329718589782715,591.1469116210938,2.9547377380367834e-06,1.1654562870333507e-09,7.3852949142456055,54.14811325073242,48.988162994384766,0.07468326389789581,15.455166816711426,0.5402652025222778
70,236292.54175,144564.140625,236289.61603125,1.4523397345542908,2.9493428554534913,1.0,0.5,5.617822170257568,1269.0487060546875,15.165434837341309,0.14143086969852448,1.2347960472106934,8.020584106445312,1.4002035856246948,51.22905349731445,2.2381885051727295,44.24070739746094,1.5134127140045166,31.459096908569336,0.6306983232498169,0.10559423267841339,9.868989944458008,32.45648193359375,2.5012173652648926,244.91522216796875,3.8908374309539795,586.5005493164062,2.9547377380367834e-06,1.1654562870333507e-09,7.152235507965088,52.29812240600586,49.7244987487793,0.07574722170829773,16.019489288330078,0.542453944683075
71,246720.73928125,151935.421875,246717.841375,1.4625829133987427,2.87012909412384,1.0,0.5,5.396954536437988,1305.425048828125,14.079451560974121,0.12966300547122955,1.1921415328979492,7.6619086265563965,1.403670072555542,51.32313537597656,2.3674585819244385,45.5634880065918,1.5408620834350586,32.64201736450195,0.6306983232498169,0.10559423267841339,10.152998924255371,33.60196304321289,2.8458454608917236,259.2900085449219,4.011964321136475,588.119384765625,2.9547377380367834e-06,1.1654562870333507e-09,7.004072666168213,53.47892379760742,50.938499450683594,0.07750264555215836,15.490846633911133,0.5356723070144653
72,239260.120625,232026.734375,239257.3005,1.4439341189861297,2.7514858541488647,1.0,0.5,6.633609771728516,1678.11328125,15.219332695007324,0.20171046257019043,1.123058557510376,7.291563510894775,1.2725750207901,47.15028381347656,2.3116984367370605,44.38821029663086,1.5098493099212646,32.02256393432617,0.6306983232498169,0.10559423267841339,9.76217269897461,35.48514938354492,2.5978355407714844,247.2566375732422,4.084015846252441,601.4202880859375,2.9547377380367834e-06,1.1654562870333507e-09,6.983017921447754,53.984657287597656,50.00045394897461,0.07584944367408752,15.029613494873047,0.5243105888366699
73,253069.98515625,202985.984375,253066.98559375,1.4459723501205444,3.108294894218445,1.0,0.5,5.762918949127197,1548.1318359375,14.677741050720215,0.13604535162448883,1.259947419166565,8.078604698181152,1.369645595550537,51.73666000366211,2.4033448696136475,46.85404586791992,1.4821161031723022,33.02642822265625,0.6306983232498169,0.10559423267841339,10.454434394836426,33.953548431396484,2.648794174194336,257.5366516113281,4.133011341094971,607.0140991210938,2.9547377380367834e-06,1.1654562870333507e-09,7.937542915344238,55.657020568847656,51.38666534423828,0.07727386802434921,16.475101470947266,0.5367481708526611
74,275745.7335625,831171.5,275742.59725,1.4313322234153747,3.4117919511795045,1.0,0.5,7.402992248535156,3345.190673828125,15.964598655700684,0.16119052469730377,1.3475476503372192,8.844038009643555,1.4997726678848267,52.59086227416992,2.3739068508148193,44.46258544921875,1.6030126810073853,31.892560958862305,0.6306983232498169,0.10559423267841339,10.557272911071777,37.26692199707031,3.06727933883667,276.4430847167969,3.9508261680603027,599.2730712890625,2.9547377380367834e-06,1.1654562870333507e-09,7.309523105621338,57.4647102355957,49.5195198059082,0.07491841912269592,16.992944717407227,0.5675546526908875
75,252051.26590625,183484.109375,252048.14565625,1.4626296091079711,3.3142386236190795,1.0,0.5,8.326725959777832,1451.4927978515625,16.940244674682617,0.1883554458618164,1.1891961097717285,7.663222789764404,1.6279807090759277,61.13700485229492,2.6139068603515625,55.67158889770508,1.8986515998840332,38.818336486816406,0.6306983232498169,0.10559423267841339,12.272932052612305,36.666568756103516,3.046440601348877,279.5975341796875,4.302083492279053,609.1925048828125,2.9547377380367834e-06,1.1654562870333507e-09,7.028183460235596,53.718929290771484,49.104400634765625,0.07367279380559921,14.514246940612793,0.520205020904541
76,214803.6186875,143852.953125,214800.261875,1.4641928062438965,3.782267304420471,1.0,0.5,5.540821552276611,1270.877685546875,14.739550590515137,0.1378016471862793,1.1957144737243652,7.506823539733887,1.252737283706665,46.357521057128906,2.280874490737915,42.97523880004883,1.482547402381897,30.900876998901367,0.6306983232498169,0.10559423267841339,9.415595054626465,34.3745231628418,2.484860897064209,243.48626708984375,3.736736297607422,574.9017333984375,2.9547377380367834e-06,1.1654562870333507e-09,7.105322360992432,52.933746337890625,49.80598449707031,0.07589134573936462,15.017062187194824,0.5137270092964172
77,195658.0951875,256264.125,195654.9675,1.4458771657943725,3.365401153564453,1.0,0.5,5.0577569007873535,1787.2015380859375,12.739901542663574,0.12270292639732361,1.2257972955703735,8.02582836151123,1.3641382455825806,51.16059875488281,2.313397169113159,43.87043380737305,1.5782214403152466,34.6206169128418,0.6306983232498169,0.10559423267841339,9.375880241394043,33.003204345703125,2.4472546577453613,246.3126983642578,3.825998306274414,568.4490966796875,2.9547377380367834e-06,1.1654562870333507e-09,6.860004901885986,53.72612380981445,49.442054748535156,0.0761721283197403,14.757884979248047,0.5089839696884155
78,189278.45734375,163739.125,189275.1075,1.4397209305763246,3.8195356273651124,1.0,0.5,5.9548563957214355,1365.7374267578125,14.558810234069824,0.15278296172618866,1.2116540670394897,7.800421714782715,1.2303465604782104,44.101863861083984,2.178317070007324,40.67536544799805,1.3928781747817993,28.6940975189209,0.6306983232498169,0.10559423267841339,9.46057415008545,31.940202713012695,2.631093978881836,277.6570739746094,3.8228626251220703,584.6846313476562,2.9547377380367834e-06,1.1654562870333507e-09,6.821054935455322,51.30938720703125,49.66705322265625,0.07540809363126755,13.771035194396973,0.49021458625793457
79,223213.2583125,209356.6875,223210.431875,1.4762599768638611,2.701605902671814,1.0,0.5,5.044652938842773,1587.619140625,12.922479629516602,0.12479383498430252,1.1610175371170044,7.467678070068359,1.208579182624817,44.38984680175781,2.1491100788116455,42.240108489990234,1.3807693719863892,28.670076370239258,0.6306983232498169,0.10559423267841339,10.002776145935059,33.73785400390625,2.4375109672546387,249.45895385742188,3.8192734718322754,582.866943359375,2.9547377380367834e-06,1.1654562870333507e-09,7.059274673461914,51.980228424072266,49.91042709350586,0.07591810822486877,13.950387001037598,0.5024409294128418
80,234108.8410625,176499.703125,234105.4860625,1.4236553795337676,3.862928829193115,1.0,0.5,5.75144624710083,1421.4130859375,15.091286659240723,0.16182515025138855,1.1665717363357544,7.457058429718018,1.183537244796753,44.517112731933594,2.180727243423462,43.474796295166016,1.363168478012085,29.342859268188477,0.6306983232498169,0.10559423267841339,9.973061561584473,34.53773498535156,2.7487218379974365,266.8549499511719,3.957190990447998,608.7572631835938,2.9547377380367834e-06,1.1654562870333507e-09,7.2134575843811035,52.72357177734375,50.74979019165039,0.07637152820825577,15.273547172546387,0.5303583145141602
81,226414.88225,117025.9375,226411.6420625,1.4451762714385987,3.588508059501648,1.0,0.5,4.8614301681518555,1105.858154296875,14.338164329528809,0.13602009415626526,1.128021240234375,7.256365776062012,1.1769462823867798,43.5242919921875,2.0246284008026123,39.56800079345703,1.3396379947662354,28.517047882080078,0.6306983232498169,0.10559423267841339,9.245223999023438,31.8776912689209,2.4374146461486816,262.9980773925781,3.875109910964966,581.55712890625,2.9547377380367834e-06,1.1654562870333507e-09,7.079735279083252,51.957584381103516,50.400203704833984,0.07674622535705566,14.675046920776367,0.5016726851463318
82,222863.3063125,125427.1171875,222859.7345,1.4621249647140504,4.219366551399231,1.0,0.5,5.874401569366455,1169.491943359375,15.387675285339355,0.14842556416988373,1.1410129070281982,7.414421081542969,1.1425437927246094,42.094669342041016,2.1626923084259033,40.903846740722656,1.3395414352416992,27.909103393554688,0.6306983232498169,0.10559423267841339,9.421066284179688,30.713565826416016,2.450996160507202,250.68348693847656,3.7605416774749756,563.5859985351562,2.9547377380367834e-06,1.1654562870333507e-09,6.896460056304932,50.517024993896484,49.26781463623047,0.07534506916999817,14.496542930603027,0.49890339374542236
83,223215.0488125,175101.21875,223210.9108125,1.4780705585479736,5.317397104263305,1.0,0.5,5.873046398162842,1432.002197265625,14.683095932006836,0.13561801612377167,1.1631035804748535,7.693382740020752,1.2879935503005981,47.73553466796875,2.1710898876190186,42.79648971557617,1.453094482421875,30.65346908569336,0.6306983232498169,0.10559423267841339,8.87938404083252,31.76413917541504,2.4583699703216553,245.271240234375,3.8160898685455322,575.9644165039062,2.9547377380367834e-06,1.1654562870333507e-09,6.895018577575684,52.464019775390625,50.1418342590332,0.0759248360991478,13.843131065368652,0.47163498401641846
84,179556.99803125,191263.140625,179553.7669375,1.4326297135353088,3.597945038795471,1.0,0.5,4.9544525146484375,1513.31201171875,13.570669174194336,0.12240643799304962,1.1122606992721558,7.453505992889404,1.156836986541748,43.05864715576172,2.1387386322021484,42.05835723876953,1.3280068635940552,28.44585418701172,0.6306983232498169,0.10559423267841339,9.47085189819336,32.29293441772461,2.277040958404541,242.72573852539062,3.7207093238830566,566.1680297851562,2.9547377380367834e-06,1.1654562870333507e-09,6.498244285583496,50.55093002319336,50.421409606933594,0.07608844339847565,14.886908531188965,0.5119277238845825
85,206308.2055625,212396.421875,206304.8428125,1.4624458737373351,3.7996465826034544,1.0,0.5,6.026561260223389,1605.4739990234375,14.09170913696289,0.14769239723682404,1.2215520143508911,7.920948028564453,1.2318364381790161,44.54362106323242,2.2549831867218018,43.786399841308594,1.4257534742355347,28.29587173461914,0.6306983232498169,0.10559423267841339,10.286262512207031,32.60115432739258,2.586946487426758,248.16488647460938,3.6783392429351807,570.9519653320312,2.9547377380367834e-06,1.1654562870333507e-09,6.820587158203125,50.79665756225586,50.22150802612305,0.07577501237392426,14.20262336730957,0.5128763914108276
86,180675.37696875,150662.75,180672.0041875,1.4531301844120026,3.839966958999634,1.0,0.5,6.857426643371582,1319.1197509765625,17.187297821044922,0.19089028239250183,1.1289241313934326,7.409686088562012,1.162875771522522,41.93386459350586,2.222604274749756,42.775123596191406,1.3564685583114624,27.418041229248047,0.6306983232498169,0.10559423267841339,10.463974952697754,33.07756805419922,2.284769058227539,238.78538513183594,3.621699333190918,551.3850708007812,2.9547377380367834e-06,1.1654562870333507e-09,6.711027145385742,51.435726165771484,50.477272033691406,0.07608256489038467,14.613758087158203,0.5052599906921387
87,211621.23975,171724.953125,211618.32425,1.4507013115882874,2.929000683784485,1.0,0.5,5.056659698486328,1425.180908203125,15.796687126159668,0.14747382700443268,1.0872398614883423,6.976041316986084,1.1621532440185547,41.98633575439453,2.094276189804077,41.072174072265625,1.302162766456604,26.695558547973633,0.6306983232498169,0.10559423267841339,9.77661418914795,31.880054473876953,2.2262768745422363,238.43557739257812,3.651832342147827,555.3089599609375,2.9547377380367834e-06,1.1654562870333507e-09,6.884580135345459,50.38666915893555,49.58685302734375,0.07544560730457306,14.738353729248047,0.5233604907989502
88,219680.382125,461131.15625,219677.04709375,1.4337153701782226,3.8036454610824584,1.0,0.5,5.744986057281494,2459.243896484375,13.75415325164795,0.12896184623241425,1.1350011825561523,7.617243766784668,1.205562949180603,46.49856948852539,2.274892568588257,44.93375015258789,1.3743284940719604,31.05204963684082,0.6306983232498169,0.10559423267841339,9.285279273986816,32.71073913574219,2.621495246887207,260.62762451171875,3.793780565261841,575.4778442382812,2.9547377380367834e-06,1.1654562870333507e-09,6.603118896484375,50.56272888183594,50.27553939819336,0.0767388641834259,15.702136039733887,0.545578122138977
89,185544.43225,255817.46875,185540.92634375,1.4177348923683166,4.175675851821899,1.0,0.5,5.294938087463379,1786.28857421875,13.55295467376709,0.12656599283218384,1.2184693813323975,7.6784186363220215,1.2348591089248657,45.714046478271484,2.238467216491699,42.86531448364258,1.382481575012207,29.92104148864746,0.6306983232498169,0.10559423267841339,9.600057601928711,32.76480484008789,2.3379547595977783,245.53468322753906,3.7263519763946533,567.3583984375,2.9547377380367834e-06,1.1654562870333507e-09,6.890282154083252,49.570350646972656,49.84727096557617,0.07587207853794098,14.869099617004395,0.5190805196762085
90,185145.0909375,146840.515625,185141.82371875,1.4486504635810853,3.63834831905365,1.0,0.5,5.366625785827637,1291.43212890625,15.633210182189941,0.2752838730812073,1.1390236616134644,7.389782905578613,1.3219343423843384,47.47964859008789,2.045632839202881,40.46693420410156,1.514668345451355,31.432025909423828,0.6306983232498169,0.10559423267841339,8.950551986694336,31.496244430541992,2.201249361038208,249.84544372558594,3.516606330871582,563.2503051757812,2.9547377380367834e-06,1.1654562870333507e-09,6.524257183074951,48.445369720458984,50.377689361572266,0.07628881931304932,14.734532356262207,0.5179312229156494
91,180257.007125,353213.15625,180253.32115625,1.458104271888733,4.454767262458801,1.0,0.5,5.4480509757995605,2139.82763671875,14.241604804992676,0.1346857100725174,1.1676580905914307,7.568662166595459,1.1717671155929565,43.85216522216797,2.154526472091675,42.86854934692383,1.3187074661254883,28.981035232543945,0.6306983232498169,0.10559423267841339,9.287216186523438,33.97580337524414,2.3207643032073975,238.29832458496094,3.528308391571045,548.6661987304688,2.9547377380367834e-06,1.1654562870333507e-09,6.549849987030029,49.664344787597656,50.40146255493164,0.07626886665821075,15.206720352172852,0.5191960334777832
92,195075.1875625,151514.375,195071.63415625,1.4365542311668396,4.232344922065735,1.0,0.5,6.007437705993652,1328.677734375,13.578144073486328,0.13024239242076874,1.1658879518508911,7.494172096252441,1.1363718509674072,41.77978515625,2.0604419708251953,40.226558685302734,1.3337156772613525,28.372539520263672,0.6306983232498169,0.10559423267841339,9.264123916625977,31.42622184753418,2.22041654586792,241.23037719726562,3.5159523487091064,538.4816284179688,2.9547377380367834e-06,1.1654562870333507e-09,6.6359663009643555,49.27021026611328,50.12837600708008,0.07535170018672943,15.054984092712402,0.5159814357757568
93,176086.9564375,536731.3125,176083.55725,1.4501985511779785,3.8979374170303345,1.0,0.5,5.755295276641846,2672.27294921875,13.587613105773926,0.13790853321552277,1.189469814300537,7.886213302612305,1.193373680114746,42.66023635864258,2.200789213180542,42.43593215942383,1.3726905584335327,26.8514404296875,0.6306983232498169,0.10559423267841339,9.734440803527832,32.85751724243164,2.3051140308380127,246.26109313964844,3.570425510406494,551.9483032226562,2.9547377380367834e-06,1.1654562870333507e-09,6.389906883239746,48.972190856933594,50.13697052001953,0.07463029026985168,14.324191093444824,0.5242376327514648
94,199386.20634375,403199.84375,199383.05040625,1.4496913249492644,3.4140149326324463,1.0,0.5,5.90633487701416,2299.1005859375,13.748717308044434,0.13439401984214783,1.1932766437530518,7.830756187438965,1.1827646493911743,41.68038558959961,2.170105218887329,42.008182525634766,1.3521066904067993,26.340389251708984,0.6306983232498169,0.10559423267841339,9.726654052734375,33.107357025146484,2.0900726318359375,235.76214599609375,3.562941074371338,543.6439208984375,2.9547377380367834e-06,1.1654562870333507e-09,6.414706230163574,49.256771087646484,49.350502014160156,0.07405458390712738,14.231281280517578,0.5102155208587646
95,163536.40546875,230373.90625,163533.19971875,1.4454479682445527,3.5204516229629514,1.0,0.5,4.9923248291015625,1693.9676513671875,13.055557250976562,0.1252865344285965,1.1366090774536133,7.31167459487915,1.1451023817062378,42.91337203979492,2.0452218055725098,41.4571647644043,1.3186001777648926,28.493783950805664,0.6306983232498169,0.10559423267841339,8.913310050964355,32.076263427734375,2.1867644786834717,232.8195343017578,3.429872989654541,542.0020141601562,2.9547377380367834e-06,1.1654562870333507e-09,6.3472113609313965,47.537532806396484,50.40023422241211,0.07617568969726562,14.32523250579834,0.5116637945175171
96,156241.5956875,247958.0625,156238.06015625,1.48477600812912,4.1002083606719975,1.0,0.5,4.732818603515625,1769.8594970703125,13.306114196777344,0.12750208377838135,1.1101049184799194,7.275259017944336,1.1153035163879395,40.419132232666016,1.9783847332000732,38.825233459472656,1.3157868385314941,26.612573623657227,0.6306983232498169,0.10559423267841339,8.564131736755371,30.799604415893555,2.080493688583374,228.5546417236328,3.4138309955596924,528.7774047851562,2.9547377380367834e-06,1.1654562870333507e-09,6.061696529388428,47.88456726074219,49.821510314941406,0.07525674253702164,13.574914932250977,0.49382638931274414
97,158885.4364375,138139.171875,158882.24765625,1.465495025396347,3.447879223823547,1.0,0.5,5.2272138595581055,1260.7337646484375,13.893943786621094,0.14997737109661102,1.1855417490005493,7.455761909484863,1.121201753616333,41.30260467529297,2.0324625968933105,40.46037292480469,1.3029205799102783,26.711387634277344,0.6306983232498169,0.10559423267841339,9.394332885742188,31.55594253540039,2.0717995166778564,230.61659240722656,3.371422052383423,532.7393188476562,2.9547377380367834e-06,1.1654562870333507e-09,6.8345489501953125,48.71419143676758,49.71440887451172,0.07509326934814453,14.831225395202637,0.5096973776817322
98,143471.2420625,178649.921875,143468.0984375,1.4698806519508363,3.34830193901062,1.0,0.5,4.951004981994629,1468.8179931640625,13.742229461669922,0.135285422205925,1.1373659372329712,7.337841987609863,1.1673691272735596,42.75483322143555,2.11487078666687,41.92400360107422,1.2739648818969727,26.617597579956055,0.6306983232498169,0.10559423267841339,9.303319931030273,32.78608322143555,2.08388090133667,224.4814910888672,3.377013683319092,534.3291015625,2.9547377380367834e-06,1.1654562870333507e-09,6.534803867340088,48.24628448486328,50.14326095581055,0.07457458227872849,14.442472457885742,0.5048656463623047
99,158492.6864375,254205.78125,158489.37325,1.470720197200775,3.6861746158599855,1.0,0.5,5.188642978668213,1796.280029296875,14.7229585647583,0.15982533991336823,1.1905953884124756,7.533466339111328,1.1405342817306519,41.7277717590332,2.0041451454162598,39.5698127746582,1.298843264579773,27.532516479492188,0.6306983232498169,0.10559423267841339,8.730036735534668,31.902565002441406,2.098177909851074,227.61822509765625,3.3610270023345947,522.222412109375,2.9547377380367834e-06,1.1654562870333507e-09,6.7975921630859375,50.699073791503906,49.93657684326172,0.07516125589609146,14.430008888244629,0.4993354082107544
100,156880.1906875,135120.890625,156876.660875,1.4329041051864624,4.192611856460571,1.0,0.5,5.393483638763428,1239.1640625,14.857760429382324,0.1724025160074234,1.150557518005371,7.338708400726318,1.2791001796722412,46.03297805786133,2.1378350257873535,43.451637268066406,1.4377268552780151,28.11534309387207,0.6306983232498169,0.10559423267841339,9.825674057006836,32.31746292114258,2.334881544113159,231.63706970214844,3.398484468460083,542.491943359375,2.9547377380367834e-06,1.1654562870333507e-09,6.483043193817139,47.88892364501953,48.74165725708008,0.0732789859175682,14.250028610229492,0.4914209842681885
101,155595.94528125,136202.234375,155592.75903125,1.4025765480995178,3.567850396156311,1.0,0.5,5.17495584487915,1250.3187255859375,14.5765380859375,0.1590498685836792,1.0858780145645142,7.001668930053711,1.09992516040802,40.096763610839844,2.0098676681518555,40.18245315551758,1.279345154762268,25.69431495666504,0.6306983232498169,0.10559423267841339,9.126762390136719,31.568754196166992,2.112687110900879,232.4355010986328,3.304736375808716,531.45458984375,2.9547377380367834e-06,1.1654562870333507e-09,6.332698345184326,45.96712875366211,50.15696334838867,0.0753972977399826,14.435296058654785,0.4988459050655365
102,164715.80865625,178489.984375,164712.5835,1.4341219749450684,3.5831129608154297,1.0,0.5,4.9558868408203125,1453.213134765625,15.361062049865723,0.18494650721549988,1.1221600770950317,7.258499622344971,1.2179301977157593,44.19707107543945,2.0335135459899902,40.72568130493164,1.3687330484390259,28.01728630065918,0.6306983232498169,0.10559423267841339,9.394327163696289,32.158451080322266,2.0644404888153076,240.43215942382812,3.61696195602417,566.9364624023438,2.9547377380367834e-06,1.1654562870333507e-09,6.522092342376709,47.9650764465332,49.18206787109375,0.0743052139878273,14.091279029846191,0.49423426389694214
103,176354.4779375,93842.5859375,176351.14421875,1.4605066361427308,3.746632950782776,1.0,0.5,4.603159427642822,983.1115112304688,13.101731300354004,0.13689637184143066,1.100261926651001,6.9526262283325195,1.1506364345550537,43.36515426635742,2.0683209896087646,41.32257843017578,1.3492015600204468,28.902578353881836,0.6306983232498169,0.10559423267841339,8.717442512512207,30.100799560546875,2.1523587703704834,236.68206787109375,3.363680124282837,532.60791015625,2.9547377380367834e-06,1.1654562870333507e-09,6.375511169433594,46.879608154296875,50.23210144042969,0.07542490214109421,13.400580406188965,0.4767715334892273
104,153592.19225,239456.859375,153588.80421875,1.4139581623077393,3.94987099647522,1.0,0.5,5.260532855987549,1724.093505859375,13.232532501220703,0.14473673701286316,1.1476911306381226,7.209226131439209,1.1305735111236572,40.347503662109375,2.103219509124756,40.6446533203125,1.2798199653625488,26.064668655395508,0.6306983232498169,0.10559423267841339,9.519140243530273,32.52809524536133,2.2897043228149414,253.44384765625,3.509117364883423,555.25,2.9547377380367834e-06,1.1654562870333507e-09,6.6074676513671875,47.63290023803711,49.54579162597656,0.07434280961751938,13.856395721435547,0.5004894733428955
105,162592.22325,146001.9375,162589.10009375,1.4571457295417785,3.3318478775024416,1.0,0.5,4.793002128601074,1294.1253662109375,13.339993476867676,0.13861306011676788,1.0723387002944946,6.820525169372559,1.0811718702316284,38.88359832763672,1.9955370426177979,38.96401596069336,1.250242829322815,24.99540138244629,0.6306983232498169,0.10559423267841339,9.208996772766113,30.0860595703125,2.123570680618286,245.3601837158203,3.394826889038086,549.8681030273438,2.9547377380367834e-06,1.1654562870333507e-09,6.3086090087890625,45.61624526977539,49.55979919433594,0.07408934831619263,13.399435997009277,0.4833015203475952
106,145205.8349375,87491.3046875,145202.15640625,1.4208846216201783,4.514496574401855,1.0,0.5,4.390738487243652,944.4825439453125,13.164283752441406,0.1295711249113083,1.1503621339797974,7.262979030609131,1.117661952972412,41.69253158569336,1.9968907833099365,40.225711822509766,1.2662001848220825,26.76662254333496,0.6306983232498169,0.10559423267841339,9.76260757446289,31.448162078857422,2.1269686222076416,220.34408569335938,3.1698107719421387,526.3345336914062,2.9547377380367834e-06,1.1654562870333507e-09,6.526857376098633,45.977508544921875,49.75150680541992,0.07513844221830368,13.635560989379883,0.47815611958503723
107,174680.80878125,341572.84375,174677.61475,1.465058439731598,3.45974639415741,1.0,0.5,4.671043872833252,2107.167724609375,13.318367004394531,0.1332273930311203,1.166790246963501,7.420377254486084,1.1898245811462402,44.67517852783203,2.0475363731384277,40.76372146606445,1.3944463729858398,29.428955078125,0.6306983232498169,0.10559423267841339,9.484247207641602,32.727359771728516,2.2257184982299805,234.59164428710938,3.281309127807617,527.8692626953125,2.9547377380367834e-06,1.1654562870333507e-09,6.736285209655762,50.11887741088867,49.670047760009766,0.07495062798261642,14.164450645446777,0.49431174993515015
108,143916.348,184844.265625,143912.9275625,1.4394395520687104,3.959338468551636,1.0,0.5,4.925309181213379,1500.29052734375,13.315171241760254,0.1371009647846222,1.0661289691925049,6.922970294952393,1.1303077936172485,41.32969284057617,2.033109664916992,39.816551208496094,1.3289738893508911,27.04698371887207,0.6306983232498169,0.10559423267841339,9.127883911132812,32.394107818603516,2.0771796703338623,226.7034454345703,3.3425912857055664,527.4851684570312,2.9547377380367834e-06,1.1654562870333507e-09,6.266518592834473,46.56314468383789,49.07303237915039,0.07370011508464813,13.926252365112305,0.4863249957561493
109,153536.541375,112904.1796875,153533.27971875,1.4834409701824187,3.556723942756653,1.0,0.5,5.566145896911621,1112.0460205078125,15.132148742675781,0.18377411365509033,1.1241121292114258,7.033412933349609,1.1298378705978394,42.02825164794922,1.9574120044708252,39.10558319091797,1.3529902696609497,28.52765655517578,0.6306983232498169,0.10559423267841339,9.20792293548584,31.254234313964844,2.0429069995880127,233.4145050048828,3.2479119300842285,531.2285766601562,2.9547377380367834e-06,1.1654562870333507e-09,6.299957752227783,46.55255889892578,50.14702606201172,0.07558540999889374,14.363791465759277,0.4955752193927765
110,143078.99446875,176977.171875,143075.5979375,1.5040236983299256,3.787460033416748,1.0,0.5,4.922857284545898,1463.500732421875,14.768973350524902,0.18588761985301971,1.1533832550048828,7.339062213897705,1.1903104782104492,44.49527359008789,2.1521265506744385,42.60696029663086,1.4144071340560913,29.54129981994629,0.6306983232498169,0.10559423267841339,9.021281242370605,31.911359786987305,2.2769813537597656,229.69122314453125,3.2222297191619873,524.60205078125,2.9547377380367834e-06,1.1654562870333507e-09,6.392927646636963,46.021934509277344,50.230587005615234,0.07605379819869995,14.062352180480957,0.4903052747249603
111,121930.47275,113282.921875,121927.0100625,1.4545484809875489,4.0175630540847775,1.0,0.5,4.620208740234375,1118.69140625,14.702028274536133,0.19696620106697083,1.0994960069656372,7.041098117828369,1.1656439304351807,44.191261291503906,2.039266586303711,40.76113510131836,1.3515743017196655,28.73222541809082,0.6306983232498169,0.10559423267841339,9.140716552734375,31.406599044799805,2.138230562210083,229.8407440185547,3.2030153274536133,523.4927978515625,2.9547377380367834e-06,1.1654562870333507e-09,6.310847282409668,46.05128479003906,50.37964630126953,0.07622412592172623,14.17357349395752,0.4947355091571808
112,144500.357125,99907.4296875,144497.2088125,1.441903382062912,3.4117147531509397,1.0,0.5,5.421528339385986,1036.1109619140625,15.634740829467773,0.23733486235141754,1.1561697721481323,7.29202938079834,1.3207073211669922,49.0809440612793,2.0487446784973145,40.05447006225586,1.5206624269485474,31.404890060424805,0.6306983232498169,0.10559423267841339,9.337082862854004,30.956584930419922,2.127376079559326,223.81695556640625,3.194025993347168,516.6060791015625,2.9547377380367834e-06,1.1654562870333507e-09,6.440441131591797,46.55983352661133,50.15766525268555,0.07591920346021652,14.281691551208496,0.49772676825523376
113,154891.32628125,82223.4140625,154888.21759375,1.4405886597633362,3.335619387626648,1.0,0.5,4.304488182067871,916.2079467773438,13.674476623535156,0.14593620598316193,1.0691137313842773,6.699373245239258,1.0217639207839966,38.36904525756836,1.9208427667617798,37.734981536865234,1.2248369455337524,25.38836097717285,0.6306983232498169,0.10559423267841339,8.843395233154297,30.468700408935547,1.9811930656433105,220.5172882080078,3.1357083320617676,506.5036926269531,2.9547377380367834e-06,1.1654562870333507e-09,6.138105869293213,44.50537109375,49.920562744140625,0.07528260350227356,13.999176025390625,0.48041146993637085
114,142598.78728125,231740.046875,142595.528375,1.4650839524269104,3.588260633468628,1.0,0.5,4.577785015106201,1709.07568359375,14.056144714355469,0.15961459279060364,1.0586059093475342,6.958732604980469,1.0406965017318726,39.51643371582031,1.945472002029419,39.282752990722656,1.2171822786331177,25.749771118164062,0.6306983232498169,0.10559423267841339,8.612613677978516,30.601285934448242,2.041792631149292,227.22781372070312,3.087355375289917,514.8129272460938,2.9547377380367834e-06,1.1654562870333507e-09,6.167381763458252,44.49649429321289,50.718162536621094,0.07647469639778137,14.172273635864258,0.49492448568344116
115,119442.784,108654.625,119439.733875,1.487397894859314,3.1233577280044558,1.0,0.5,4.402131080627441,1101.1531982421875,13.554302215576172,0.15341807901859283,1.0799775123596191,6.941324234008789,1.0144941806793213,37.66166687011719,1.9651439189910889,38.12554168701172,1.20796537399292,24.828899383544922,0.6306983232498169,0.10559423267841339,9.051763534545898,30.505855560302734,1.9254273176193237,220.29515075683594,3.1371264457702637,503.5643310546875,2.9547377380367834e-06,1.1654562870333507e-09,6.123669624328613,45.04920196533203,50.2025260925293,0.07544627785682678,13.614503860473633,0.4734176695346832
116,153288.44484375,213879.78125,153285.40234375,1.4683064498901368,3.1476324186325075,1.0,0.5,5.757582664489746,1636.54052734375,15.623222351074219,0.2930510640144348,1.094091534614563,7.028834342956543,1.0856237411499023,41.23588943481445,1.981666088104248,39.242610931396484,1.2578847408294678,26.893421173095703,0.6306983232498169,0.10559423267841339,8.85648250579834,31.506038665771484,1.9556695222854614,225.41200256347656,3.100191593170166,508.1943054199219,2.9547377380367834e-06,1.1654562870333507e-09,6.002379417419434,44.17148971557617,50.47200393676758,0.07616913318634033,13.791958808898926,0.4841013252735138
117,126154.44278125,124061.453125,126151.03034375,1.467843606710434,3.88930407333374,1.0,0.5,4.302853107452393,1193.3453369140625,13.997939109802246,0.17188721895217896,1.1324541568756104,7.213327884674072,1.088412880897522,41.15058898925781,1.9892758131027222,39.363346099853516,1.2688162326812744,26.97700309753418,0.6306983232498169,0.10559423267841339,8.993289947509766,31.437301635742188,1.9069184064865112,215.83441162109375,3.032003402709961,508.99774169921875,2.9547377380367834e-06,1.1654562870333507e-09,6.132091045379639,45.71906280517578,50.17247009277344,0.07566479593515396,13.505643844604492,0.47892144322395325
118,143167.14125,70802.6796875,143163.9281875,1.4137968673706054,3.598083668708801,1.0,0.5,4.123834133148193,832.5298461914062,13.552190780639648,0.16457463800907135,1.0485302209854126,6.762957572937012,1.149860143661499,43.52546691894531,1.9656105041503906,39.33177947998047,1.3423266410827637,28.66130828857422,0.6306983232498169,0.10559423267841339,9.278640747070312,30.51480484008789,1.9150102138519287,215.18768310546875,3.075305938720703,494.68963623046875,2.9547377380367834e-06,1.1654562870333507e-09,5.983246803283691,42.96493911743164,50.10449981689453,0.07515311241149902,13.396273612976074,0.46373507380485535
119,128448.93228125,86350.375,128445.92559375,1.4321527309417725,3.150494789123535,1.0,0.5,4.566484451293945,954.2957153320312,14.004315376281738,0.16956037282943726,1.0564208030700684,6.672116756439209,1.1780025959014893,43.90471649169922,2.0012011528015137,39.0362548828125,1.3882145881652832,28.85749053955078,0.6306983232498169,0.10559423267841339,9.140806198120117,30.7163028717041,2.0195202827453613,218.4904022216797,3.105666399002075,493.2603454589844,2.9547377380367834e-06,1.1654562870333507e-09,6.102090835571289,43.43467330932617,50.31595993041992,0.07519980520009995,13.541485786437988,0.47085174918174744
120,129193.51821875,78138.1953125,129190.23884375,1.4313942308425904,3.6957654485702514,1.0,0.5,4.400984764099121,885.06103515625,13.82705307006836,0.1696816384792328,1.0839794874191284,6.816695690155029,1.0623167753219604,40.15806579589844,1.976148009300232,39.183223724365234,1.2534784078598022,25.80323600769043,0.6306983232498169,0.10559423267841339,8.918051719665527,30.268423080444336,2.0050225257873535,220.3079071044922,2.9846293926239014,505.4249572753906,2.9547377380367834e-06,1.1654562870333507e-09,6.0851664543151855,42.5753059387207,50.41361999511719,0.07525347918272018,13.60489273071289,0.47258079051971436
121,134139.55471875,147246.140625,134135.8450625,1.432483899116516,4.554453071594239,1.0,0.5,6.222408771514893,1316.0306396484375,15.522141456604004,0.24242809414863586,1.0482479333877563,6.7415618896484375,1.3431453704833984,49.417606353759766,2.083988904953003,41.39143753051758,1.5388447046279907,31.45685577392578,0.6306983232498169,0.10559423267841339,9.863018989562988,32.49383544921875,2.23791241645813,234.60806274414062,3.134089708328247,516.0015869140625,2.9547377380367834e-06,1.1654562870333507e-09,6.16084098815918,44.06264877319336,50.33415985107422,0.0757274255156517,13.959015846252441,0.4834357798099518
122,123280.64384375,82670.59375,123277.43028125,1.4619372520446778,3.5031399726867676,1.0,0.5,4.542364597320557,932.6475830078125,13.995591163635254,0.17469458281993866,1.0992090702056885,6.991220951080322,1.0862210988998413,40.817161560058594,1.9226899147033691,37.933197021484375,1.3018828630447388,27.91942024230957,0.6306983232498169,0.10559423267841339,8.665765762329102,29.969743728637695,1.9280158281326294,212.90435791015625,3.0095877647399902,485.15728759765625,2.9547377380367834e-06,1.1654562870333507e-09,6.114315032958984,44.6841926574707,50.47782516479492,0.07565589249134064,13.395126342773438,0.4704320728778839
123,124942.96759375,129089.3984375,124939.6473125,1.4415612206459045,3.7581898050308227,1.0,0.5,4.540708541870117,1234.305419921875,13.218100547790527,0.1624227613210678,1.0583356618881226,6.697007179260254,1.0321228504180908,38.65425491333008,1.9143166542053223,38.058616638183594,1.2174766063690186,25.36534309387207,0.6306983232498169,0.10559423267841339,9.05495548248291,30.53826141357422,1.9329856634140015,211.7389373779297,2.997716188430786,482.08795166015625,2.9547377380367834e-06,1.1654562870333507e-09,6.120319366455078,43.746826171875,50.44286346435547,0.07544874399900436,13.61705493927002,0.4701167643070221
124,123531.04684375,140581.390625,123527.71746875,1.442674386024475,3.772421217918396,1.0,0.5,4.771871089935303,1290.71826171875,13.742992401123047,0.17555838823318481,1.0734837055206299,6.937804222106934,1.0818623304367065,40.14706039428711,2.014171600341797,40.365150451660156,1.278024435043335,26.18770408630371,0.6306983232498169,0.10559423267841339,9.207335472106934,31.295900344848633,1.9667755365371704,212.2511749267578,3.0166239738464355,500.36138916015625,2.9547377380367834e-06,1.1654562870333507e-09,5.820619106292725,42.386558532714844,50.78519058227539,0.07557481527328491,12.95123291015625,0.46156129240989685
125,126005.80759375,128881.109375,126002.51371875,1.4521120662689209,3.6835012350082397,1.0,0.5,4.708399772644043,1218.5440673828125,13.006731986999512,0.1545029580593109,1.0393383502960205,6.6835455894470215,1.0290555953979492,39.36311340332031,1.9746187925338745,38.56501007080078,1.2212871313095093,25.756736755371094,0.6306983232498169,0.10559423267841339,9.096378326416016,30.720083236694336,2.023073196411133,227.2187042236328,3.1164283752441406,511.1863098144531,2.9547377380367834e-06,1.1654562870333507e-09,5.946614742279053,42.83695602416992,50.4188117980957,0.07476944476366043,13.348896980285645,0.4618348479270935
126,115292.7300625,98570.2109375,115289.3833125,1.4421249885559082,3.8100313930511476,1.0,0.5,4.2619781494140625,1039.72412109375,14.52022933959961,0.19465850293636322,1.0655946731567383,6.778628826141357,1.0302798748016357,39.032466888427734,1.895207405090332,38.283565521240234,1.1976451873779297,24.722957611083984,0.6306983232498169,0.10559423267841339,8.727815628051758,30.475446701049805,1.9556766748428345,216.1186065673828,2.937675714492798,495.78814697265625,2.9547377380367834e-06,1.1654562870333507e-09,5.994836330413818,42.96316146850586,50.33534240722656,0.07525835186243057,13.806846618652344,0.4633929133415222
127,122048.30709375,175040.890625,122045.05803125,1.4175688681602479,3.6639329996109007,1.0,0.5,4.191224575042725,1465.070068359375,14.187630653381348,0.17325171828269958,1.062817096710205,6.970872402191162,1.0288077592849731,39.14023971557617,1.9521650075912476,39.05754089355469,1.2324062585830688,25.496416091918945,0.6306983232498169,0.10559423267841339,9.157123565673828,30.17871856689453,1.8995845317840576,215.66610717773438,3.021385669708252,501.1802978515625,2.9547377380367834e-06,1.1654562870333507e-09,5.7234907150268555,41.93977737426758,50.594520568847656,0.07536687701940536,13.444469451904297,0.460981160402298
128,111967.72921875,107374.640625,111964.687,1.4183850655555725,3.2473553628921508,1.0,0.5,4.247316360473633,1102.2401123046875,13.08619499206543,0.15009622275829315,1.0405519008636475,6.652906894683838,1.1244277954101562,42.76617431640625,1.9193971157073975,38.395263671875,1.379137396812439,28.96218490600586,0.6306983232498169,0.10559423267841339,8.22830867767334,29.848888397216797,1.9561244249343872,214.19093322753906,2.971667528152466,485.2724609375,2.9547377380367834e-06,1.1654562870333507e-09,5.87274169921875,42.94912338256836,50.93807601928711,0.07587294280529022,13.751485824584961,0.4722539484500885
129,118986.5143125,90257.15625,118983.1248125,1.4370728497505187,3.9036737699508666,1.0,0.5,4.6537652015686035,976.1268310546875,15.007283210754395,0.21068453788757324,1.0206024646759033,6.534409999847412,1.059923768043518,41.50941848754883,1.9992774724960327,40.14582061767578,1.311620831489563,27.8278865814209,0.6306983232498169,0.10559423267841339,8.85294246673584,30.85980987548828,1.9155304431915283,214.79872131347656,3.0284950733184814,507.6608581542969,2.9547377380367834e-06,1.1654562870333507e-09,5.7613725662231445,42.32808303833008,50.263999938964844,0.07515303045511246,13.684556007385254,0.46292614936828613
130,109591.337484375,73994.5078125,109587.905140625,1.4583595390319823,3.9486076202392577,1.0,0.5,4.082624435424805,868.6666259765625,13.587218284606934,0.15957273542881012,0.9920399785041809,6.4135870933532715,1.0003365278244019,37.505577087402344,1.896344542503357,38.146392822265625,1.2089627981185913,24.585956573486328,0.6306983232498169,0.10559423267841339,8.607800483703613,29.771377563476562,1.8916707038879395,206.11009216308594,2.9281771183013916,482.4486389160156,2.9547377380367834e-06,1.1654562870333507e-09,5.623781204223633,41.07353591918945,50.66908645629883,0.07534012943506241,13.450774192810059,0.4545295536518097
131,118455.3955,91688.53125,118452.25175,1.4323098385334014,3.4221174049377443,1.0,0.5,4.353048801422119,981.4254150390625,13.882343292236328,0.18331946432590485,1.0531893968582153,6.876751899719238,1.185299277305603,44.563106536865234,1.9944744110107422,40.372467041015625,1.3350449800491333,27.227191925048828,0.6306983232498169,0.10559423267841339,9.231534957885742,30.977825164794922,2.2167012691497803,218.61398315429688,2.991119384765625,515.2023315429688,2.9547377380367834e-06,1.1654562870333507e-09,6.001765251159668,42.79558181762695,51.08636474609375,0.07616609334945679,13.813026428222656,0.4679902493953705
132,118597.32115625,131966.109375,118594.1523125,1.4606867680549622,3.4158686933517455,1.0,0.5,4.668686389923096,1250.6812744140625,13.765680313110352,0.16854998469352722,1.0503183603286743,6.871250152587891,1.0703887939453125,40.24962615966797,1.9888845682144165,39.19203186035156,1.2806333303451538,26.869178771972656,0.6306983232498169,0.10559423267841339,8.41218376159668,30.13017463684082,1.9268194437026978,214.8983917236328,2.9146335124969482,480.1803283691406,2.9547377380367834e-06,1.1654562870333507e-09,5.750784873962402,41.3770751953125,50.84068298339844,0.07602153718471527,13.341410636901855,0.4502435624599457
133,125677.836953125,91204.5078125,125674.69265625,1.4465857524871826,3.397408452987671,1.0,0.5,4.944621562957764,1003.2265014648438,13.561203002929688,0.14151859283447266,1.0304728746414185,6.822765350341797,1.0225430727005005,38.207275390625,1.9239429235458374,38.570316314697266,1.1739039421081543,23.804443359375,0.6306983232498169,0.10559423267841339,8.901568412780762,28.98154067993164,1.8471524715423584,207.25439453125,2.8235981464385986,470.2864990234375,2.9547377380367834e-06,1.1654562870333507e-09,5.875088214874268,43.04219055175781,51.050907135009766,0.07565982639789581,13.415691375732422,0.4588097035884857
134,108796.02515625,100538.203125,108792.77596875,1.467102767944336,3.5646941318511964,1.0,0.5,4.215000152587891,1058.617919921875,13.314491271972656,0.17864078283309937,1.0259342193603516,6.617258071899414,1.0101755857467651,38.37125015258789,1.868700385093689,37.34474182128906,1.2199535369873047,25.372037887573242,0.6306983232498169,0.10559423267841339,8.327571868896484,29.415096282958984,1.9081538915634155,219.3687744140625,2.9115359783172607,482.2584228515625,2.9547377380367834e-06,1.1654562870333507e-09,5.842473983764648,41.53530502319336,50.66936492919922,0.07580148428678513,13.550896644592285,0.45750606060028076
135,109510.14115625,220787.0,109507.00271875,1.4174353959560395,3.442988519668579,1.0,0.5,4.585110187530518,1679.8790283203125,13.911846160888672,0.1801833212375641,1.1138664484024048,7.2738423347473145,1.077903151512146,41.24861526489258,1.9369664192199707,38.8531608581543,1.2934249639511108,27.274051666259766,0.6306983232498169,0.10559423267841339,8.22481918334961,29.532331466674805,1.8331329822540283,201.86891174316406,2.8512461185455322,470.7900085449219,2.9547377380367834e-06,1.1654562870333507e-09,5.677062034606934,41.55585861206055,50.83470153808594,0.07608652859926224,13.363008499145508,0.45784300565719604
136,110713.3583125,92680.8984375,110709.71840625,1.4464542322158813,4.3866180238723755,1.0,0.5,4.544737339019775,1015.0750122070312,14.11104679107666,0.17195595800876617,1.0661588907241821,6.8000054359436035,1.0047353506088257,37.500633239746094,1.9312920570373535,38.346656799316406,1.1874679327011108,23.914995193481445,0.6306983232498169,0.10559423267841339,8.705550193786621,29.76308250427246,1.8784525394439697,203.8762969970703,2.8274006843566895,468.44744873046875,2.9547377380367834e-06,1.1654562870333507e-09,5.918734073638916,41.75388717651367,50.79867935180664,0.07540053129196167,13.730340957641602,0.45393991470336914
137,111875.630796875,97180.34375,111872.573390625,1.4314069075584412,3.2523856811523437,1.0,0.5,5.141275882720947,1035.721923828125,15.027467727661133,0.23099300265312195,1.0223205089569092,6.589648723602295,1.0495253801345825,39.44120788574219,1.9161137342453003,38.22176742553711,1.231514811515808,25.3338565826416,0.6306983232498169,0.10559423267841339,8.472735404968262,29.521154403686523,1.9637008905410767,221.9040985107422,2.8406949043273926,481.9654846191406,2.9547377380367834e-06,1.1654562870333507e-09,5.8467841148376465,40.948246002197266,51.18206787109375,0.07629558444023132,14.028909683227539,0.46595415472984314
138,110791.5644375,77271.28125,110788.501625,1.4838391516208649,3.1587959270477297,1.0,0.5,4.125352382659912,901.568359375,13.334348678588867,0.17533205449581146,1.0380759239196777,6.824525356292725,1.1328011751174927,42.64590835571289,1.9707534313201904,39.54999542236328,1.3206990957260132,27.6064395904541,0.6306983232498169,0.10559423267841339,8.794262886047363,29.879928588867188,1.922849178314209,209.3548583984375,2.8222453594207764,467.2249450683594,2.9547377380367834e-06,1.1654562870333507e-09,5.837353706359863,41.67509078979492,50.983150482177734,0.07630864530801773,13.30624771118164,0.4536396265029907
139,106098.099,84678.078125,106094.986375,1.4345623030662538,3.3554447364807127,1.0,0.5,4.416863441467285,957.7867431640625,13.837170600891113,0.18534615635871887,1.0017685890197754,6.540780544281006,1.0500158071517944,39.15082931518555,1.8635364770889282,37.20388412475586,1.251591444015503,25.09268569946289,0.6306983232498169,0.10559423267841339,8.514524459838867,28.680898666381836,1.865014672279358,208.2605438232422,2.7816998958587646,467.6551513671875,2.9547377380367834e-06,1.1654562870333507e-09,5.615261077880859,40.358211517333984,51.50407028198242,0.07611118257045746,13.29797649383545,0.4575667977333069
140,105076.83859375,91018.59375,105073.7734375,1.4602560300827025,3.2090290632247926,1.0,0.5,4.29245138168335,1007.3744506835938,13.677104949951172,0.18523173034191132,1.041663408279419,6.7430620193481445,1.0182527303695679,37.66917419433594,1.8918516635894775,37.88406753540039,1.2125614881515503,24.419599533081055,0.6306983232498169,0.10559423267841339,8.292875289916992,29.051441192626953,1.8001999855041504,199.85865783691406,2.799039125442505,462.0399475097656,2.9547377380367834e-06,1.1654562870333507e-09,5.570015907287598,40.86341857910156,51.24037170410156,0.07582412660121918,13.146507263183594,0.4436211884021759
141,106487.9051875,83766.765625,106485.001,1.4237701768875122,2.9603357219696047,1.0,0.5,4.073025226593018,947.6371459960938,13.569108963012695,0.1649184376001358,1.0477954149246216,6.724156856536865,1.0222618579864502,38.387847900390625,1.8987091779708862,38.25739288330078,1.2255947589874268,24.86801528930664,0.6306983232498169,0.10559423267841339,8.348090171813965,29.006013870239258,1.8635408878326416,208.71652221679688,2.7910962104797363,474.44134521484375,2.9547377380367834e-06,1.1654562870333507e-09,5.6824259757995605,39.96077346801758,50.969539642333984,0.07572495192289352,13.244009017944336,0.44466912746429443
142,106360.71440625,121875.125,106357.547125,1.420116883277893,3.4952342176437377,1.0,0.5,4.499621868133545,1196.138916015625,14.061241149902344,0.22768735885620117,1.0210281610488892,6.680080890655518,1.0373440980911255,40.1061897277832,1.8862800598144531,38.13272476196289,1.2297353744506836,25.933502197265625,0.6306983232498169,0.10559423267841339,8.38009262084961,28.022428512573242,1.772518277168274,206.59730529785156,2.8221065998077393,476.12677001953125,2.9547377380367834e-06,1.1654562870333507e-09,5.3973002433776855,39.195335388183594,51.26188278198242,0.07618606835603714,12.72769546508789,0.44184553623199463
143,102652.518515625,81868.921875,102649.137703125,1.4333568892478943,3.894863980293274,1.0,0.5,4.285416603088379,935.0767211914062,13.62439250946045,0.18302586674690247,1.0287071466445923,6.654552459716797,1.1023175716400146,41.229549407958984,1.9149978160858154,38.18256378173828,1.2660810947418213,25.800987243652344,0.6306983232498169,0.10559423267841339,8.521018981933594,29.170520782470703,1.9092483520507812,208.78390502929688,2.7796592712402344,471.00823974609375,2.9547377380367834e-06,1.1654562870333507e-09,5.626860618591309,40.191070556640625,51.476348876953125,0.0763583555817604,13.132092475891113,0.4519536793231964
144,105360.00571875,119895.734375,105357.20653125,1.4496445126533508,2.6977450637817384,1.0,0.5,4.903838634490967,1189.316650390625,14.639581680297852,0.20987734198570251,1.0133533477783203,6.628331184387207,1.0333975553512573,40.2884635925293,1.891345500946045,38.26951599121094,1.2164710760116577,25.984481811523438,0.6306983232498169,0.10559423267841339,8.220184326171875,28.465900421142578,1.835341215133667,206.99514770507812,2.7444231510162354,463.66180419921875,2.9547377380367834e-06,1.1654562870333507e-09,5.544838905334473,39.95683670043945,51.442657470703125,0.07657139003276825,13.068924903869629,0.44262152910232544
145,96724.490453125,93086.3203125,96721.514921875,1.4505203561782838,3.05088415145874,1.0,0.5,4.878878116607666,1013.4765625,14.504091262817383,0.2554472088813782,0.9980392456054688,6.534049987792969,1.0784891843795776,40.501068115234375,1.8570218086242676,37.02102279663086,1.2973816394805908,26.340946197509766,0.6306983232498169,0.10559423267841339,8.208712577819824,27.491779327392578,1.8742163181304932,213.25250244140625,2.8274033069610596,473.8570556640625,2.9547377380367834e-06,1.1654562870333507e-09,5.41668176651001,39.123390197753906,51.35882568359375,0.07625461369752884,13.05064868927002,0.44553154706954956
146,105292.602671875,89590.578125,105289.649546875,1.4493024373054504,3.0090868854522705,1.0,0.5,4.068731307983398,994.3629760742188,13.075643539428711,0.15766756236553192,0.9923668503761292,6.5077805519104,1.0057579278945923,37.359107971191406,1.8866885900497437,38.2236328125,1.1509935855865479,23.245731353759766,0.6306983232498169,0.10559423267841339,8.68920612335205,28.276798248291016,1.8157390356063843,203.29058837890625,2.7543680667877197,467.26544189453125,2.9547377380367834e-06,1.1654562870333507e-09,5.458776950836182,39.80830383300781,51.10139083862305,0.07564794272184372,13.091975212097168,0.4451047480106354
147,97556.960375,140136.3125,97554.09621875,1.4234465792179107,2.8810830001831054,1.0,0.5,4.010562896728516,1304.3677978515625,12.753423690795898,0.14966487884521484,1.0114080905914307,6.614039897918701,0.9764559268951416,37.03807067871094,1.8784297704696655,37.5844612121582,1.1345022916793823,23.462791442871094,0.6306983232498169,0.10559423267841339,8.365826606750488,28.627965927124023,1.757870078086853,203.95016479492188,2.732316732406616,461.6455993652344,2.9547377380367834e-06,1.1654562870333507e-09,5.578263282775879,39.99951934814453,51.087974548339844,0.0758945420384407,13.22368049621582,0.4476417303085327
148,104568.55953125,75940.0546875,104565.301375,1.461136781692505,3.5946920347213744,1.0,0.5,4.3309221267700195,893.1742553710938,13.438682556152344,0.17499715089797974,1.018774390220642,6.557060718536377,1.030827283859253,38.632633209228516,1.857487678527832,37.732425689697266,1.2195241451263428,24.575773239135742,0.6306983232498169,0.10559423267841339,8.22597599029541,28.575237274169922,1.8518543243408203,206.31446838378906,2.724585771560669,465.6098327636719,2.9547377380367834e-06,1.1654562870333507e-09,5.641709327697754,40.49831008911133,50.81463623046875,0.07560867071151733,12.90601634979248,0.440734326839447
149,95753.302484375,104010.484375,95750.33153125,1.4371892795562744,3.067455360412598,1.0,0.5,4.636024475097656,1089.5140380859375,13.564870834350586,0.196515291929245,1.0116597414016724,6.641312122344971,1.00400972366333,38.21116256713867,1.8393595218658447,37.09782409667969,1.1871037483215332,24.40696907043457,0.6306983232498169,0.10559423267841339,8.008065223693848,27.6130428314209,1.7533066272735596,205.68661499023438,2.8214619159698486,470.0913391113281,2.9547377380367834e-06,1.1654562870333507e-09,5.415985584259033,39.388519287109375,51.21502685546875,0.07622981071472168,12.843597412109375,0.4421120882034302
150,102574.18478125,100019.6875,102571.242875,1.4636448426246642,2.957130944252014,1.0,0.5,4.341577529907227,1072.294921875,13.317017555236816,0.19838321208953857,0.9879411458969116,6.437739372253418,1.0090776681900024,38.10865783691406,1.8543535470962524,37.2093620300293,1.209397792816162,24.79290771484375,0.6306983232498169,0.10559423267841339,8.216975212097168,28.889816284179688,1.8209609985351562,201.9505157470703,2.698972702026367,451.4032897949219,2.9547377380367834e-06,1.1654562870333507e-09,5.5517168045043945,39.498756408691406,50.997650146484375,0.0760602131485939,12.876155853271484,0.4393937587738037
151,96821.57809375,75564.90625,96818.5938125,1.4546990151405335,3.058265700340271,1.0,0.5,3.943462610244751,896.6648559570312,13.181398391723633,0.1849885880947113,0.9698576927185059,6.326139450073242,1.0174404382705688,38.49546432495117,1.870205283164978,37.66859817504883,1.1947587728500366,24.484317779541016,0.6306983232498169,0.10559423267841339,8.309199333190918,28.635101318359375,1.801945686340332,197.16452026367188,2.7005455493927,457.29058837890625,2.9547377380367834e-06,1.1654562870333507e-09,5.336876392364502,39.10792922973633,51.15021514892578,0.0759037435054779,12.647882461547852,0.4335445761680603
152,96269.51446875,99351.5625,96266.622140625,1.448765724182129,2.887126045227051,1.0,0.5,3.953132390975952,1069.6639404296875,12.929736137390137,0.16461127996444702,0.9667032361030579,6.351211071014404,0.9991243481636047,37.39918899536133,1.8092353343963623,36.3004150390625,1.178640365600586,24.311176300048828,0.6306983232498169,0.10559423267841339,7.982863426208496,28.054079055786133,1.7002869844436646,194.48342895507812,2.708024263381958,450.86572265625,2.9547377380367834e-06,1.1654562870333507e-09,5.291540145874023,38.46167755126953,51.09208679199219,0.07591324299573898,12.535487174987793,0.4338444471359253
153,95288.671265625,112425.2734375,95285.65359375,1.4566090569496155,3.12222957611084,1.0,0.5,4.112602233886719,1140.9072265625,12.993517875671387,0.17275755107402802,0.9694826602935791,6.359807014465332,0.9771456718444824,36.933597564697266,1.8903534412384033,37.717491149902344,1.162024974822998,23.724037170410156,0.6306983232498169,0.10559423267841339,8.372295379638672,28.689268112182617,1.852583646774292,210.1353302001953,2.7486839294433594,471.6177978515625,2.9547377380367834e-06,1.1654562870333507e-09,5.3790507316589355,38.32087707519531,51.31268310546875,0.07581073045730591,12.58987808227539,0.4324491620063782
154,94890.090234375,81888.234375,94887.2759375,1.4132955813407897,2.803098918914795,1.0,0.5,3.845301628112793,944.2972412109375,13.4535551071167,0.1981787532567978,0.9527958035469055,6.186049938201904,1.0064947605133057,37.73802185058594,1.825601577758789,36.59413528442383,1.2257816791534424,24.796987533569336,0.6306983232498169,0.10559423267841339,8.102279663085938,28.187000274658203,1.7955037355422974,202.16261291503906,2.7162342071533203,456.2093505859375,2.9547377380367834e-06,1.1654562870333507e-09,5.261385917663574,38.82804870605469,51.67189407348633,0.07633762061595917,12.623186111450195,0.4335920512676239
155,90558.767734375,106780.578125,90555.875328125,1.4578244442939758,2.8679709606170656,1.0,0.5,3.9527077674865723,1111.244140625,12.955732345581055,0.16769319772720337,0.9972651600837708,6.50241231918335,1.0132992267608643,37.76841354370117,1.8530018329620361,36.98571014404297,1.1964222192764282,24.171079635620117,0.6306983232498169,0.10559423267841339,8.117030143737793,27.9515380859375,1.8075257539749146,202.4425811767578,2.6992552280426025,461.9043273925781,2.9547377380367834e-06,1.1654562870333507e-09,5.267554759979248,38.742584228515625,51.56536865234375,0.07619338482618332,12.693426132202148,0.4377467930316925
156,89648.5208125,71802.8671875,89645.28609375,1.4407999148368835,3.587757171630859,1.0,0.5,3.852520227432251,864.2695922851562,12.923911094665527,0.18095681071281433,0.9740580916404724,6.348186492919922,0.9973080158233643,38.17143630981445,1.8359746932983398,36.84164047241211,1.2067005634307861,24.72187614440918,0.6306983232498169,0.10559423267841339,8.113999366760254,27.81427764892578,1.697942852973938,199.30455017089844,2.713367223739624,461.34515380859375,2.9547377380367834e-06,1.1654562870333507e-09,5.249423027038574,38.13905334472656,51.356136322021484,0.07579635828733444,12.2747802734375,0.4231933057308197
157,95616.499375,110933.1484375,95613.484953125,1.4469657912254335,3.1349262552261354,1.0,0.5,4.311575889587402,1141.068115234375,13.241605758666992,0.18573829531669617,0.9760462045669556,6.401403427124023,0.9822850823402405,37.785640716552734,1.8215080499649048,36.741024017333984,1.185191035270691,24.54068374633789,0.6306983232498169,0.10559423267841339,8.154736518859863,28.301366806030273,1.6748359203338623,195.95855712890625,2.6938109397888184,454.78131103515625,2.9547377380367834e-06,1.1654562870333507e-09,5.336169719696045,39.45582962036133,51.170082092285156,0.07589032500982285,12.212898254394531,0.42448022961616516
158,93273.02965625,113078.9140625,93270.05959375,1.4588334670066834,3.0221847047805785,1.0,0.5,4.369960784912109,1153.8172607421875,13.239439964294434,0.18167169392108917,0.9644339084625244,6.3321099281311035,0.9910257458686829,37.17859649658203,1.8272628784179688,36.56765365600586,1.1920437812805176,24.214839935302734,0.6306983232498169,0.10559423267841339,8.034469604492188,28.37474250793457,1.7809861898422241,203.20948791503906,2.693364143371582,452.5706481933594,2.9547377380367834e-06,1.1654562870333507e-09,5.352420806884766,39.022117614746094,51.35486602783203,0.0761849656701088,12.514866828918457,0.4289175868034363
159,100653.531,93994.8828125,100650.5226875,1.434734965324402,3.148031307220459,1.0,0.5,4.158261299133301,1034.8160400390625,13.144487380981445,0.19821956753730774,0.9696062803268433,6.333792686462402,1.0096993446350098,38.23079299926758,1.8432364463806152,36.96210861206055,1.2182132005691528,25.13735008239746,0.6306983232498169,0.10559423267841339,8.172855377197266,28.27102279663086,1.7604421377182007,199.0528106689453,2.6799356937408447,446.7870788574219,2.9547377380367834e-06,1.1654562870333507e-09,5.4056830406188965,39.00880813598633,51.29996109008789,0.0760134905576706,12.390745162963867,0.4237878620624542
160,94704.242671875,83421.7421875,94701.222609375,1.4458809480667114,3.1482453145980833,1.0,0.5,4.183624267578125,957.679931640625,13.299095153808594,0.19321589171886444,0.9799371361732483,6.421816349029541,1.070028305053711,41.071868896484375,1.889197587966919,38.15970993041992,1.289005994796753,27.04361915588379,0.6306983232498169,0.10559423267841339,8.25480842590332,28.301586151123047,1.768466591835022,198.32492065429688,2.709517240524292,452.9720153808594,2.9547377380367834e-06,1.1654562870333507e-09,5.353402137756348,38.700191497802734,51.4137077331543,0.07636339217424393,12.5157470703125,0.4225200116634369
161,85851.994734375,112288.1875,85848.965140625,1.4552205185890197,3.149704960823059,1.0,0.5,4.200883388519287,1144.70361328125,13.212008476257324,0.18186350166797638,0.9949885606765747,6.547900676727295,1.0174760818481445,39.33088684082031,1.8838229179382324,37.8360595703125,1.218790888786316,25.665414810180664,0.6306983232498169,0.10559423267841339,8.240760803222656,28.553438186645508,1.7919963598251343,208.10545349121094,2.6892495155334473,460.8009033203125,2.9547377380367834e-06,1.1654562870333507e-09,5.43677282333374,39.046791076660156,51.207767486572266,0.0761837288737297,12.649197578430176,0.4319849908351898
162,99742.65375,78415.0859375,99739.566546875,1.468108208656311,3.238278597831726,1.0,0.5,3.837883949279785,919.7833862304688,13.101297378540039,0.17475414276123047,0.9800360798835754,6.416494846343994,0.9929568767547607,37.69647979736328,1.8521140813827515,37.57924270629883,1.1570135354995728,23.875215530395508,0.6306983232498169,0.10559423267841339,8.167892456054688,28.026182174682617,1.6580592393875122,191.85211181640625,2.636868953704834,457.4190368652344,2.9547377380367834e-06,1.1654562870333507e-09,5.334362030029297,38.960025787353516,51.066368103027344,0.07591699808835983,12.499466896057129,0.4283197224140167
163,88391.6089375,111611.1796875,88388.5114375,1.4562475790977478,3.283761270523071,1.0,0.5,4.248956203460693,1148.41650390625,13.056121826171875,0.18743763864040375,0.9825000762939453,6.462093830108643,1.0131847858428955,38.07157516479492,1.8379701375961304,36.882381439208984,1.219509482383728,24.842512130737305,0.6306983232498169,0.10559423267841339,8.033062934875488,27.823991775512695,1.6830229759216309,194.3575897216797,2.6564862728118896,447.4327697753906,2.9547377380367834e-06,1.1654562870333507e-09,5.2527360916137695,38.200687408447266,51.27430725097656,0.07605992257595062,12.280238151550293,0.42717400193214417
164,87793.392625,128733.0703125,87790.3829375,1.4573529171943664,3.104998620033264,1.0,0.5,4.283350944519043,1246.3721923828125,12.923229217529297,0.1846255511045456,0.97818523645401,6.472986698150635,1.0500092506408691,39.18904495239258,1.8758490085601807,37.756690979003906,1.2507083415985107,25.35668182373047,0.6306983232498169,0.10559423267841339,8.268729209899902,29.11037826538086,1.762261986732483,194.554443359375,2.671914577484131,452.73419189453125,2.9547377380367834e-06,1.1654562870333507e-09,5.241515636444092,38.51449203491211,51.17485046386719,0.07582011073827744,12.231722831726074,0.4248962700366974
165,83158.2531875,83007.3125,83155.269375,1.4386403765678406,3.0911977767944334,1.0,0.5,4.245769023895264,952.892333984375,13.09482479095459,0.19414500892162323,0.9708034992218018,6.374541759490967,1.0585477352142334,40.17575454711914,1.881969928741455,37.7234992980957,1.2500391006469727,26.164804458618164,0.6306983232498169,0.10559423267841339,8.122804641723633,28.188552856445312,1.7650978565216064,199.6402587890625,2.6822402477264404,456.27532958984375,2.9547377380367834e-06,1.1654562870333507e-09,5.220241546630859,38.40805435180664,51.451629638671875,0.07639582455158234,12.244297981262207,0.42474591732025146
166,88924.056984375,64737.890625,88921.0041875,1.4242922716140747,3.2563991594314574,1.0,0.5,4.281106948852539,805.3180541992188,13.144065856933594,0.1918455809354782,0.9450589418411255,6.182886123657227,0.9675499796867371,36.70401382446289,1.8501050472259521,37.14171600341797,1.1497628688812256,23.51833724975586,0.6306983232498169,0.10559423267841339,8.141590118408203,27.926849365234375,1.7857508659362793,203.85865783691406,2.6444485187530518,458.9913330078125,2.9547377380367834e-06,1.1654562870333507e-09,5.263010501861572,37.9656867980957,51.29385757446289,0.07586269825696945,12.34375286102295,0.4259350299835205
167,96106.50809375,102469.296875,96103.524390625,1.446343150138855,3.0748514823913573,1.0,0.5,4.200246810913086,1086.622314453125,13.353596687316895,0.2056860327720642,0.9743650555610657,6.436366081237793,1.0000181198120117,37.7572135925293,1.8106215000152588,36.145633697509766,1.2114192247390747,24.838603973388672,0.6306983232498169,0.10559423267841339,8.0178804397583,27.523601531982422,1.6975536346435547,200.3846893310547,2.708953857421875,456.1015319824219,2.9547377380367834e-06,1.1654562870333507e-09,5.200138092041016,38.32002639770508,51.39735412597656,0.0761876180768013,12.313143730163574,0.4269278645515442
168,82167.845296875,93228.3046875,82164.92625,1.4571256017684937,2.9246493673324583,1.0,0.5,4.080102443695068,1029.4222412109375,13.282076835632324,0.18964354693889618,0.9591023325920105,6.3156208992004395,0.9941798448562622,37.948646545410156,1.8308415412902832,36.702049255371094,1.2042495012283325,24.99886703491211,0.6306983232498169,0.10559423267841339,8.1141939163208,27.93328094482422,1.696452260017395,195.29139709472656,2.6893625259399414,449.0237731933594,2.9547377380367834e-06,1.1654562870333507e-09,5.216395378112793,38.33731460571289,51.332008361816406,0.07609543949365616,12.176979064941406,0.42130953073501587
169,85484.718953125,96762.140625,85481.64959375,1.449428034067154,3.2400965766906737,1.0,0.5,4.077287673950195,1049.2791748046875,13.032812118530273,0.18749938905239105,0.9592567682266235,6.310549736022949,0.9898208975791931,37.93230056762695,1.830183744430542,36.81208419799805,1.1898750066757202,24.632770538330078,0.6306983232498169,0.10559423267841339,8.026041984558105,27.855449676513672,1.7284796237945557,200.7323760986328,2.667253255844116,455.71875,2.9547377380367834e-06,1.1654562870333507e-09,5.293121337890625,38.351139068603516,51.39292907714844,0.07608800381422043,12.292941093444824,0.42731526494026184
170,87382.48215625,105627.0546875,87379.44371875,1.4470219559669495,3.182400656700134,1.0,0.5,3.8364439010620117,1103.2386474609375,12.59954833984375,0.17622853815555573,0.9531809091567993,6.290354251861572,0.9799453616142273,37.49955749511719,1.810611367225647,36.24776077270508,1.180193305015564,24.679256439208984,0.6306983232498169,0.10559423267841339,7.9887309074401855,27.39335823059082,1.7490791082382202,205.63177490234375,2.721834897994995,462.31182861328125,2.9547377380367834e-06,1.1654562870333507e-09,5.252098560333252,38.53297424316406,51.2679443359375,0.07591309398412704,12.30740737915039,0.4249460697174072
171,83990.806453125,81322.2734375,83987.60784375,1.4631879386901856,3.4698198680877685,1.0,0.5,4.131141185760498,941.2244873046875,13.020868301391602,0.19057495892047882,0.9716842174530029,6.3965229988098145,1.0235882997512817,39.31275177001953,1.8520915508270264,37.0881233215332,1.2283744812011719,25.76457977294922,0.6306983232498169,0.10559423267841339,8.01663589477539,27.53814125061035,1.7199797630310059,200.55209350585938,2.686964988708496,454.4267272949219,2.9547377380367834e-06,1.1654562870333507e-09,5.305641174316406,38.429359436035156,51.39311599731445,0.07630042731761932,12.249634742736816,0.4219052791595459
172,95463.270515625,75174.9921875,95460.353421875,1.4550923023223876,2.9232231426239013,1.0,0.5,4.228843688964844,896.5729370117188,13.092652320861816,0.18194271624088287,0.9916445016860962,6.515701770782471,1.0218924283981323,39.00979232788086,1.8557435274124146,37.265743255615234,1.21226966381073,25.032947540283203,0.6306983232498169,0.10559423267841339,7.940169334411621,27.240081787109375,1.686888337135315,196.24024963378906,2.64445424079895,451.9649353027344,2.9547377380367834e-06,1.1654562870333507e-09,5.316488265991211,38.46990966796875,51.49462890625,0.07638685405254364,12.353758811950684,0.42586156725883484
173,84819.99375,113734.34375,84816.87553125,1.453137110710144,3.3299941663742065,1.0,0.5,4.0169267654418945,1157.6873779296875,12.546412467956543,0.17317405343055725,0.9599568247795105,6.358851432800293,0.9891738295555115,37.36869430541992,1.8266918659210205,36.61507797241211,1.184855341911316,24.145496368408203,0.6306983232498169,0.10559423267841339,7.993712902069092,27.70395851135254,1.7335759401321411,200.54269409179688,2.6689393520355225,454.09698486328125,2.9547377380367834e-06,1.1654562870333507e-09,5.254447937011719,38.3228645324707,51.39297866821289,0.07600951194763184,12.386812210083008,0.42748039960861206
174,83017.42253125,78145.6640625,83014.27128125,1.4408572220802307,3.4214139556884766,1.0,0.5,4.227403163909912,917.0562133789062,13.34952449798584,0.19550512731075287,0.9718831777572632,6.382621765136719,1.0372426509857178,39.67620849609375,1.8659248352050781,37.808082580566406,1.2169393301010132,25.18733024597168,0.6306983232498169,0.10559423267841339,8.103233337402344,27.67755889892578,1.7122560739517212,196.63949584960938,2.6491169929504395,456.56341552734375,2.9547377380367834e-06,1.1654562870333507e-09,5.294035911560059,38.24143600463867,51.689064025878906,0.07666540890932083,12.403325080871582,0.42548003792762756
175,83407.751125,79587.4140625,83404.768609375,1.4025132229328157,3.1599288277626036,1.0,0.5,4.116091251373291,927.9678344726562,13.459568977355957,0.2044745832681656,0.9550986886024475,6.26462459564209,1.055544376373291,40.56561279296875,1.8728785514831543,37.69477081298828,1.2667351961135864,26.516679763793945,0.6306983232498169,0.10559423267841339,7.973107814788818,27.78538703918457,1.761409878730774,201.39561462402344,2.6659791469573975,454.44189453125,2.9547377380367834e-06,1.1654562870333507e-09,5.228539943695068,37.658729553222656,51.55675506591797,0.07657638937234879,12.375436782836914,0.4245220720767975
176,85997.821203125,99164.0859375,85994.893640625,1.4400254359245301,2.9748352766036987,1.0,0.5,4.099746227264404,1067.794921875,13.111451148986816,0.1984090954065323,0.9632974863052368,6.349066734313965,1.0127644538879395,38.58294677734375,1.8361976146697998,36.85915756225586,1.2129108905792236,24.923295974731445,0.6306983232498169,0.10559423267841339,7.946069717407227,27.70395278930664,1.6974279880523682,197.39105224609375,2.6525399684906006,451.0166931152344,2.9547377380367834e-06,1.1654562870333507e-09,5.210009574890137,37.85346984863281,51.457786560058594,0.07626579701900482,12.352280616760254,0.42637109756469727
177,83510.1395,93845.6875,83507.01165625,1.4522521052360535,3.3508047647476196,1.0,0.5,4.244850158691406,1031.359619140625,13.211666107177734,0.1953926682472229,0.966484546661377,6.362878799438477,1.030993103981018,39.427242279052734,1.864313006401062,37.54367446899414,1.2199369668960571,25.410646438598633,0.6306983232498169,0.10559423267841339,7.949706077575684,27.73433494567871,1.726403832435608,197.34228515625,2.6400349140167236,453.1308288574219,2.9547377380367834e-06,1.1654562870333507e-09,5.229995250701904,37.727725982666016,51.548362731933594,0.07653877139091492,12.39575481414795,0.42595696449279785
178,87326.11128125,82708.734375,87323.11715625,1.4597958354949951,3.0686489276885984,1.0,0.5,4.0268354415893555,952.2697143554688,13.307997703552246,0.1998070627450943,0.9671152830123901,6.34851598739624,0.9928199648857117,38.23599624633789,1.8332127332687378,36.9642448425293,1.1855494976043701,24.734176635742188,0.6306983232498169,0.10559423267841339,7.906696796417236,27.39562225341797,1.6972224712371826,198.76754760742188,2.644475221633911,453.7582092285156,2.9547377380367834e-06,1.1654562870333507e-09,5.240989685058594,38.02729034423828,51.589900970458984,0.07652253657579422,12.414850234985352,0.4266921281814575
179,87024.6741875,83555.078125,87021.737359375,1.4744117779731751,2.924239779472351,1.0,0.5,3.985490322113037,958.0003662109375,13.145965576171875,0.19234493374824524,0.9622181057929993,6.322439670562744,0.9918420314788818,37.98556900024414,1.820008635520935,36.47332763671875,1.2088830471038818,25.00897979736328,0.6306983232498169,0.10559423267841339,7.874478340148926,27.32036018371582,1.7131423950195312,201.9619140625,2.6677346229553223,453.4104919433594,2.9547377380367834e-06,1.1654562870333507e-09,5.220712184906006,37.80169677734375,51.407005310058594,0.07623281329870224,12.401265144348145,0.42490383982658386
180,81734.720703125,86916.5390625,81731.706125,1.455362256526947,3.1192395505905153,1.0,0.5,4.1552205085754395,984.3947143554688,13.390742301940918,0.2062818557024002,0.9580399990081787,6.297191143035889,1.0077030658721924,38.668601989746094,1.8348644971847534,36.889915466308594,1.2146596908569336,25.357236862182617,0.6306983232498169,0.10559423267841339,7.89791202545166,27.302839279174805,1.711692452430725,199.48062133789062,2.6452114582061768,449.7350769042969,2.9547377380367834e-06,1.1654562870333507e-09,5.249356269836426,37.909996032714844,51.53443145751953,0.07641012221574783,12.360628128051758,0.42314738035202026
181,81766.093984375,89105.140625,81763.1460625,1.423647243976593,3.048682002067566,1.0,0.5,4.006262302398682,1000.4054565429688,13.233491897583008,0.1970531940460205,0.9736583828926086,6.377845287322998,1.0144901275634766,38.933109283447266,1.8467681407928467,37.21171569824219,1.2120546102523804,25.217741012573242,0.6306983232498169,0.10559423267841339,7.916778564453125,27.334165573120117,1.7042577266693115,196.7932891845703,2.617898464202881,449.5878601074219,2.9547377380367834e-06,1.1654562870333507e-09,5.305327892303467,38.16998291015625,51.658447265625,0.0765690878033638,12.423044204711914,0.424513578414917
182,83569.11525,77011.15625,83566.045234375,1.4708110990524292,3.198620777130127,1.0,0.5,3.987867832183838,911.5482788085938,13.151945114135742,0.19519874453544617,0.9663301706314087,6.300475120544434,0.9935723543167114,37.915382385253906,1.837250828742981,36.84197998046875,1.1978039741516113,24.606367111206055,0.6306983232498169,0.10559423267841339,7.982456684112549,27.46263313293457,1.7031937837600708,197.56365966796875,2.631225824356079,450.0546875,2.9547377380367834e-06,1.1654562870333507e-09,5.260211944580078,37.92538070678711,51.51629638671875,0.07624910026788712,12.367349624633789,0.422601580619812
183,79210.888375,79694.3359375,79207.96878125,1.4625582809448243,2.9137163515090942,1.0,0.5,3.9323112964630127,932.7373657226562,13.004196166992188,0.18722635507583618,0.9686019420623779,6.320298194885254,0.982670783996582,37.568870544433594,1.828648328781128,36.74448013305664,1.1752504110336304,24.22040367126465,0.6306983232498169,0.10559423267841339,7.92843770980835,27.34543800354004,1.691288709640503,197.01040649414062,2.612058639526367,448.65179443359375,2.9547377380367834e-06,1.1654562870333507e-09,5.289922714233398,38.232032775878906,51.498722076416016,0.07621505856513977,12.435327529907227,0.4244270324707031
184,84726.549046875,87090.4921875,84723.591859375,1.4481408987045288,3.0184752740859984,1.0,0.5,4.147958755493164,986.0416870117188,13.230484962463379,0.1930667906999588,0.9700616002082825,6.360508441925049,0.9943496584892273,37.981773376464844,1.833195447921753,36.85366439819336,1.187511920928955,24.462587356567383,0.6306983232498169,0.10559423267841339,7.936948776245117,27.35441780090332,1.6852644681930542,196.2962188720703,2.6212916374206543,450.32275390625,2.9547377380367834e-06,1.1654562870333507e-09,5.249637603759766,38.143611907958984,51.47468948364258,0.07619369775056839,12.392658233642578,0.42394062876701355
185,82994.559296875,92909.6796875,82991.7555,1.4383671345710753,2.731154945373535,1.0,0.5,4.07090950012207,1025.678466796875,12.926338195800781,0.1820187270641327,0.9738461375236511,6.395199775695801,1.0092765092849731,38.47077560424805,1.844008445739746,37.08160400390625,1.2016898393630981,24.692901611328125,0.6306983232498169,0.10559423267841339,7.97118616104126,27.515674591064453,1.695860743522644,197.24510192871094,2.624983787536621,451.751708984375,2.9547377380367834e-06,1.1654562870333507e-09,5.257404327392578,38.06023406982422,51.469970703125,0.07624246925115585,12.378811836242676,0.42529821395874023
186,82494.65134375,86327.03125,82491.6528125,1.4700625591278076,3.0567463121414185,1.0,0.5,4.032917499542236,979.2254028320312,13.012652397155762,0.18709775805473328,0.9635423421859741,6.307792663574219,1.0086660385131836,38.434993743896484,1.8429455757141113,36.981109619140625,1.208953619003296,24.95494270324707,0.6306983232498169,0.10559423267841339,7.948956489562988,27.5798397064209,1.707682728767395,198.4095001220703,2.636096715927124,452.3238220214844,2.9547377380367834e-06,1.1654562870333507e-09,5.226049423217773,37.97422790527344,51.363677978515625,0.07613099366426468,12.383143424987793,0.4239877462387085
187,82253.457609375,87634.59375,82250.51184375,1.4409626984596253,3.0110169534683227,1.0,0.5,4.006261348724365,989.9823608398438,12.950187683105469,0.1856478601694107,0.9692318439483643,6.3638386726379395,0.9831873774528503,37.391475677490234,1.8260458707809448,36.596771240234375,1.1734875440597534,24.012001037597656,0.6306983232498169,0.10559423267841339,7.964106559753418,27.368741989135742,1.6833199262619019,197.23585510253906,2.622798442840576,449.8157653808594,2.9547377380367834e-06,1.1654562870333507e-09,5.245590686798096,38.16703796386719,51.42485427856445,0.07608518749475479,12.378153800964355,0.424341082572937
188,80961.312421875,98866.6875,80958.4585,1.4334628086090089,2.8404461164474486,1.0,0.5,4.2041239738464355,1067.1842041015625,13.199996948242188,0.19511514902114868,0.9698625802993774,6.381628513336182,1.00559401512146,38.27231216430664,1.8393970727920532,36.95772171020508,1.1972556114196777,24.54484748840332,0.6306983232498169,0.10559423267841339,7.984858512878418,27.689231872558594,1.6957240104675293,195.88487243652344,2.6086413860321045,448.4908447265625,2.9547377380367834e-06,1.1654562870333507e-09,5.267558574676514,38.38575744628906,51.40263366699219,0.07613851875066757,12.39730453491211,0.42423486709594727
189,86309.9544375,85543.9765625,86306.991890625,1.457270684480667,3.010331156730652,1.0,0.5,4.029594898223877,974.510009765625,13.115686416625977,0.1955244392156601,0.9692710638046265,6.368044376373291,1.0081732273101807,38.43156814575195,1.8350385427474976,36.885345458984375,1.2015546560287476,24.74939727783203,0.6306983232498169,0.10559423267841339,7.986622333526611,27.45096778869629,1.6996815204620361,197.0674285888672,2.6233856678009033,450.9903564453125,2.9547377380367834e-06,1.1654562870333507e-09,5.235056400299072,38.09225845336914,51.46192169189453,0.07620211690664291,12.383115768432617,0.42376869916915894
190,75833.855515625,80826.3671875,75830.8754375,1.457899088382721,3.0452113752365113,1.0,0.5,4.09444522857666,940.1469116210938,13.244205474853516,0.19951331615447998,0.9666199684143066,6.337615489959717,1.0229798555374146,39.093345642089844,1.8441224098205566,37.11821365356445,1.2214230298995972,25.290048599243164,0.6306983232498169,0.10559423267841339,8.007298469543457,27.49658203125,1.6912939548492432,196.26333618164062,2.630645751953125,450.960205078125,2.9547377380367834e-06,1.1654562870333507e-09,5.220604419708252,37.998931884765625,51.49828338623047,0.07629914581775665,12.334688186645508,0.4231025278568268
191,81112.6906875,73758.2109375,81109.826140625,1.405385118484497,2.9182005681991576,1.0,0.5,3.9895567893981934,885.9288330078125,13.144068717956543,0.19406652450561523,0.9565722942352295,6.261612892150879,1.0102193355560303,38.56711196899414,1.8348743915557861,36.87663650512695,1.2131032943725586,25.085710525512695,0.6306983232498169,0.10559423267841339,7.988818168640137,27.54300880432129,1.6928834915161133,196.55108642578125,2.6428561210632324,450.98419189453125,2.9547377380367834e-06,1.1654562870333507e-09,5.1912336349487305,37.79985427856445,51.42055892944336,0.07613906264305115,12.302594184875488,0.4213307797908783
192,81467.85571875,92310.625,81464.837515625,1.4336439423561096,3.1677455863952635,1.0,0.5,4.078242778778076,1022.7162475585938,13.046653747558594,0.1894926130771637,0.9631142020225525,6.325231552124023,1.00152587890625,38.0413703918457,1.832619309425354,36.74660873413086,1.2058721780776978,24.74183464050293,0.6306983232498169,0.10559423267841339,7.975749492645264,27.56209373474121,1.692222237586975,195.98550415039062,2.6412527561187744,449.7960510253906,2.9547377380367834e-06,1.1654562870333507e-09,5.198795795440674,37.966339111328125,51.3275032043457,0.07594779878854752,12.297504425048828,0.42211148142814636
193,78517.112109375,91763.7421875,78507.5920625,1.430113706111908,16.17887091255188,1.0,0.5,4.0231032371521,1017.7332763671875,13.052943229675293,0.19036893546581268,0.9625040888786316,6.333240032196045,1.0096224546432495,38.45787811279297,1.8362234830856323,36.870826721191406,1.2114486694335938,24.999324798583984,0.6306983232498169,0.10559423267841339,7.974313735961914,27.508098602294922,1.7085086107254028,198.265380859375,2.639543056488037,451.51959228515625,2.9547377380367834e-06,1.1654562870333507e-09,5.217724800109863,38.069210052490234,51.41439437866211,0.07609771937131882,12.340130805969238,0.4232330620288849
194,80843.734921875,87803.484375,80840.740421875,1.471687912940979,3.0449016456604006,1.0,0.5,4.028780937194824,990.6123046875,13.096508026123047,0.19154496490955353,0.963333249092102,6.333500862121582,1.0121926069259644,38.598934173583984,1.8354793787002563,36.9022102355957,1.2113845348358154,25.034770965576172,0.6306983232498169,0.10559423267841339,7.978756904602051,27.480932235717773,1.701612949371338,198.06167602539062,2.6314244270324707,450.5113830566406,2.9547377380367834e-06,1.1654562870333507e-09,5.244274616241455,38.09001541137695,51.44264602661133,0.07617928087711334,12.350634574890137,0.4231813848018646
195,81579.810109375,85011.0,81576.78015625,1.4525505137443542,3.154680563926697,1.0,0.5,4.016857624053955,970.8626708984375,13.041788101196289,0.1884986162185669,0.9616929888725281,6.32041072845459,1.0120370388031006,38.646156311035156,1.840146780014038,37.011295318603516,1.21053946018219,25.065589904785156,0.6306983232498169,0.10559423267841339,7.9812140464782715,27.515817642211914,1.701547384262085,197.43011474609375,2.630439281463623,450.3844299316406,2.9547377380367834e-06,1.1654562870333507e-09,5.233876705169678,37.99468994140625,51.42414093017578,0.0761665403842926,12.328532218933105,0.42192333936691284
196,80966.116,89338.296875,80963.322609375,1.4603248724937439,2.6654083461761475,1.0,0.5,4.066615104675293,1001.7318725585938,13.004790306091309,0.18846534192562103,0.9629908800125122,6.332528114318848,1.0067806243896484,38.384281158447266,1.8363291025161743,36.933345794677734,1.2044677734375,24.812124252319336,0.6306983232498169,0.10559423267841339,7.984301567077637,27.55552101135254,1.6998764276504517,196.98829650878906,2.6263504028320312,450.27301025390625,2.9547377380367834e-06,1.1654562870333507e-09,5.2284393310546875,38.001041412353516,51.390830993652344,0.07608315348625183,12.330965042114258,0.4224376678466797
197,83429.41778125,91902.7265625,83426.5756875,1.4187905893325805,2.8470621871948243,1.0,0.5,4.054375171661377,1019.9186401367188,12.969138145446777,0.18850822746753693,0.9638060927391052,6.349559307098389,1.003629207611084,38.23814392089844,1.8308138847351074,36.81465530395508,1.205184817314148,24.781158447265625,0.6306983232498169,0.10559423267841339,7.960211277008057,27.43120574951172,1.6943261623382568,196.8179473876953,2.6251418590545654,449.4162902832031,2.9547377380367834e-06,1.1654562870333507e-09,5.22573709487915,38.01088333129883,51.389469146728516,0.0760548859834671,12.320332527160645,0.42296576499938965
198,78577.40278125,95935.4296875,78574.46321875,1.4341435718536377,3.0110147933959963,1.0,0.5,4.072196960449219,1047.0599365234375,13.00412368774414,0.190292090177536,0.9634231925010681,6.344788074493408,1.006901502609253,38.43067932128906,1.836750864982605,36.918540954589844,1.2054929733276367,24.921428680419922,0.6306983232498169,0.10559423267841339,7.974285125732422,27.5336856842041,1.696256160736084,197.11277770996094,2.628425359725952,449.6403503417969,2.9547377380367834e-06,1.1654562870333507e-09,5.229284763336182,38.07289123535156,51.4151496887207,0.07611189037561417,12.321998596191406,0.4226936399936676
199,87083.022453125,84656.203125,87080.18003125,1.487414710521698,2.7099272747039795,1.0,0.5,4.074060916900635,968.507080078125,13.077825546264648,0.19163481891155243,0.9595957398414612,6.314310550689697,1.0085649490356445,38.56001663208008,1.8387539386749268,37.00527572631836,1.2076201438903809,24.996482849121094,0.6306983232498169,0.10559423267841339,7.9787917137146,27.496702194213867,1.6964101791381836,196.92819213867188,2.6270408630371094,450.1845397949219,2.9547377380367834e-06,1.1654562870333507e-09,5.214626312255859,37.87209701538086,51.41917419433594,0.07614855468273163,12.302599906921387,0.4213205575942993
200,81193.001,87620.28125,81190.156421875,1.4294252445697784,2.830416401863098,1.0,0.5,4.020586013793945,989.7584838867188,13.015892028808594,0.18935538828372955,0.961001992225647,6.332019329071045,1.006079912185669,38.46045684814453,1.8324722051620483,36.895050048828125,1.2037962675094604,24.910680770874023,0.6306983232498169,0.10559423267841339,7.970837593078613,27.414764404296875,1.688586711883545,196.68431091308594,2.628833293914795,450.1830139160156,2.9547377380367834e-06,1.1654562870333507e-09,5.214237689971924,37.910640716552734,51.475852966308594,0.07619726657867432,12.300162315368652,0.4220983386039734
201,80818.515015625,90705.921875,80815.65971875,1.4419648220539094,2.826304480552673,1.0,0.5,4.060281276702881,1011.1489868164062,13.057147026062012,0.1902923732995987,0.9604467749595642,6.332944393157959,1.0031297206878662,38.32921600341797,1.830784559249878,36.843360900878906,1.2024999856948853,24.84801483154297,0.6306983232498169,0.10559423267841339,7.962249755859375,27.411588668823242,1.6908930540084839,197.32479858398438,2.630913734436035,450.36962890625,2.9547377380367834e-06,1.1654562870333507e-09,5.205555438995361,37.84593200683594,51.48004913330078,0.07618941366672516,12.293339729309082,0.4224451184272766
202,77364.34621875,87927.09375,77361.30734375,1.4841405534744263,3.1096405878067017,1.0,0.5,4.038609504699707,992.4540405273438,12.985574722290039,0.18799139559268951,0.9621184468269348,6.334272384643555,1.0026626586914062,38.26939392089844,1.8292676210403442,36.8051872253418,1.2003616094589233,24.77328109741211,0.6306983232498169,0.10559423267841339,7.957070350646973,27.432144165039062,1.688405156135559,196.54759216308594,2.624821186065674,449.11004638671875,2.9547377380367834e-06,1.1654562870333507e-09,5.217787265777588,37.884281158447266,51.470577239990234,0.07616281509399414,12.282477378845215,0.42181289196014404
203,78682.110546875,82558.703125,78679.019078125,1.454293372154236,3.2748400955200196,1.0,0.5,4.013118267059326,953.918212890625,13.002189636230469,0.18823190033435822,0.9608821272850037,6.324702262878418,1.004180908203125,38.33343505859375,1.829848051071167,36.857666015625,1.2022719383239746,24.792245864868164,0.6306983232498169,0.10559423267841339,7.9563751220703125,27.350343704223633,1.6872237920761108,196.01837158203125,2.6208081245422363,449.1758728027344,2.9547377380367834e-06,1.1654562870333507e-09,5.202509880065918,37.765785217285156,51.482261657714844,0.07616815716028214,12.270015716552734,0.4214143455028534
204,83288.988546875,93044.0390625,83285.89621875,1.4326969318389893,3.318746612548828,1.0,0.5,4.092404842376709,1027.7774658203125,13.045724868774414,0.19164642691612244,0.9617292284965515,6.338399887084961,1.006340742111206,38.34272384643555,1.8337554931640625,36.8708610534668,1.205849289894104,24.82274055480957,0.6306983232498169,0.10559423267841339,7.9741082191467285,27.476673126220703,1.6945829391479492,196.4951171875,2.6259665489196777,449.432373046875,2.9547377380367834e-06,1.1654562870333507e-09,5.190009117126465,37.766841888427734,51.45064163208008,0.07612130790948868,12.271161079406738,0.42223429679870605
205,76926.215953125,90700.21875,76923.24578125,1.4336383624076843,3.0731730194091798,1.0,0.5,3.996433734893799,1011.7518310546875,12.965062141418457,0.18785327672958374,0.9595511555671692,6.32206916809082,0.9996522068977356,38.17702102661133,1.8342351913452148,36.88194274902344,1.198423147201538,24.73865509033203,0.6306983232498169,0.10559423267841339,7.972723007202148,27.49824333190918,1.692628264427185,196.4287567138672,2.625370502471924,449.33441162109375,2.9547377380367834e-06,1.1654562870333507e-09,5.185818195343018,37.775028228759766,51.441436767578125,0.07611308246850967,12.271368026733398,0.42186877131462097
206,81458.7665625,93750.5,81455.821359375,1.4280618391036988,3.0341151514053344,1.0,0.5,4.093803882598877,1032.3135986328125,13.094062805175781,0.1940566748380661,0.9636158347129822,6.360471248626709,1.0045671463012695,38.36362075805664,1.833622932434082,36.814796447753906,1.2048746347427368,24.922618865966797,0.6306983232498169,0.10559423267841339,7.969264030456543,27.42270278930664,1.688393235206604,197.175537109375,2.635327100753784,449.7369079589844,2.9547377380367834e-06,1.1654562870333507e-09,5.192027568817139,37.82339096069336,51.46733093261719,0.07617077976465225,12.24838638305664,0.42199403047561646
207,77968.552453125,87879.0546875,77965.54765625,1.4611841373443604,3.086565878868103,1.0,0.5,4.0154805183410645,992.1080932617188,13.030588150024414,0.19218707084655762,0.9606097936630249,6.335572719573975,1.0028482675552368,38.28617477416992,1.8356034755706787,36.89509201049805,1.2018249034881592,24.81985855102539,0.6306983232498169,0.10559423267841339,7.992777347564697,27.487173080444336,1.6870921850204468,195.97628784179688,2.63093900680542,449.3713684082031,2.9547377380367834e-06,1.1654562870333507e-09,5.184601783752441,37.754024505615234,51.451534271240234,0.07613024115562439,12.22964096069336,0.42102330923080444
208,76308.889078125,90162.1796875,76305.996734375,1.4534050035476684,2.8785155191421508,1.0,0.5,3.9668374061584473,1007.5299072265625,12.954306602478027,0.18926271796226501,0.9622870683670044,6.349449634552002,1.0001741647720337,38.29057312011719,1.841234803199768,37.002464294433594,1.1947309970855713,24.731035232543945,0.6306983232498169,0.10559423267841339,8.004446029663086,27.514816284179688,1.6928486824035645,196.3426971435547,2.626459836959839,450.4561767578125,2.9547377380367834e-06,1.1654562870333507e-09,5.189193248748779,37.75548553466797,51.44013595581055,0.07612745463848114,12.236658096313477,0.4205022156238556
209,78112.586796875,100136.2109375,78109.62509375,1.455380138874054,3.0129632425308226,1.0,0.5,4.106080055236816,1074.5618896484375,13.097789764404297,0.19486458599567413,0.9693151116371155,6.401249885559082,1.0027093887329102,38.318214416503906,1.8404526710510254,36.99010467529297,1.1982855796813965,24.754138946533203,0.6306983232498169,0.10559423267841339,8.004560470581055,27.562496185302734,1.6951173543930054,196.9864959716797,2.6265063285827637,450.2314758300781,2.9547377380367834e-06,1.1654562870333507e-09,5.2010369300842285,37.93328094482422,51.45638656616211,0.07616588473320007,12.270837783813477,0.4224677085876465
210,79943.4530625,88230.890625,79940.613796875,1.4167244439125062,2.8449927778244017,1.0,0.5,4.06003475189209,995.1897583007812,13.107332229614258,0.19254392385482788,0.968305766582489,6.38277530670166,1.0045113563537598,38.35484313964844,1.8374141454696655,36.951324462890625,1.2029165029525757,24.804319381713867,0.6306983232498169,0.10559423267841339,8.008420944213867,27.515668869018555,1.6828961372375488,195.00143432617188,2.6168086528778076,448.43695068359375,2.9547377380367834e-06,1.1654562870333507e-09,5.2019853591918945,37.896785736083984,51.49357223510742,0.07618177682161331,12.25120735168457,0.4214015603065491
211,78075.533640625,84551.28125,78072.633296875,1.4445445413589477,2.9107070894241334,1.0,0.5,4.099304676055908,967.8887329101562,13.07099723815918,0.19261689484119415,0.9697231650352478,6.386742115020752,1.001820683479309,38.151851654052734,1.8319288492202759,36.72492980957031,1.2002779245376587,24.6063175201416,0.6306983232498169,0.10559423267841339,7.977243423461914,27.366249084472656,1.6983760595321655,197.5605926513672,2.616427421569824,449.6983337402344,2.9547377380367834e-06,1.1654562870333507e-09,5.204565525054932,37.790958404541016,51.438133239746094,0.07609392702579498,12.290323257446289,0.42251676321029663
212,80093.148828125,95996.3984375,80090.258984375,1.4334420709609985,2.9125196561813356,1.0,0.5,4.1813154220581055,1048.8438720703125,13.028799057006836,0.19349020719528198,0.9640659093856812,6.3548407554626465,0.9975457787513733,37.851600646972656,1.8284084796905518,36.6189079284668,1.1930673122406006,24.440841674804688,0.6306983232498169,0.10559423267841339,7.963983058929443,27.52117347717285,1.6978223323822021,196.8392791748047,2.616375684738159,446.6552734375,2.9547377380367834e-06,1.1654562870333507e-09,5.217846870422363,37.91997528076172,51.429927825927734,0.07604461163282394,12.291996955871582,0.42254945635795593
213,81345.095109375,116524.34375,81342.13684375,1.446645031452179,3.022826102256775,1.0,0.5,4.137738227844238,1176.919677734375,13.005071640014648,0.19179333746433258,0.9660910964012146,6.384632587432861,0.9975153207778931,37.90254211425781,1.823739767074585,36.56375503540039,1.1962565183639526,24.49102210998535,0.6306983232498169,0.10559423267841339,7.953409194946289,27.483278274536133,1.6993976831436157,197.96746826171875,2.6224260330200195,448.7321472167969,2.9547377380367834e-06,1.1654562870333507e-09,5.2134833335876465,38.16909408569336,51.42998504638672,0.07605938613414764,12.294873237609863,0.42432719469070435
214,85591.351015625,91565.546875,85588.33609375,1.4527330327033996,3.1250311489105225,1.0,0.5,4.182479381561279,1017.98291015625,13.11514949798584,0.19381676614284515,0.9627009034156799,6.343118190765381,1.0166981220245361,38.745914459228516,1.8450918197631836,37.12483215332031,1.2109081745147705,24.842021942138672,0.6306983232498169,0.10559423267841339,8.002185821533203,27.705005645751953,1.7001181840896606,195.83241271972656,2.6068873405456543,448.9072570800781,2.9547377380367834e-06,1.1654562870333507e-09,5.214000701904297,37.85676956176758,51.393043518066406,0.07609400153160095,12.255605697631836,0.4216201901435852
215,79487.604703125,87274.34375,79484.812828125,1.4335758850574494,2.7153805427551267,1.0,0.5,4.0463547706604,987.9378051757812,13.047263145446777,0.19046205282211304,0.9608917832374573,6.325851917266846,1.0059001445770264,38.44639587402344,1.838375210762024,36.981414794921875,1.1993592977523804,24.80811309814453,0.6306983232498169,0.10559423267841339,7.956243991851807,27.483015060424805,1.6962025165557861,196.56141662597656,2.6134402751922607,448.89093017578125,2.9547377380367834e-06,1.1654562870333507e-09,5.179845333099365,37.42791748046875,51.454132080078125,0.07618016749620438,12.244284629821777,0.4207852780818939
216,83866.448546875,96561.90625,83863.61184375,1.4706651186943054,2.731739726066589,1.0,0.5,4.082813739776611,1052.1072998046875,12.870368003845215,0.1858450323343277,0.9648733139038086,6.346574306488037,1.022434949874878,38.694915771484375,1.8465684652328491,37.109642028808594,1.2180148363113403,25.054567337036133,0.6306983232498169,0.10559423267841339,7.953888893127441,27.82756805419922,1.719742774963379,197.38563537597656,2.61360502243042,447.44403076171875,2.9547377380367834e-06,1.1654562870333507e-09,5.224963665008545,37.817012786865234,51.46781921386719,0.07619791477918625,12.271764755249023,0.4212545156478882
217,80894.3818125,99525.28125,80891.409109375,1.4660451011657716,3.013649359703064,1.0,0.5,4.011875152587891,1071.68603515625,12.902680397033691,0.18982049822807312,0.9614389538764954,6.349390029907227,1.0129308700561523,38.4335823059082,1.8229037523269653,36.65080642700195,1.2085661888122559,24.92236328125,0.6306983232498169,0.10559423267841339,7.913949489593506,27.33420753479004,1.6951133012771606,197.6583251953125,2.6196484565734863,447.3084411621094,2.9547377380367834e-06,1.1654562870333507e-09,5.205297946929932,37.91517639160156,51.55602264404297,0.07628566026687622,12.273096084594727,0.42306435108184814
218,86539.268765625,97565.484375,86536.316890625,1.4932137057781218,2.9175947799682618,1.0,0.5,4.119976997375488,1059.836669921875,12.9573974609375,0.1912631392478943,0.9654349684715271,6.367311000823975,1.0212057828903198,38.93921661376953,1.8401602506637573,37.091678619384766,1.2173218727111816,25.045455932617188,0.6306983232498169,0.10559423267841339,8.001455307006836,27.533584594726562,1.668459415435791,194.1492919921875,2.6028168201446533,446.31011962890625,2.9547377380367834e-06,1.1654562870333507e-09,5.227076530456543,37.88981246948242,51.526939392089844,0.07632047683000565,12.200614929199219,0.4215066134929657
219,84263.027515625,78965.5390625,84260.182578125,1.4441526684761048,2.8008723907470703,1.0,0.5,4.050802230834961,928.6849365234375,12.98857593536377,0.19566309452056885,0.9569734334945679,6.288370132446289,1.0144060850143433,38.69368362426758,1.8323166370391846,36.82187271118164,1.2136402130126953,25.078989028930664,0.6306983232498169,0.10559423267841339,7.988276958465576,27.43267059326172,1.676927924156189,195.19931030273438,2.6212031841278076,446.3455505371094,2.9547377380367834e-06,1.1654562870333507e-09,5.217953205108643,37.91972351074219,51.56918716430664,0.07626976072788239,12.126764297485352,0.4187113046646118
220,80455.232859375,110466.390625,80452.227984375,1.4693620138168335,3.0707161493301394,1.0,0.5,4.266147136688232,1140.647216796875,12.994691848754883,0.19509947299957275,0.9677807092666626,6.395682334899902,1.0260683298110962,38.99589538574219,1.846034049987793,37.09721374511719,1.2297557592391968,25.286941528320312,0.6306983232498169,0.10559423267841339,8.002897262573242,27.673818588256836,1.7041789293289185,196.69589233398438,2.625065565109253,448.28314208984375,2.9547377380367834e-06,1.1654562870333507e-09,5.215834140777588,37.95264434814453,51.473541259765625,0.07623126357793808,12.142226219177246,0.42138949036598206
221,82202.75321875,89572.6328125,82199.797828125,1.4487590985298158,3.01443846988678,1.0,0.5,3.956712484359741,1004.6740112304688,12.690986633300781,0.17746856808662415,0.9681764841079712,6.404420852661133,1.0154377222061157,38.76549530029297,1.8310848474502563,36.97490310668945,1.2004928588867188,24.820098876953125,0.6306983232498169,0.10559423267841339,7.948194980621338,27.272993087768555,1.665173053741455,194.3875732421875,2.60811185836792,448.4708557128906,2.9547377380367834e-06,1.1654562870333507e-09,5.210478782653809,37.957664489746094,51.50526809692383,0.07629203796386719,12.095857620239258,0.42036011815071106
222,81275.640625,91424.3125,81272.725625,1.4238562581539154,2.98329576587677,1.0,0.5,4.0872392654418945,1018.9835815429688,12.852931022644043,0.18103520572185516,0.9575176239013672,6.338658332824707,0.9921362400054932,37.62834930419922,1.8154034614562988,36.427921295166016,1.1873842477798462,24.41370964050293,0.6306983232498169,0.10559423267841339,7.9641008377075195,27.48777198791504,1.6718443632125854,194.34414672851562,2.625049591064453,445.24853515625,2.9547377380367834e-06,1.1654562870333507e-09,5.193438529968262,37.93881607055664,51.338768005371094,0.07599030435085297,12.07990550994873,0.41745463013648987
223,83356.338453125,100229.65625,83353.441484375,1.4411863112449645,2.91146643447876,1.0,0.5,4.1234517097473145,1078.3056640625,12.918082237243652,0.18510836362838745,0.9660715460777283,6.406505584716797,1.0162957906723022,38.633724212646484,1.8372297286987305,36.94023132324219,1.2163618803024292,25.0040225982666,0.6306983232498169,0.10559423267841339,7.998812198638916,27.5130558013916,1.6766531467437744,192.7281036376953,2.594374418258667,444.4819030761719,2.9547377380367834e-06,1.1654562870333507e-09,5.222352027893066,38.216373443603516,51.28911590576172,0.0760081559419632,12.067954063415527,0.4185446798801422
224,81035.319796875,84529.3984375,81032.14571875,1.4383002953529358,3.47208060836792,1.0,0.5,3.957650899887085,968.8557739257812,12.748077392578125,0.17792893946170807,0.9630283117294312,6.345793724060059,0.997393012046814,37.86838150024414,1.8211085796356201,36.49507522583008,1.199083924293518,24.588457107543945,0.6306983232498169,0.10559423267841339,7.905987739562988,27.153230667114258,1.6970164775848389,197.11752319335938,2.6083297729492188,447.553466796875,2.9547377380367834e-06,1.1654562870333507e-09,5.182730197906494,37.415443420410156,51.47783279418945,0.07617053389549255,12.113975524902344,0.41838374733924866
225,91096.50621875,90609.40625,91093.586046875,1.451247805595398,2.937504009246826,1.0,0.5,4.24761438369751,1010.8587646484375,12.906746864318848,0.19520196318626404,0.9736824035644531,6.383657455444336,1.022289514541626,39.083274841308594,1.8578135967254639,37.11329650878906,1.2171605825424194,25.26034164428711,0.6306983232498169,0.10559423267841339,7.981018543243408,27.425552368164062,1.7152471542358398,198.75039672851562,2.6164677143096924,448.8110046386719,2.9547377380367834e-06,1.1654562870333507e-09,5.194336414337158,37.480403900146484,51.376766204833984,0.07614026218652725,12.163220405578613,0.41954678297042847
226,82401.818859375,79042.0546875,82398.7021875,1.4405658991336823,3.352268537521362,1.0,0.5,3.963571071624756,930.2293701171875,12.939034461975098,0.18881821632385254,0.9639449119567871,6.341071605682373,1.0004032850265503,38.193519592285156,1.828594446182251,36.71538162231445,1.1968581676483154,24.67351531982422,0.6306983232498169,0.10559423267841339,7.932188510894775,27.187089920043945,1.6728099584579468,194.748046875,2.5900981426239014,444.6271057128906,2.9547377380367834e-06,1.1654562870333507e-09,5.2140607833862305,37.74258804321289,51.400428771972656,0.07612341642379761,12.075634002685547,0.4148915708065033
227,80720.88884375,88151.78125,80717.91359375,1.4291875834465027,3.0926428098678587,1.0,0.5,4.002202033996582,996.1973266601562,12.811233520507812,0.18789240717887878,0.9704182147979736,6.403939247131348,1.0153744220733643,38.56165313720703,1.8312053680419922,36.70061492919922,1.210689663887024,24.98960304260254,0.6306983232498169,0.10559423267841339,7.921739101409912,27.17880630493164,1.6755878925323486,195.9393768310547,2.6000614166259766,444.57830810546875,2.9547377380367834e-06,1.1654562870333507e-09,5.205207824707031,37.586116790771484,51.476348876953125,0.07628429681062698,12.035841941833496,0.4181104898452759
228,84908.8755625,74703.46875,84905.9330625,1.4731766772270203,2.9394801788330076,1.0,0.5,3.9279088973999023,892.3944702148438,12.928742408752441,0.18832430243492126,0.9655929803848267,6.333470821380615,1.0311464071273804,39.336673736572266,1.868207573890686,37.60100555419922,1.2181388139724731,25.357603073120117,0.6306983232498169,0.10559423267841339,8.144368171691895,27.976125717163086,1.6927231550216675,195.4014129638672,2.6239914894104004,453.2506103515625,2.9547377380367834e-06,1.1654562870333507e-09,5.17849063873291,37.59164047241211,51.419979095458984,0.07629384845495224,12.102301597595215,0.41736698150634766
229,88798.8228125,84200.140625,88795.985703125,1.394667945623398,2.8861296701431276,1.0,0.5,4.012794494628906,969.9168090820312,12.637365341186523,0.17494922876358032,0.9654874801635742,6.357033729553223,0.991888165473938,37.58535385131836,1.802730917930603,36.185054779052734,1.1685045957565308,24.202266693115234,0.6306983232498169,0.10559423267841339,7.905596733093262,27.30873680114746,1.6399763822555542,192.91384887695312,2.6006648540496826,441.8948669433594,2.9547377380367834e-06,1.1654562870333507e-09,5.251582145690918,38.205753326416016,51.34553909301758,0.07598931342363358,11.997976303100586,0.4140109121799469
230,88849.58934375,78350.9140625,88846.547015625,1.4547688393592835,3.1751746711730955,1.0,0.5,3.8992552757263184,924.6092529296875,12.874931335449219,0.18917563557624817,0.9633542895317078,6.340019226074219,1.0065776109695435,37.98517990112305,1.8113009929656982,36.430912017822266,1.1893138885498047,24.59210777282715,0.6306983232498169,0.10559423267841339,7.960796356201172,27.076311111450195,1.644468069076538,193.1212921142578,2.611069917678833,446.2236022949219,2.9547377380367834e-06,1.1654562870333507e-09,5.164791107177734,37.792724609375,51.43818283081055,0.07614720612764359,12.072667121887207,0.4146331250667572
231,87849.939125,74563.2734375,87846.96625,1.4531551580429076,3.039191464424133,1.0,0.5,3.8169925212860107,892.8220825195312,12.637385368347168,0.18600308895111084,0.9577084183692932,6.298315525054932,1.0131494998931885,38.433921813964844,1.822024941444397,36.4095573425293,1.2135114669799805,25.121410369873047,0.6306983232498169,0.10559423267841339,7.945191860198975,27.169937133789062,1.7034209966659546,199.71176147460938,2.629448175430298,448.5763854980469,2.9547377380367834e-06,1.1654562870333507e-09,5.1965532302856445,37.61159133911133,51.45981216430664,0.0761907622218132,12.175997734069824,0.41572141647338867
232,88121.925671875,116835.125,88118.77090625,1.4226909501552583,3.463224584579468,1.0,0.5,4.146537780761719,1176.5460205078125,12.678958892822266,0.18821363151073456,0.9708628058433533,6.442547798156738,0.9912600517272949,37.28761291503906,1.8552939891815186,36.72783279418945,1.2007417678833008,24.158512115478516,0.6306983232498169,0.10559423267841339,8.016817092895508,27.455169677734375,1.7031147480010986,198.56910705566406,2.651693820953369,454.4020080566406,2.9547377380367834e-06,1.1654562870333507e-09,5.1427202224731445,37.140079498291016,51.12605285644531,0.07551037520170212,11.985864639282227,0.4141000509262085
233,84299.671859375,99269.328125,84296.671703125,1.4632341423034667,3.074442756652832,1.0,0.5,4.021926403045654,1066.8154296875,13.053766250610352,0.20009927451610565,0.9584372043609619,6.364936351776123,1.0234297513961792,39.07075119018555,1.8602062463760376,37.185585021972656,1.2197849750518799,25.073898315429688,0.6306983232498169,0.10559423267841339,8.025382995605469,27.417619705200195,1.6896618604660034,197.6190948486328,2.641435146331787,454.8277282714844,2.9547377380367834e-06,1.1654562870333507e-09,5.127694129943848,37.42715072631836,51.577823638916016,0.0762718990445137,11.979619026184082,0.41447028517723083
234,84864.410953125,69462.140625,84861.424875,1.4536490392684938,3.065581392288208,1.0,0.5,3.800487995147705,854.0601806640625,12.684477806091309,0.18004339933395386,0.962595522403717,6.272923469543457,1.0410740375518799,39.525169372558594,1.8480809926986694,37.09467315673828,1.2320629358291626,25.548555374145508,0.6306983232498169,0.10559423267841339,7.927676200866699,27.53273582458496,1.6784064769744873,192.73960876464844,2.598069429397583,447.3086242675781,2.9547377380367834e-06,1.1654562870333507e-09,5.169821739196777,37.508583068847656,51.60507583618164,0.07624762505292892,11.97845458984375,0.41175970435142517
235,88969.31809375,75877.0078125,88966.25975,1.4619740514755248,3.1918549795150755,1.0,0.5,3.9769842624664307,903.6492919921875,12.531070709228516,0.18380670249462128,0.9682245254516602,6.3706746101379395,1.0018404722213745,37.78834915161133,1.8344289064407349,36.73561096191406,1.1828473806381226,24.1669979095459,0.6306983232498169,0.10559423267841339,7.791430473327637,26.818727493286133,1.7067855596542358,198.9546661376953,2.5861973762512207,447.8691101074219,2.9547377380367834e-06,1.1654562870333507e-09,5.170645236968994,37.182918548583984,51.56869125366211,0.07615490257740021,12.10464096069336,0.4143621325492859
236,85778.261515625,93586.65625,85775.0053125,1.4603912749290466,3.591354853630066,1.0,0.5,3.934309959411621,1035.9146728515625,12.723788261413574,0.18400728702545166,0.960130512714386,6.3380632400512695,1.002541184425354,38.26285934448242,1.8357127904891968,37.06180191040039,1.1770639419555664,24.49772834777832,0.6306983232498169,0.10559423267841339,7.9265594482421875,27.417112350463867,1.662000060081482,192.7875518798828,2.5750110149383545,440.7513122558594,2.9547377380367834e-06,1.1654562870333507e-09,5.215049743652344,37.586883544921875,51.894474029541016,0.07663826644420624,12.039656639099121,0.4161887764930725
237,79010.4205625,104875.34375,79007.35809375,1.401450391292572,3.3217683658599855,1.0,0.5,3.9725418090820312,1111.2752685546875,12.620189666748047,0.18385237455368042,0.9737643599510193,6.416235446929932,0.9979938268661499,37.56637191772461,1.823442816734314,36.23207473754883,1.191145420074463,24.196136474609375,0.6306983232498169,0.10559423267841339,7.846923828125,27.384323120117188,1.6585536003112793,191.69186401367188,2.570835590362549,437.0244445800781,2.9547377380367834e-06,1.1654562870333507e-09,5.211907386779785,38.24200439453125,51.563377380371094,0.07588502764701843,11.934767723083496,0.41310545802116394
238,81306.746921875,68238.03125,81303.817140625,1.480318398475647,2.8986688814163206,1.0,0.5,3.7526705265045166,850.0762329101562,12.704533576965332,0.18174302577972412,0.9492680430412292,6.272622108459473,1.0132238864898682,38.46586990356445,1.7997803688049316,36.36592102050781,1.196702480316162,24.758563995361328,0.6306983232498169,0.10559423267841339,7.708097457885742,26.841955184936523,1.6401450634002686,190.761962890625,2.5432677268981934,436.72662353515625,2.9547377380367834e-06,1.1654562870333507e-09,5.139162540435791,37.21611022949219,51.64046859741211,0.07639523595571518,11.966351509094238,0.41347524523735046
239,85132.606640625,73608.71875,85129.459,1.4663753986358643,3.3627314891815185,1.0,0.5,3.8029122352600098,890.3416137695312,12.402297973632812,0.16846716403961182,0.9374194145202637,6.19140100479126,0.9858956336975098,37.212520599365234,1.818176507949829,36.327674865722656,1.171121597290039,23.95492935180664,0.6306983232498169,0.10559423267841339,7.710411548614502,27.021297454833984,1.6879407167434692,195.41647338867188,2.5596437454223633,440.65826416015625,2.9547377380367834e-06,1.1654562870333507e-09,5.139949321746826,37.11172866821289,51.378177642822266,0.07588991522789001,11.871699333190918,0.4124426245689392
240,88411.276484375,118033.8203125,88408.136328125,1.4379709577560424,3.4033781299591066,1.0,0.5,3.928670644760132,1184.4530029296875,12.583351135253906,0.18641620874404907,0.9671289324760437,6.428956031799316,0.9914565682411194,37.7944221496582,1.8192634582519531,36.1804084777832,1.1757980585098267,24.390424728393555,0.6306983232498169,0.10559423267841339,7.688445091247559,26.653724670410156,1.7181459665298462,201.684326171875,2.6046383380889893,450.9013671875,2.9547377380367834e-06,1.1654562870333507e-09,5.168090343475342,38.067138671875,51.16250991821289,0.07581856101751328,12.01434326171875,0.4144638478755951
241,88308.643015625,98155.9765625,88305.638796875,1.4510757064819335,3.1058492946624754,1.0,0.5,4.441953659057617,1064.8760986328125,13.109651565551758,0.21237123012542725,0.9536122679710388,6.254575729370117,1.0199379920959473,39.223060607910156,1.8775750398635864,37.72024154663086,1.208579182624817,24.987667083740234,0.6306983232498169,0.10559423267841339,8.00866985321045,27.698257446289062,1.663806676864624,191.18115234375,2.5606746673583984,444.7926025390625,2.9547377380367834e-06,1.1654562870333507e-09,5.1454176902771,37.647029876708984,51.283790588378906,0.07591399550437927,11.703633308410645,0.41058698296546936
242,83077.73390625,74293.78125,83074.7843125,1.440921267747879,3.0176250915527345,1.0,0.5,4.116950988769531,888.9931030273438,13.009503364562988,0.20286807417869568,0.9357672333717346,6.157670021057129,1.0265333652496338,39.62879180908203,1.8592292070388794,37.43315505981445,1.2062138319015503,25.642953872680664,0.6306983232498169,0.10559423267841339,7.826484203338623,27.164684295654297,1.7391659021377563,199.17202758789062,2.607370615005493,452.0638122558594,2.9547377380367834e-06,1.1654562870333507e-09,5.067605972290039,36.67945861816406,51.48530578613281,0.07617104798555374,11.830883979797363,0.40816137194633484
243,82896.414234375,80023.7734375,82893.276140625,1.4641547970771789,3.3482146787643434,1.0,0.5,4.045433521270752,935.334228515625,12.658466339111328,0.1925637573003769,0.9368139505386353,6.195300579071045,0.9854496717453003,37.81280517578125,1.8453763723373413,36.96359634399414,1.1817876100540161,24.437667846679688,0.6306983232498169,0.10559423267841339,7.854373931884766,27.21625328063965,1.7089953422546387,196.42889404296875,2.5744242668151855,448.7268371582031,2.9547377380367834e-06,1.1654562870333507e-09,5.041683673858643,36.70978546142578,51.16472244262695,0.07565686106681824,11.822298049926758,0.40977340936660767
244,87191.689796875,98232.140625,87188.70834375,1.4644062008857728,3.0343471546173095,1.0,0.5,4.610602378845215,1065.1728515625,13.02334976196289,0.1987365186214447,0.9546599388122559,6.2842230796813965,1.0353213548660278,39.629180908203125,1.8463363647460938,37.24979019165039,1.2368340492248535,25.529462814331055,0.6306983232498169,0.10559423267841339,7.948185443878174,27.439355850219727,1.7088313102722168,197.0478057861328,2.5616490840911865,442.6874694824219,2.9547377380367834e-06,1.1654562870333507e-09,5.173127174377441,37.83689498901367,51.44306945800781,0.07609034329652786,11.75767707824707,0.4081119894981384
245,87818.7444375,70154.21875,87815.8638125,1.4457489347457886,2.8704183902740477,1.0,0.5,3.713609218597412,851.6012573242188,11.666078567504883,0.14359956979751587,0.9237878918647766,6.09728479385376,0.9536378979682922,35.950252532958984,1.7981480360031128,36.04109573364258,1.1661489009857178,23.61619758605957,0.6306983232498169,0.10559423267841339,7.852530479431152,27.05320930480957,1.69235098361969,200.44097900390625,2.65584135055542,459.8700256347656,2.9547377380367834e-06,1.1654562870333507e-09,4.999182224273682,36.56196975708008,51.089149475097656,0.0753316879272461,11.559591293334961,0.4045657217502594
246,89155.486671875,98982.625,89152.55865625,1.4538654150962829,2.9488029804229736,1.0,0.5,4.260201930999756,1065.3128662109375,12.278681755065918,0.18315009772777557,0.9431716203689575,6.188810348510742,1.0258015394210815,38.62026596069336,1.8476271629333496,37.047035217285156,1.2175955772399902,24.920114517211914,0.6306983232498169,0.10559423267841339,7.835707187652588,27.82733154296875,1.690934181213379,198.14854431152344,2.577162265777588,453.7811584472656,2.9547377380367834e-06,1.1654562870333507e-09,5.00495719909668,36.93858337402344,51.00973129272461,0.07558804005384445,11.618789672851562,0.4151972830295563
247,87354.08715625,111477.1796875,87351.188078125,1.4505126543045044,2.8962615394592284,1.0,0.5,4.290078639984131,1145.7548828125,12.09642505645752,0.18582706153392792,0.9469045400619507,6.286075592041016,0.9823527932167053,36.89485549926758,1.8295924663543701,36.42343521118164,1.1898579597473145,24.115541458129883,0.6306983232498169,0.10559423267841339,7.900174140930176,27.766427993774414,1.7375283241271973,202.29612731933594,2.624187469482422,448.8136901855469,2.9547377380367834e-06,1.1654562870333507e-09,5.141451358795166,38.28999328613281,50.7347412109375,0.07512889057397842,11.886649131774902,0.416165828704834
248,99677.729296875,105926.8515625,99674.740484375,1.425184365272522,3.128367883682251,1.0,0.5,4.1660237312316895,1112.7220458984375,12.52745246887207,0.1864500492811203,0.9671968221664429,6.416085243225098,1.0024138689041138,37.912269592285156,1.8479366302490234,36.99161911010742,1.2182201147079468,24.9887752532959,0.6306983232498169,0.10559423267841339,7.8463544845581055,26.98423957824707,1.6922084093093872,194.44268798828125,2.5977375507354736,448.79638671875,2.9547377380367834e-06,1.1654562870333507e-09,5.0485005378723145,37.109947204589844,50.96965408325195,0.0755104050040245,11.693930625915527,0.41136518120765686
249,87760.91996875,100367.46875,87757.830234375,1.431366795063019,3.3164550714492798,1.0,0.5,4.047323226928711,1080.332275390625,12.130500793457031,0.1579952836036682,0.9528487920761108,6.34278678894043,1.0025386810302734,37.948936462402344,1.8706004619598389,37.69498825073242,1.1902364492416382,23.947372436523438,0.6306983232498169,0.10559423267841339,8.178027153015137,27.56081199645996,1.6516033411026,189.71676635742188,2.5706961154937744,443.10699462890625,2.9547377380367834e-06,1.1654562870333507e-09,5.10474157333374,37.8603630065918,51.01570510864258,0.07529384642839432,11.69491958618164,0.4037593901157379
250,90028.2991875,152489.890625,90025.28953125,1.4500573663711547,3.1195415802001953,1.0,0.5,4.115568161010742,1374.922607421875,12.213889122009277,0.16979655623435974,0.9258033633232117,6.149369239807129,0.969812273979187,36.116615295410156,1.8111507892608643,36.32754135131836,1.144369125366211,23.22930908203125,0.6306983232498169,0.10559423267841339,8.110893249511719,27.99642562866211,1.720485806465149,201.46009826660156,2.5862603187561035,445.3809509277344,2.9547377380367834e-06,1.1654562870333507e-09,5.205295085906982,38.5731315612793,51.058284759521484,0.07553356140851974,11.88071060180664,0.41507118940353394
251,82171.97265625,82153.46875,82169.0298125,1.4330994672775268,3.0200946226119996,1.0,0.5,3.967968702316284,951.98095703125,12.494659423828125,0.18701407313346863,0.9134036302566528,6.057034492492676,0.9776337742805481,36.425540924072266,1.8185290098190308,36.153316497802734,1.1352171897888184,23.058053970336914,0.6306983232498169,0.10559423267841339,7.946407794952393,26.837242126464844,1.6583058834075928,194.5375213623047,2.605945110321045,448.0415954589844,2.9547377380367834e-06,1.1654562870333507e-09,4.966749668121338,36.73405075073242,51.123382568359375,0.07526537775993347,11.500449180603027,0.4072898328304291
252,85680.67690625,71574.921875,85677.661875,1.4837291746139527,3.061817554473877,1.0,0.5,3.893503189086914,873.0393676757812,12.196213722229004,0.1798763871192932,0.9128559231758118,6.0052385330200195,0.989951491355896,37.62596130371094,1.7844170331954956,35.99028396606445,1.1807447671890259,24.206884384155273,0.6306983232498169,0.10559423267841339,7.81846809387207,26.921894073486328,1.5839248895645142,192.64541625976562,2.5567688941955566,444.1761779785156,2.9547377380367834e-06,1.1654562870333507e-09,4.988018989562988,36.957550048828125,51.0533332824707,0.07556599378585815,11.527761459350586,0.4094938337802887
253,96385.45490625,62062.17578125,96382.31140625,1.4446928091049194,3.3973395109176634,1.0,0.5,3.8061394691467285,792.9608154296875,12.083436965942383,0.1627161055803299,0.9362831711769104,6.126185417175293,0.951914370059967,36.987239837646484,1.7681410312652588,35.58928298950195,1.1445643901824951,23.843164443969727,0.6306983232498169,0.10559423267841339,7.650452136993408,25.93934440612793,1.6212774515151978,198.8536834716797,2.5595836639404297,441.8416442871094,2.9547377380367834e-06,1.1654562870333507e-09,5.056201457977295,37.15716552734375,51.22187805175781,0.0756419226527214,11.539925575256348,0.4048413336277008
254,91874.1700625,145507.484375,91871.194984375,1.4438541717529296,3.061996877670288,1.0,0.5,4.676154613494873,1333.9130859375,12.619267463684082,0.18745821714401245,0.9408783316612244,6.2991156578063965,1.001011848449707,38.4071044921875,1.8506486415863037,37.388179779052734,1.1523772478103638,23.784196853637695,0.6306983232498169,0.10559423267841339,7.8993821144104,27.405336380004883,1.689246654510498,200.27671813964844,2.5852456092834473,460.3758544921875,2.9547377380367834e-06,1.1654562870333507e-09,5.054544448852539,38.366153717041016,51.0396842956543,0.07569825649261475,11.651577949523926,0.4101692736148834
255,91075.689375,102556.2578125,91072.67065625,1.4665328221321106,3.1042266445159914,1.0,0.5,4.2853803634643555,1093.6171875,12.646050453186035,0.19463558495044708,0.9564768671989441,6.32766056060791,0.9754984378814697,37.37464141845703,1.8026374578475952,35.789154052734375,1.1637636423110962,23.950693130493164,0.6306983232498169,0.10559423267841339,7.8050761222839355,26.72784423828125,1.6263954639434814,196.32998657226562,2.5871269702911377,442.4850769042969,2.9547377380367834e-06,1.1654562870333507e-09,5.045683860778809,37.70964050292969,51.37047576904297,0.07579538971185684,11.638667106628418,0.4084491729736328
256,97286.47865625,69118.6640625,97283.48734375,1.4446378026008606,3.0929351873397826,1.0,0.5,4.162851810455322,853.17919921875,12.573899269104004,0.19905303418636322,0.9181972742080688,6.042941093444824,0.9689680337905884,37.158817291259766,1.8014233112335205,36.057254791259766,1.1739614009857178,23.9007511138916,0.6306983232498169,0.10559423267841339,7.879481315612793,26.98952293395996,1.6183744668960571,191.96144104003906,2.5724802017211914,444.4178466796875,2.9547377380367834e-06,1.1654562870333507e-09,4.961949348449707,36.75058364868164,50.792930603027344,0.07510565221309662,11.211593627929688,0.39258357882499695
257,95324.3715625,95464.1953125,95321.194640625,1.4711178874969482,3.411289939880371,1.0,0.5,3.7964587211608887,1048.9222412109375,11.595626831054688,0.1505146026611328,0.942205548286438,6.262522220611572,0.9642680287361145,37.19755554199219,1.816057801246643,36.68424606323242,1.1287486553192139,23.177785873413086,0.6306983232498169,0.10559423267841339,7.656660556793213,26.6071834564209,1.6286267042160034,192.8070831298828,2.5022263526916504,440.00146484375,2.9547377380367834e-06,1.1654562870333507e-09,5.149240016937256,38.063682556152344,51.29872512817383,0.07564001530408859,11.682801246643066,0.4003940224647522
258,91078.27003125,69384.34375,91075.37925,1.4734286222457886,2.834235213279724,1.0,0.5,4.030005931854248,848.2845458984375,12.153913497924805,0.17304308712482452,0.8846158981323242,5.828337669372559,0.9252980351448059,35.277137756347656,1.7643479108810425,35.50188064575195,1.103739857673645,22.87270164489746,0.6306983232498169,0.10559423267841339,7.606980800628662,26.24361801147461,1.6763752698898315,202.50294494628906,2.5759992599487305,453.4941101074219,2.9547377380367834e-06,1.1654562870333507e-09,5.006862640380859,36.83232498168945,51.21647644042969,0.07528822869062424,11.770644187927246,0.40954282879829407
259,93641.5161875,97967.09375,93638.57465625,1.4595193309783936,2.9645447597503662,1.0,0.5,4.071341514587402,1066.505126953125,11.78017520904541,0.16933123767375946,0.9094648361206055,6.028059482574463,0.9580391645431519,36.44213104248047,1.8152763843536377,36.38962173461914,1.1244380474090576,22.97422218322754,0.6306983232498169,0.10559423267841339,7.666238307952881,26.51106071472168,1.6603950262069702,193.32684326171875,2.484119176864624,437.560302734375,2.9547377380367834e-06,1.1654562870333507e-09,5.024570941925049,36.472068786621094,51.573062896728516,0.07563786953687668,11.44056510925293,0.4010537266731262
260,94076.73140625,120631.140625,94073.8089375,1.4467982649803162,2.9515870609283446,1.0,0.5,3.973451614379883,1202.164794921875,11.80345630645752,0.1777615249156952,0.932831883430481,6.186363220214844,0.9945662021636963,37.94902038574219,1.8219302892684937,36.72921371459961,1.138399600982666,23.74341583251953,0.6306983232498169,0.10559423267841339,7.584120273590088,26.436098098754883,1.6198281049728394,192.39730834960938,2.513676166534424,448.48699951171875,2.9547377380367834e-06,1.1654562870333507e-09,4.934681415557861,36.95558166503906,51.63041305541992,0.07588909566402435,11.139392852783203,0.39657631516456604
261,90465.39609375,119924.6171875,90462.5440625,1.4454923934936523,2.812881934165955,1.0,0.5,4.174605846405029,1198.264892578125,11.69079303741455,0.17758634686470032,0.9642848968505859,6.488863468170166,0.9658629298210144,37.256744384765625,1.8320558071136475,37.21626281738281,1.1025034189224243,22.793306350708008,0.6306983232498169,0.10559423267841339,7.911410331726074,26.183462142944336,1.5582674741744995,190.0298614501953,2.5142273902893066,448.8944396972656,2.9547377380367834e-06,1.1654562870333507e-09,5.136693477630615,38.0123405456543,51.725929260253906,0.07556647062301636,11.276947975158691,0.4043795168399811
262,92238.74934375,163610.3125,92235.9545,1.4200077526569366,2.750031270980835,1.0,0.5,4.051187038421631,1434.199951171875,11.454663276672363,0.16526514291763306,0.9409569501876831,6.27751350402832,0.963151752948761,35.857574462890625,1.8059972524642944,36.06184387207031,1.149067997932434,23.165367126464844,0.6306983232498169,0.10559423267841339,8.018784523010254,27.257387161254883,1.5998395681381226,192.29693603515625,2.5486021041870117,437.29766845703125,2.9547377380367834e-06,1.1654562870333507e-09,5.075709342956543,38.465816497802734,51.45429229736328,0.07505125552415848,11.07348346710205,0.3971860408782959
263,94741.6490625,91435.4609375,94738.76478125,1.4198316369056703,2.9294530477523804,1.0,0.5,4.270580291748047,1017.2698364257812,11.90943431854248,0.19911876320838928,0.8974898457527161,5.957381725311279,1.074684739112854,42.105655670166016,1.8622454404830933,37.53505325317383,1.259082317352295,27.413925170898438,0.6306983232498169,0.10559423267841339,7.717292785644531,26.95126724243164,1.6899656057357788,197.90365600585938,2.6096205711364746,447.2177429199219,2.9547377380367834e-06,1.1654562870333507e-09,4.937503337860107,37.03134536743164,51.51020812988281,0.07589180022478104,10.875407218933105,0.3916512131690979
264,100421.931359375,114419.6328125,100418.942046875,1.4345363273620606,3.1097571201324463,1.0,0.5,4.156026363372803,1166.3433837890625,11.641520500183105,0.17538675665855408,0.9240345358848572,6.134970664978027,0.9474737644195557,36.12553405761719,1.7526130676269531,35.5621452331543,1.1383408308029175,23.19195556640625,0.6306983232498169,0.10559423267841339,7.712839603424072,27.136266708374023,1.6376463174819946,200.83627319335938,2.513784646987915,442.4541320800781,2.9547377380367834e-06,1.1654562870333507e-09,5.1716742515563965,38.89435958862305,51.218074798583984,0.07537331432104111,11.40129280090332,0.40547269582748413
265,100562.36784375,143758.203125,100559.599625,1.3922020902633667,2.75160408115387,1.0,0.5,4.237668991088867,1330.9127197265625,11.858011245727539,0.19458910822868347,0.8958051800727844,5.954644680023193,0.931088924407959,35.4600715637207,1.770782232284546,35.868675231933594,1.1351523399353027,22.878210067749023,0.6306983232498169,0.10559423267841339,7.7062883377075195,26.346839904785156,1.6681389808654785,199.88998413085938,2.5067708492279053,442.80389404296875,2.9547377380367834e-06,1.1654562870333507e-09,5.008725166320801,37.882686614990234,51.12529373168945,0.07492698729038239,11.307312965393066,0.4021361768245697
266,101817.5619375,97669.3828125,101813.880203125,1.4244993438720703,4.515294603347778,1.0,0.5,3.8646042346954346,1059.472412109375,11.23963737487793,0.1685619205236435,0.9067942500114441,5.9470648765563965,0.9898773431777954,37.87675094604492,1.8023666143417358,36.73092269897461,1.1832447052001953,24.45877456665039,0.6306983232498169,0.10559423267841339,7.693526744842529,26.88790512084961,1.708571195602417,199.89906311035156,2.50805401802063,446.62652587890625,2.9547377380367834e-06,1.1654562870333507e-09,4.885513782501221,35.93711471557617,51.40154266357422,0.07547969371080399,10.740694999694824,0.3921430706977844
267,90085.110359375,98610.6640625,90082.213984375,1.4672476906776428,2.858439624786377,1.0,0.5,4.010674953460693,1065.5228271484375,10.965507507324219,0.15874803066253662,0.9267273545265198,6.1358819007873535,0.9456068277359009,36.20461654663086,1.8385909795761108,36.88768768310547,1.1132341623306274,22.584320068359375,0.6306983232498169,0.10559423267841339,7.856671333312988,26.798582077026367,1.705837607383728,200.42440795898438,2.4786083698272705,446.8922119140625,2.9547377380367834e-06,1.1654562870333507e-09,5.076066970825195,36.98968505859375,51.09807205200195,0.07488928735256195,10.822458267211914,0.3908853232860565
268,95714.69521875,74557.8984375,95711.853296875,1.453025691986084,2.7778090391159056,1.0,0.5,3.663477659225464,892.6508178710938,11.647536277770996,0.20093977451324463,0.9190152287483215,6.0222039222717285,0.9959415793418884,38.525733947753906,1.8067039251327515,36.33974838256836,1.1782389879226685,24.858333587646484,0.6306983232498169,0.10559423267841339,7.777032375335693,25.89980125427246,1.668652892112732,195.96420288085938,2.5498881340026855,450.60986328125,2.9547377380367834e-06,1.1654562870333507e-09,5.01086950302124,37.17155838012695,50.99399185180664,0.07476004213094711,10.512245178222656,0.38465195894241333
269,98867.168046875,104693.90625,98864.391890625,1.4461422548294067,2.6598472537994384,1.0,0.5,3.9732673168182373,1104.8134765625,11.196508407592773,0.1689687967300415,0.9481130242347717,6.225242614746094,1.0091681480407715,39.57734298706055,1.8098831176757812,37.17462158203125,1.176527738571167,25.503948211669922,0.6306983232498169,0.10559423267841339,7.3750200271606445,26.316373825073242,1.6203863620758057,197.85580444335938,2.479701042175293,447.47723388671875,2.9547377380367834e-06,1.1654562870333507e-09,4.995822906494141,36.96842575073242,51.09209442138672,0.07542126625776291,10.467711448669434,0.38910427689552307
270,102741.80703125,67707.6484375,102739.0026875,1.4476934123039245,2.7126217975616456,1.0,0.5,4.341614246368408,835.3253784179688,11.900364875793457,0.20017671585083008,0.9083206057548523,6.028721809387207,0.9956366419792175,36.88115310668945,1.763259768486023,34.83762741088867,1.2355273962020874,25.02132797241211,0.6306983232498169,0.10559423267841339,7.51096773147583,26.024253845214844,1.7758082151412964,214.3850555419922,2.5628583431243896,446.00445556640625,2.9547377380367834e-06,1.1654562870333507e-09,4.942549228668213,36.34888458251953,51.10859298706055,0.07509271055459976,11.180212020874023,0.39989030361175537
271,95537.65034375,210676.28125,95534.7778125,1.468250298023224,2.8090418748855592,1.0,0.5,4.346369743347168,1647.192138671875,11.355107307434082,0.176430344581604,0.9314136505126953,6.26032018661499,0.9677922129631042,36.57405090332031,1.8369243144989014,36.599586486816406,1.1613328456878662,23.41448402404785,0.6306983232498169,0.10559423267841339,7.665095329284668,26.93798065185547,1.6700730323791504,200.3126220703125,2.430920362472534,436.5740966796875,2.9547377380367834e-06,1.1654562870333507e-09,5.051894187927246,38.60453414916992,51.153778076171875,0.07450435310602188,11.049680709838867,0.4011426866054535
272,96684.7450625,137888.484375,96681.93453125,1.4167572021484376,2.7870410552024842,1.0,0.5,5.132028102874756,1288.2965087890625,12.552738189697266,0.23489205539226532,0.889768660068512,6.023844242095947,1.0938165187835693,42.76620101928711,1.9332282543182373,39.615787506103516,1.2570379972457886,26.893123626708984,0.6306983232498169,0.10559423267841339,8.054854393005371,27.5751953125,1.7823673486709595,207.9165802001953,2.549922227859497,470.3482971191406,2.9547377380367834e-06,1.1654562870333507e-09,5.027976989746094,36.51069641113281,51.439125061035156,0.07597599178552628,11.322614669799805,0.4161442518234253
273,103655.699515625,109455.984375,103652.896828125,1.4388065891265869,2.7269092903137206,1.0,0.5,4.7299675941467285,1134.2769775390625,12.066487312316895,0.20761969685554504,0.9295852184295654,6.126682758331299,1.0225400924682617,39.81117248535156,1.86255943775177,37.02577209472656,1.2103660106658936,26.210037231445312,0.6306983232498169,0.10559423267841339,7.88176155090332,25.942657470703125,1.7124953269958496,200.4130859375,2.5217013359069824,447.17205810546875,2.9547377380367834e-06,1.1654562870333507e-09,4.890145778656006,35.985660552978516,51.20631408691406,0.07496360689401627,10.742719650268555,0.39372867345809937
274,97540.4043125,97905.015625,97537.584984375,1.4517808165550232,2.734905035972595,1.0,0.5,4.854855537414551,1061.6536865234375,11.337986946105957,0.17055779695510864,0.9052345752716064,6.095221996307373,0.9385098814964294,36.37529754638672,1.8052163124084473,36.706974029541016,1.0865652561187744,22.50880241394043,0.6306983232498169,0.10559423267841339,8.18075942993164,26.318119049072266,1.580706238746643,189.5029296875,2.5002613067626953,449.8163757324219,2.9547377380367834e-06,1.1654562870333507e-09,4.9664387702941895,37.22153091430664,50.9612922668457,0.07474318146705627,10.585878372192383,0.3940500319004059
275,109694.3283125,218547.890625,109691.637671875,1.465293782711029,2.4514732265472414,1.0,0.5,4.378076076507568,1680.630859375,11.084701538085938,0.16966770589351654,0.8993115425109863,6.238532066345215,0.9277074337005615,35.412357330322266,1.7546594142913818,35.22469711303711,1.0897890329360962,22.5347957611084,0.6306983232498169,0.10559423267841339,7.479101181030273,25.847946166992188,1.5254310369491577,190.27438354492188,2.460860013961792,440.2091064453125,2.9547377380367834e-06,1.1654562870333507e-09,4.858908653259277,37.80101013183594,50.973297119140625,0.07453690469264984,10.578778266906738,0.39259210228919983
276,111632.380328125,219894.65625,111629.55853125,1.435700963973999,2.771492750167847,1.0,0.5,4.920801162719727,1681.6788330078125,11.676065444946289,0.17480801045894623,0.9226224422454834,6.261030197143555,0.9484267830848694,36.41114807128906,1.8105026483535767,36.17699432373047,1.0891166925430298,22.42267608642578,0.6306983232498169,0.10559423267841339,8.003434181213379,25.978729248046875,1.655693531036377,193.7541961669922,2.559925079345703,455.7113952636719,2.9547377380367834e-06,1.1654562870333507e-09,4.943783283233643,37.3224983215332,51.300846099853516,0.07463714480400085,10.572271347045898,0.39816907048225403
277,116476.03684375,141025.125,116473.107890625,1.4295396881103515,2.9982155055999757,1.0,0.5,4.02986478805542,1318.073486328125,11.033890724182129,0.15908651053905487,0.8868907690048218,6.01240348815918,0.933165967464447,35.383758544921875,1.718440294265747,34.506656646728516,1.100583791732788,22.93811798095703,0.6306983232498169,0.10559423267841339,7.653459072113037,26.071237564086914,1.5730897188186646,201.97303771972656,2.473243236541748,437.2101745605469,2.9547377380367834e-06,1.1654562870333507e-09,5.030874252319336,37.156715393066406,51.55084228515625,0.07529458403587341,10.786197662353516,0.39758041501045227
278,106827.75515625,76463.578125,106825.0011875,1.4315835437774658,2.6455183277130128,1.0,0.5,4.037193775177002,908.102294921875,11.322165489196777,0.17624147236347198,0.9023674726486206,5.994033336639404,0.9994568228721619,38.322113037109375,1.8203405141830444,36.654624938964844,1.1612552404403687,24.586959838867188,0.6306983232498169,0.10559423267841339,7.77004337310791,25.975234985351562,1.6742067337036133,198.81658935546875,2.4790444374084473,448.2976379394531,2.9547377380367834e-06,1.1654562870333507e-09,4.829311847686768,34.51763153076172,51.35533905029297,0.07531479746103287,10.07397747039795,0.3784525692462921
279,105514.80409375,173434.84375,105511.952421875,1.4376621170043946,2.8279725255966186,1.0,0.5,4.574522495269775,1474.809326171875,11.43315315246582,0.18846245110034943,0.9087933897972107,6.22269344329834,0.9860570430755615,38.65158462524414,1.8147594928741455,36.628665924072266,1.1753365993499756,25.683639526367188,0.6306983232498169,0.10559423267841339,7.540102958679199,26.52969741821289,1.6326947212219238,198.13548278808594,2.592900276184082,456.29229736328125,2.9547377380367834e-06,1.1654562870333507e-09,4.7258195877075195,36.11314010620117,50.60906219482422,0.07457185536623001,9.849453926086426,0.37163466215133667
280,97920.099421875,76368.828125,97917.2635,1.4317532444000245,2.807279469490051,1.0,0.5,4.312199115753174,923.1359252929688,10.785621643066406,0.16811001300811768,0.8746565580368042,5.990796089172363,1.0283088684082031,38.428592681884766,1.7954375743865967,36.024925231933594,1.2123003005981445,24.47071075439453,0.6306983232498169,0.10559423267841339,7.459311008453369,25.68903160095215,1.6749626398086548,187.4604034423828,2.4045941829681396,420.0733337402344,2.9547377380367834e-06,1.1654562870333507e-09,4.7219014167785645,35.89767074584961,50.99445724487305,0.07465988397598267,10.081742286682129,0.3745138943195343
281,98968.75903125,109017.53125,98965.996140625,1.4719184947013855,2.5828806247711182,1.0,0.5,3.926292896270752,1139.469970703125,9.946134567260742,0.15493355691432953,0.8633764386177063,5.8394036293029785,0.9456982612609863,36.25290298461914,1.7845263481140137,36.057701110839844,1.1055024862289429,22.9102725982666,0.6306983232498169,0.10559423267841339,7.817251205444336,26.950984954833984,1.5247310400009155,188.09185791015625,2.4467883110046387,432.7372131347656,2.9547377380367834e-06,1.1654562870333507e-09,4.837442398071289,35.934566497802734,50.39663314819336,0.07377009838819504,9.956927299499512,0.3758733868598938
282,96514.5986875,209598.078125,96511.681625,1.4602075233459473,2.9147031240463255,1.0,0.5,4.266064167022705,1640.0277099609375,10.622589111328125,0.18198040127754211,0.8728350400924683,5.997720718383789,0.9531090259552002,37.62508773803711,1.76389741897583,35.719051361083984,1.112419605255127,24.213685989379883,0.6306983232498169,0.10559423267841339,7.742208480834961,26.230051040649414,1.5531400442123413,202.0206298828125,2.5444259643554688,445.4486389160156,2.9547377380367834e-06,1.1654562870333507e-09,4.851803302764893,37.692543029785156,50.600868225097656,0.07433277368545532,10.109227180480957,0.3839506506919861
283,113320.32709375,170265.5,113317.3589375,1.4628313765525818,3.0097493162155153,1.0,0.5,4.3919997215271,1455.0853271484375,10.273865699768066,0.1483888179063797,0.8689041137695312,5.871426582336426,0.9251771569252014,35.15704345703125,1.760298728942871,35.76298141479492,1.044006586074829,21.736894607543945,0.6306983232498169,0.10559423267841339,7.880190849304199,26.524559020996094,1.5930447578430176,208.30201721191406,2.5122389793395996,466.9115905761719,2.9547377380367834e-06,1.1654562870333507e-09,4.931745529174805,36.04465103149414,50.23503112792969,0.07333576679229736,10.179302215576172,0.3790034055709839
284,111985.0625625,83935.4609375,111982.347921875,1.4277158460617065,2.573754140853882,1.0,0.5,4.518163204193115,963.68115234375,11.582202911376953,0.1676107496023178,0.8863911032676697,5.857378005981445,0.9372081756591797,37.421817779541016,1.7915146350860596,36.943443298339844,1.132541298866272,24.07791519165039,0.6306983232498169,0.10559423267841339,7.532273769378662,25.307178497314453,1.5088151693344116,197.18310546875,2.4007763862609863,449.55230712890625,2.9547377380367834e-06,1.1654562870333507e-09,4.853248119354248,37.336795806884766,50.86701583862305,0.07510178536176682,9.98340129852295,0.37449559569358826
285,103796.7805625,92670.84375,103793.99521875,1.460126536846161,2.6507947835922243,1.0,0.5,4.121432304382324,1027.09033203125,11.057623863220215,0.1668401062488556,0.854684591293335,5.807313919067383,0.8907859325408936,34.31342315673828,1.7454869747161865,35.13609313964844,1.0520707368850708,21.878131866455078,0.6306983232498169,0.10559423267841339,7.42177677154541,25.48967170715332,1.6927741765975952,202.95571899414062,2.4512033462524414,443.1954345703125,2.9547377380367834e-06,1.1654562870333507e-09,4.715810298919678,35.598594665527344,51.10940170288086,0.07461859285831451,10.560229301452637,0.3780537545681
286,111029.696734375,115128.5703125,111026.813046875,1.479833595275879,2.808944125175476,1.0,0.5,4.092185020446777,1159.5897216796875,10.245990753173828,0.14358529448509216,0.8608829379081726,5.92423152923584,0.9295089244842529,35.262813568115234,1.7371529340744019,34.61069869995117,1.1116852760314941,22.746707916259766,0.6306983232498169,0.10559423267841339,7.404809474945068,24.254207611083984,1.7797996997833252,220.97238159179688,2.5262556076049805,461.9846496582031,2.9547377380367834e-06,1.1654562870333507e-09,4.709352016448975,35.8929557800293,51.04670715332031,0.07412850856781006,10.51368236541748,0.3983154892921448
287,100572.07515625,86459.7421875,100569.370890625,1.4498235902786254,2.5089695835113526,1.0,0.5,3.9347503185272217,977.6641235351562,10.43443489074707,0.14034894108772278,0.850718080997467,5.758584022521973,0.974673867225647,37.52153396606445,1.7454653978347778,35.48044204711914,1.1181352138519287,23.998979568481445,0.6306983232498169,0.10559423267841339,7.058404922485352,24.72184181213379,1.7122057676315308,213.98460388183594,2.393564462661743,451.2561950683594,2.9547377380367834e-06,1.1654562870333507e-09,4.858871936798096,35.7525520324707,51.63608932495117,0.075931616127491,10.787166595458984,0.39575108885765076
288,112354.125015625,122476.8671875,112351.336296875,1.4608359060287475,2.6562191190719604,1.0,0.5,4.212796688079834,1217.2374267578125,10.402363777160645,0.14593778550624847,0.8548122644424438,5.743223190307617,1.030900001525879,39.674217224121094,1.845039963722229,36.380950927734375,1.1793559789657593,25.743404388427734,0.6306983232498169,0.10559423267841339,7.4341535568237305,25.09351921081543,1.7723487615585327,196.3491973876953,2.5266637802124023,434.61444091796875,2.9547377380367834e-06,1.1654562870333507e-09,4.803191661834717,36.346012115478516,51.27690887451172,0.07487059384584427,10.45471477508545,0.3890743851661682
289,106463.690046875,91111.578125,106460.876390625,1.4779176297187806,2.671398578643799,1.0,0.5,4.273375034332275,1014.8447875976562,11.516029357910156,0.1822955310344696,0.87321537733078,5.88357400894165,0.9726011157035828,38.88549041748047,1.8554840087890625,37.27809143066406,1.125190258026123,24.451942443847656,0.6306983232498169,0.10559423267841339,7.85594367980957,25.340774536132812,1.6713095903396606,197.97048950195312,2.464630126953125,448.2550354003906,2.9547377380367834e-06,1.1654562870333507e-09,4.705353260040283,36.44947814941406,51.28543472290039,0.07521576434373856,10.152729988098145,0.3782835304737091
290,100769.49015625,72870.125,100766.660125,1.4636611261367798,2.731442868232727,1.0,0.5,4.324056148529053,881.8925170898438,10.111054420471191,0.14160408079624176,0.8740792274475098,5.939951419830322,0.9385216236114502,36.28914260864258,1.706578254699707,34.47450256347656,1.1307744979858398,23.30141830444336,0.6306983232498169,0.10559423267841339,7.357455253601074,24.439565658569336,1.5172438621520996,195.78921508789062,2.498969554901123,446.2571105957031,2.9547377380367834e-06,1.1654562870333507e-09,4.640313625335693,35.56153869628906,51.4205322265625,0.0748991072177887,9.889110565185547,0.38390588760375977
291,103634.97109375,107303.1015625,103632.45375,1.4039508361816406,2.227543978691101,1.0,0.5,4.369570732116699,1130.408203125,10.04830551147461,0.13791120052337646,0.8997079730033875,5.906262397766113,0.9100072383880615,35.69668197631836,1.7301573753356934,35.0431022644043,1.100406289100647,23.414920806884766,0.6306983232498169,0.10559423267841339,7.291325092315674,26.030879974365234,1.5253503322601318,192.0981903076172,2.448807954788208,427.1418151855469,2.9547377380367834e-06,1.1654562870333507e-09,4.7815656661987305,35.82582092285156,51.876617431640625,0.0755104273557663,9.639973640441895,0.3717726767063141
292,110734.324375,141237.5,110731.70290625,1.4459489078521728,2.3510168552398683,1.0,0.5,4.437734603881836,1313.7255859375,10.405616760253906,0.16206927597522736,1.0039187669754028,6.777544021606445,0.9634081125259399,36.97222137451172,1.84326171875,36.59642791748047,1.153998851776123,23.402690887451172,0.6306983232498169,0.10559423267841339,8.054677963256836,26.234405517578125,1.6510850191116333,198.1852264404297,2.4769439697265625,454.6849060058594,2.9547377380367834e-06,1.1654562870333507e-09,5.023906230926514,37.727455139160156,51.426876068115234,0.07495949417352676,9.933109283447266,0.3736027777194977
293,112762.340125,76308.71875,112759.5693125,1.4537013607025147,2.6354630441665647,1.0,0.5,3.8451473712921143,913.0108642578125,9.692012786865234,0.13719533383846283,0.9089230298995972,5.953370094299316,0.9156391024589539,35.29774856567383,1.8223921060562134,36.473915100097656,1.0686506032943726,21.90869140625,0.6306983232498169,0.10559423267841339,8.212693214416504,26.786087036132812,1.633810043334961,199.0069122314453,2.3992886543273926,435.8619689941406,2.9547377380367834e-06,1.1654562870333507e-09,5.030580997467041,36.36345672607422,52.015281677246094,0.07545984536409378,10.137276649475098,0.3803569972515106
294,105649.24365625,131826.5,105646.32440625,1.4537342042922974,2.93011893081665,1.0,0.5,5.058069705963135,1257.9644775390625,11.33701229095459,0.1681777536869049,0.9237049221992493,6.14293098449707,0.9923393130302429,38.36954879760742,1.944697618484497,39.25444793701172,1.1136537790298462,22.666099548339844,0.6306983232498169,0.10559423267841339,8.631451606750488,26.537025451660156,1.5915460586547852,193.8432159423828,2.556898832321167,468.98858642578125,2.9547377380367834e-06,1.1654562870333507e-09,4.817885398864746,35.76099395751953,51.66423416137695,0.07529536634683609,10.13386058807373,0.377135694026947
295,126575.54878125,114668.1328125,126572.63540625,1.4489256558418273,2.9282954568862913,1.0,0.5,4.682255744934082,1165.87255859375,11.463029861450195,0.1967315524816513,0.8887615203857422,6.037400245666504,0.9906694293022156,38.55839157104492,1.8300641775131226,37.34693908691406,1.1236822605133057,23.821168899536133,0.6306983232498169,0.10559423267841339,7.672198295593262,26.365365982055664,1.570644736289978,190.7792205810547,2.4269115924835205,451.7712097167969,2.9547377380367834e-06,1.1654562870333507e-09,4.766047954559326,37.38790512084961,52.01307678222656,0.07533688843250275,9.939955711364746,0.37303388118743896
296,110292.0526875,103359.875,110289.22184375,1.4419498453140258,2.7769913454055786,1.0,0.5,4.996079921722412,1101.01318359375,10.59836483001709,0.1561729907989502,0.9101982116699219,6.278263568878174,0.9774380326271057,37.50661087036133,1.846933364868164,36.02173614501953,1.1662391424179077,24.432647705078125,0.6306983232498169,0.10559423267841339,7.350541114807129,25.495655059814453,1.6915383338928223,202.19606018066406,2.456231117248535,434.31036376953125,2.9547377380367834e-06,1.1654562870333507e-09,4.715477466583252,35.857666015625,51.95687484741211,0.07535423338413239,9.932638168334961,0.37327781319618225
297,117697.78084375,87025.1796875,117694.86084375,1.4580096502304076,2.9248499298095703,1.0,0.5,4.279501914978027,984.8905639648438,10.849424362182617,0.17501898109912872,0.9245288372039795,6.1046648025512695,0.9973345994949341,37.87823486328125,1.785075306892395,35.9160041809082,1.1686936616897583,23.687307357788086,0.6306983232498169,0.10559423267841339,8.208910942077637,26.28059196472168,1.6823642253875732,199.33172607421875,2.5027685165405273,450.95892333984375,2.9547377380367834e-06,1.1654562870333507e-09,4.772449016571045,34.782161712646484,51.413387298583984,0.07453159242868423,10.080999374389648,0.38233324885368347
298,120169.184625,242564.984375,120166.418859375,1.4411168842315674,2.649599757194519,1.0,0.5,5.443963527679443,1769.0975341796875,11.457441329956055,0.19775399565696716,0.9248877167701721,6.383522987365723,1.0996291637420654,41.041385650634766,1.9155364036560059,38.13818359375,1.3050426244735718,26.4261531829834,0.6306983232498169,0.10559423267841339,8.387431144714355,27.434499740600586,1.79198157787323,206.52879333496094,2.5724995136260986,466.31195068359375,2.9547377380367834e-06,1.1654562870333507e-09,4.875648498535156,38.05788803100586,52.25446701049805,0.07577407360076904,10.110710144042969,0.3890349268913269
299,122704.8833125,128167.5,122701.93075,1.4248507566452027,3.0547347497940063,1.0,0.5,4.7439751625061035,1246.091796875,10.518745422363281,0.16171909868717194,0.8621764183044434,5.898798942565918,0.9156913757324219,35.427608489990234,1.777281403541565,36.62623596191406,1.0494139194488525,21.826412200927734,0.6306983232498169,0.10559423267841339,7.624770164489746,24.254121780395508,1.6368786096572876,202.4842071533203,2.4503378868103027,442.1919250488281,2.9547377380367834e-06,1.1654562870333507e-09,4.658142566680908,36.719154357910156,52.52788543701172,0.07536095380783081,9.89429759979248,0.3691883981227875
300,107961.426796875,125963.5390625,107958.391109375,1.441174765110016,3.1895695934295656,1.0,0.5,6.82658052444458,1204.2130126953125,16.877145767211914,0.4658311903476715,0.8285852074623108,5.545838832855225,1.0500354766845703,41.741207122802734,1.9456870555877686,39.79930114746094,1.224366307258606,26.80348014831543,0.6306983232498169,0.10559423267841339,8.562731742858887,27.482128143310547,1.942492127418518,224.910888671875,2.807873249053955,506.580078125,2.9547377380367834e-06,1.1654562870333507e-09,4.774169445037842,36.03236389160156,51.709556579589844,0.07525519281625748,10.650734901428223,0.3953302204608917
301,110917.46975,168012.3125,110914.752125,1.4592729659080506,2.516809510231018,1.0,0.5,4.148797035217285,1460.8961181640625,9.633045196533203,0.12096240371465683,0.9227089881896973,6.219150066375732,0.9870280623435974,37.44974136352539,1.7922680377960205,36.430782318115234,1.176735520362854,23.45656967163086,0.6306983232498169,0.10559423267841339,7.979788780212402,25.893476486206055,1.6028265953063965,185.81201171875,2.336142063140869,421.9349670410156,2.9547377380367834e-06,1.1654562870333507e-09,4.764561176300049,37.256492614746094,51.94880294799805,0.07488898187875748,9.852020263671875,0.3747064173221588
302,109184.721,221746.8125,109182.048109375,1.4200117831230163,2.506805111885071,1.0,0.5,6.225244522094727,1684.724365234375,12.414443016052246,0.24054326117038727,0.8683782815933228,5.967245101928711,0.9281942844390869,35.003116607666016,1.7905278205871582,34.93906021118164,1.1305757761001587,23.148902893066406,0.6306983232498169,0.10559423267841339,7.667628765106201,25.881868362426758,1.6319185495376587,206.91574096679688,2.5338940620422363,467.0056457519531,2.9547377380367834e-06,1.1654562870333507e-09,4.917926788330078,39.24091720581055,50.45761489868164,0.07318028807640076,9.996609687805176,0.3932532072067261
303,110334.33959375,78658.9921875,110331.5928125,1.428335410118103,2.6382514925003053,1.0,0.5,4.690129280090332,925.036376953125,10.72376823425293,0.1587381511926651,0.9106309413909912,6.133082866668701,0.9957133531570435,39.10953903198242,1.7952669858932495,36.33376693725586,1.1838792562484741,25.37967872619629,0.6306983232498169,0.10559423267841339,7.158234119415283,24.09596061706543,1.6165975332260132,195.38099670410156,2.4879400730133057,449.3077392578125,2.9547377380367834e-06,1.1654562870333507e-09,4.725099563598633,36.70941162109375,51.46946716308594,0.07501685619354248,9.399693489074707,0.3590473532676697
304,121503.13765625,105330.046875,121500.23890625,1.4569759335517882,2.8831468744277955,1.0,0.5,4.814010143280029,1094.333740234375,11.549450874328613,0.19522415101528168,0.8800716996192932,5.855159282684326,0.9438939094543457,37.35034942626953,1.8255054950714111,37.965023040771484,1.0633652210235596,23.066736221313477,0.6306983232498169,0.10559423267841339,7.57208776473999,24.786958694458008,1.593712568283081,205.11619567871094,2.5787851810455322,479.27069091796875,2.9547377380367834e-06,1.1654562870333507e-09,4.656198024749756,35.2337532043457,52.07383728027344,0.07612193375825882,9.678170204162598,0.3794694244861603
305,121496.0886875,93085.40625,121493.40078125,1.4290961458683014,2.5170706787109376,1.0,0.5,4.56754732131958,1026.0526123046875,9.938735008239746,0.16406887769699097,0.8755606412887573,5.8246941566467285,1.0191375017166138,39.29179763793945,1.8001623153686523,37.230655670166016,1.16020929813385,23.812877655029297,0.6306983232498169,0.10559423267841339,7.815823078155518,24.871479034423828,1.6346588134765625,204.41366577148438,2.448895215988159,450.5675964355469,2.9547377380367834e-06,1.1654562870333507e-09,4.890950679779053,37.99185562133789,51.900421142578125,0.0751081258058548,9.884395599365234,0.3785167336463928
306,107068.5331875,142436.8125,107065.619578125,1.4320870089530944,2.9622398872375486,1.0,0.5,4.2841796875,1329.2998046875,9.30666732788086,0.1165541484951973,0.8436224460601807,5.7466816902160645,0.9148675203323364,35.04610824584961,1.7097443342208862,34.93521499633789,1.0692753791809082,22.164234161376953,0.6306983232498169,0.10559423267841339,7.001433372497559,24.660322189331055,1.5229530334472656,193.02304077148438,2.330252170562744,430.152099609375,2.9547377380367834e-06,1.1654562870333507e-09,4.64108943939209,34.426185607910156,51.24020004272461,0.07427369803190231,9.883003234863281,0.38070765137672424
307,105155.11871875,159042.390625,105152.45459375,1.4057877821922302,2.516460391998291,1.0,0.5,4.698555946350098,1421.3250732421875,9.65124225616455,0.12178874760866165,0.860595166683197,5.791943550109863,0.91620934009552,35.4144401550293,1.7147833108901978,35.515647888183594,1.0768415927886963,22.19179916381836,0.6306983232498169,0.10559423267841339,6.972984313964844,25.3970947265625,1.6327595710754395,189.1998291015625,2.287842035293579,407.0213317871094,2.9547377380367834e-06,1.1654562870333507e-09,4.634577751159668,35.448856353759766,51.06398391723633,0.07318528741598129,9.87880802154541,0.38306552171707153
308,115051.675890625,202016.609375,115049.0331875,1.438222056388855,2.409540114402771,1.0,0.5,4.683499336242676,1619.03369140625,9.364058494567871,0.10631746798753738,0.8707863092422485,6.095037460327148,0.9029014706611633,35.1054573059082,1.6999986171722412,35.689430236816406,1.0739142894744873,22.01372718811035,0.6306983232498169,0.10559423267841339,7.081140518188477,24.205821990966797,1.5696125030517578,179.39320373535156,2.2561352252960205,412.2414855957031,2.9547377380367834e-06,1.1654562870333507e-09,4.4626688957214355,34.65290451049805,52.16123580932617,0.07525273412466049,9.69196891784668,0.37624606490135193
309,127774.2746875,117460.875,127771.59834375,1.4049787740707398,2.5405369453430175,1.0,0.5,4.339829921722412,1189.841064453125,9.706144332885742,0.14554107189178467,0.9059466123580933,6.083290100097656,0.9028456211090088,34.634742736816406,1.723828673362732,34.821632385253906,1.0629469156265259,22.01703643798828,0.6306983232498169,0.10559423267841339,7.069418430328369,23.975427627563477,1.4839495420455933,196.8437042236328,2.3131420612335205,430.3818664550781,2.9547377380367834e-06,1.1654562870333507e-09,4.675899982452393,34.97855758666992,51.713951110839844,0.07449337840080261,9.527267456054688,0.3655824363231659
310,131345.78346875,106315.375,131343.1891875,1.4060879933834076,2.3752949438095095,1.0,0.5,4.38517951965332,1118.5218505859375,9.98883056640625,0.1382938176393509,0.8708958625793457,5.811731815338135,0.8896047472953796,34.28117752075195,1.760679841041565,35.64618682861328,1.0381898880004883,21.46657371520996,0.6306983232498169,0.10559423267841339,6.948861598968506,23.101423263549805,1.647494912147522,197.54296875,2.3701162338256836,440.10992431640625,2.9547377380367834e-06,1.1654562870333507e-09,4.462996959686279,33.27912139892578,52.57249450683594,0.07585116475820541,10.240437507629395,0.3769153952598572
311,127260.529,142486.9375,127257.938328125,1.4228626232147217,2.3374022636413576,1.0,0.5,5.243195056915283,1325.9906005859375,10.241116523742676,0.18444345891475677,0.8335479497909546,5.9066925048828125,1.1540521383285522,44.011940002441406,1.9305899143218994,37.25828170776367,1.3257513046264648,27.50501823425293,0.6306983232498169,0.10559423267841339,7.934471130371094,25.750110626220703,1.7940629720687866,203.87783813476562,2.500779628753662,434.64892578125,2.9547377380367834e-06,1.1654562870333507e-09,4.524476051330566,35.741539001464844,51.64628601074219,0.07504820078611374,9.728987693786621,0.3725910782814026
312,126217.82415625,108354.1953125,126215.15678125,1.4630271410942077,2.409625590324402,1.0,0.5,3.916041612625122,1131.1290283203125,9.676222801208496,0.15288768708705902,0.901736855506897,6.028696060180664,0.9250993132591248,34.80927276611328,1.7854799032211304,36.37919235229492,1.0671323537826538,21.5147647857666,0.6306983232498169,0.10559423267841339,7.513082027435303,24.63617706298828,1.7419477701187134,191.22740173339844,2.2934014797210693,442.83746337890625,2.9547377380367834e-06,1.1654562870333507e-09,4.506715774536133,34.19443893432617,52.02052688598633,0.07508587837219238,9.482370376586914,0.35977864265441895
313,111532.868578125,124041.1484375,111530.05834375,1.4173892152309417,2.7855935869216917,1.0,0.5,5.37665319442749,1211.2918701171875,9.200963020324707,0.13265986740589142,0.883676290512085,6.017002105712891,0.991830587387085,39.64268493652344,1.9424490928649902,40.4398307800293,1.1749714612960815,24.327409744262695,0.6306983232498169,0.10559423267841339,8.200231552124023,24.5776424407959,1.761831283569336,215.4494171142578,2.6236469745635986,465.8445129394531,2.9547377380367834e-06,1.1654562870333507e-09,4.906467914581299,38.1651611328125,51.165496826171875,0.0729287639260292,9.510809898376465,0.3724645972251892
314,114425.50875,146799.734375,114422.513921875,1.4256421093940734,3.138743913650513,1.0,0.5,4.130720138549805,1357.465087890625,9.99155044555664,0.17076896131038666,0.8824929594993591,6.214196681976318,0.9759108424186707,36.558658599853516,1.7629897594451904,34.97282028198242,1.1780025959014893,23.519790649414062,0.6306983232498169,0.10559423267841339,7.576258659362793,25.58136558532715,1.5501694679260254,193.87030029296875,2.2715539932250977,411.3767395019531,2.9547377380367834e-06,1.1654562870333507e-09,4.690930366516113,42.89437484741211,51.170074462890625,0.07424888759851456,9.323067665100098,0.36378881335258484
315,145498.28046875,241046.609375,145495.499953125,1.4443438305854797,2.671844042778015,1.0,0.5,4.701663017272949,1773.4609375,9.289483070373535,0.12350756675004959,0.8359341621398926,5.87034273147583,0.8904327750205994,34.0605583190918,1.7188094854354858,34.620216369628906,1.0511651039123535,21.036333084106445,0.6306983232498169,0.10559423267841339,7.344224452972412,26.416223526000977,1.533333420753479,198.64569091796875,2.3315653800964355,430.29608154296875,2.9547377380367834e-06,1.1654562870333507e-09,4.564795017242432,36.30032730102539,51.25689697265625,0.07394325733184814,9.122230529785156,0.3665147125720978
316,121329.426015625,80305.859375,121326.652875,1.4217134590148925,2.70382036113739,1.0,0.5,3.9496400356292725,941.708740234375,10.064327239990234,0.1651679277420044,0.8101614117622375,5.540799140930176,0.8800304532051086,35.143184661865234,1.6680458784103394,36.105323791503906,1.0169622898101807,21.981014251708984,0.6306983232498169,0.10559423267841339,7.133549690246582,24.938154220581055,1.5875624418258667,191.70718383789062,2.312352418899536,442.437744140625,2.9547377380367834e-06,1.1654562870333507e-09,4.531615734100342,35.59580612182617,52.23029708862305,0.07575474679470062,9.10603141784668,0.368800550699234
317,114777.0415625,110382.8203125,114774.2140625,1.4271227793693542,2.801072808265686,1.0,0.5,4.205572605133057,1127.6976318359375,9.708005905151367,0.1536858081817627,0.8232625126838684,5.3931450843811035,0.9145117402076721,34.68358612060547,1.756481647491455,34.79330062866211,1.0948148965835571,22.317201614379883,0.6306983232498169,0.10559423267841339,7.498234748840332,25.910907745361328,1.7857393026351929,222.31056213378906,2.4580721855163574,468.31488037109375,2.9547377380367834e-06,1.1654562870333507e-09,4.824894905090332,35.810977935791016,50.59286880493164,0.07332286238670349,9.144396781921387,0.37306052446365356
318,110989.70315625,103967.1484375,110986.78471875,1.4366152181625367,2.9627330226898194,1.0,0.5,3.84431791305542,1115.3658447265625,8.613993644714355,0.09750024974346161,0.7950580716133118,5.440475940704346,0.981506884098053,37.468360900878906,1.7435795068740845,34.83783721923828,1.1498806476593018,23.982433319091797,0.6306983232498169,0.10559423267841339,7.404481410980225,25.92269515991211,1.575038194656372,191.23422241210938,2.277190685272217,412.02276611328125,2.9547377380367834e-06,1.1654562870333507e-09,4.548526763916016,35.35040283203125,50.76313018798828,0.07435143738985062,9.284358978271484,0.3689853847026825
319,125283.27059375,198846.53125,125280.27834375,1.4341978101730346,3.116084463119507,1.0,0.5,4.461724758148193,1589.98095703125,9.656615257263184,0.11941714584827423,0.8699233531951904,6.21275520324707,0.9222404956817627,34.611053466796875,1.759811520576477,36.2105712890625,1.0281227827072144,21.1944522857666,0.6306983232498169,0.10559423267841339,7.3227858543396,25.119150161743164,1.6379737854003906,205.4742431640625,2.3441555500030518,456.70166015625,2.9547377380367834e-06,1.1654562870333507e-09,4.822694301605225,36.95521926879883,50.46804428100586,0.07294806092977524,9.064138412475586,0.35519859194755554
320,129306.105984375,155418.78125,129303.184140625,1.4113342571258545,3.0200232543945313,1.0,0.5,4.404253005981445,1398.9788818359375,9.711843490600586,0.1454906016588211,0.8404802680015564,5.665886402130127,0.879311203956604,33.90864944458008,1.6818774938583374,34.26076889038086,1.0472286939620972,21.72016716003418,0.6306983232498169,0.10559423267841339,7.425131797790527,25.571401596069336,1.5326820611953735,188.04037475585938,2.384737253189087,422.4920349121094,2.9547377380367834e-06,1.1654562870333507e-09,4.486778259277344,36.85893630981445,51.14101791381836,0.07400888204574585,8.509613990783691,0.35871270298957825
321,127407.296078125,111429.6484375,127404.462890625,1.4328228392601012,2.801296040534973,1.0,0.5,4.028835296630859,1156.5146484375,9.408185005187988,0.15653853118419647,0.802471399307251,5.466136455535889,0.9073703289031982,34.841285705566406,1.7561426162719727,35.26081466674805,1.051369547843933,21.880056381225586,0.6306983232498169,0.10559423267841339,7.410210609436035,25.721778869628906,1.5727547407150269,190.76478576660156,2.3077192306518555,425.66204833984375,2.9547377380367834e-06,1.1654562870333507e-09,4.5104193687438965,35.490699768066406,50.4740104675293,0.07341241091489792,9.036352157592773,0.3643867075443268
322,111390.7023125,215204.890625,111387.98146875,1.4554299211502075,2.531414607048035,1.0,0.5,5.273468017578125,1659.5313720703125,10.787365913391113,0.17982183396816254,0.8951291441917419,6.779073238372803,1.1083940267562866,46.5409049987793,1.9502863883972168,39.7850456237793,1.2065030336380005,27.403873443603516,0.6306983232498169,0.10559423267841339,7.781280517578125,27.3060359954834,1.814426064491272,206.36659240722656,2.532304525375366,457.66119384765625,2.9547377380367834e-06,1.1654562870333507e-09,4.681243896484375,38.327938079833984,50.83663558959961,0.07516957819461823,9.278672218322754,0.386675626039505
323,147094.588,107808.71875,147091.6668125,1.4611635704040526,2.919069881439209,1.0,0.5,4.595233917236328,1099.3984375,9.563577651977539,0.17303918302059174,0.8375353217124939,5.694537162780762,1.0109658241271973,37.583160400390625,1.823865294456482,36.641944885253906,1.2007195949554443,24.25589942932129,0.6306983232498169,0.10559423267841339,7.634649276733398,24.178726196289062,1.8188167810440063,206.2220458984375,2.7830748558044434,502.9183654785156,2.9547377380367834e-06,1.1654562870333507e-09,4.526657581329346,34.75172805786133,50.97643280029297,0.07319325953722,9.118326187133789,0.36913493275642395
324,124802.270609375,219072.171875,124799.499390625,1.4463968830108642,2.6504290266036987,1.0,0.5,4.899514675140381,1655.323486328125,8.846805572509766,0.10664184391498566,0.9349433779716492,6.188775062561035,0.9205688834190369,36.38536834716797,1.80913245677948,36.841514587402344,1.018738865852356,21.91487693786621,0.6306983232498169,0.10559423267841339,8.331254959106445,27.455934524536133,1.8736965656280518,251.67112731933594,2.6466774940490723,507.9254150390625,2.9547377380367834e-06,1.1654562870333507e-09,5.051555633544922,40.143306732177734,51.26960754394531,0.0737689658999443,9.175408363342285,0.39699432253837585
325,127191.458171875,151851.828125,127188.60425,1.4387304334640503,2.8289730167388916,1.0,0.5,4.717704772949219,1354.5048828125,11.11402702331543,0.1810031682252884,0.8394295573234558,5.5851263999938965,0.9518249034881592,37.47305679321289,1.7652462720870972,36.466251373291016,1.0941540002822876,23.24180793762207,0.6306983232498169,0.10559423267841339,7.455186367034912,25.250146865844727,1.7185403108596802,222.75765991210938,2.494910478591919,486.2139587402344,2.9547377380367834e-06,1.1654562870333507e-09,4.699529647827148,35.383155822753906,51.7193603515625,0.07484059035778046,9.676359176635742,0.3783455491065979
326,117561.61978125,82485.3125,117558.534125,1.4662768955230714,3.237995481491089,1.0,0.5,3.903470993041992,966.153564453125,9.199321746826172,0.11997769773006439,0.8612295389175415,5.793506622314453,0.9736552834510803,39.000144958496094,1.699904203414917,35.93854904174805,1.147930383682251,24.750377655029297,0.6306983232498169,0.10559423267841339,7.083035945892334,24.954505920410156,1.672376275062561,193.3018341064453,2.1828136444091797,422.69158935546875,2.9547377380367834e-06,1.1654562870333507e-09,4.500204086303711,34.699562072753906,52.43978500366211,0.07640934735536575,9.131547927856445,0.36523622274398804
327,113942.3143125,117266.1015625,113939.6145,1.449871654033661,2.4994027271270753,1.0,0.5,5.176900863647461,1181.322509765625,11.327221870422363,0.2520611882209778,0.8314107656478882,5.796227931976318,1.0627484321594238,41.7684326171875,1.8422755002975464,38.18231964111328,1.2761386632919312,27.379627227783203,0.6306983232498169,0.10559423267841339,7.403918266296387,24.90714454650879,1.8268711566925049,210.547119140625,2.4998793601989746,442.67535400390625,2.9547377380367834e-06,1.1654562870333507e-09,4.390329360961914,35.80337905883789,51.76713943481445,0.07500927895307541,8.661535263061523,0.3526124656200409
328,123845.91403125,261139.59375,123843.2855625,1.479991221666336,2.297219715118408,1.0,0.5,4.6277875900268555,1844.9180908203125,9.576454162597656,0.13834446668624878,0.9398801922798157,6.188612937927246,0.9789307713508606,36.982662200927734,1.8670426607131958,36.42836380004883,1.1639864444732666,23.623117446899414,0.6306983232498169,0.10559423267841339,8.397664070129395,27.926362991333008,1.68401300907135,209.10023498535156,2.3828847408294678,450.6022033691406,2.9547377380367834e-06,1.1654562870333507e-09,4.838215351104736,37.040557861328125,51.53220748901367,0.07451949268579483,9.019464492797852,0.3795679211616516
329,123841.786625,129001.9375,123838.94778125,1.4583227005004882,2.7612614879608155,1.0,0.5,4.791030406951904,1238.2872314453125,9.684081077575684,0.1484021544456482,0.8600448966026306,5.65118932723999,0.9277494549751282,35.23773193359375,1.8306655883789062,36.779258728027344,1.0745919942855835,22.233184814453125,0.6306983232498169,0.10559423267841339,8.199921607971191,26.711013793945312,1.8346465826034546,222.0865020751953,2.4804296493530273,466.9428405761719,2.9547377380367834e-06,1.1654562870333507e-09,4.946260929107666,38.17538833618164,50.63983917236328,0.0736604630947113,9.894461631774902,0.37767723202705383
330,125513.471625,112221.4296875,125510.487328125,1.4391407299041747,3.0929118738174437,1.0,0.5,4.278421878814697,1134.3077392578125,9.202610969543457,0.11429660767316818,0.8878085613250732,6.12777853012085,0.9914300441741943,37.923255920410156,1.8719425201416016,38.05862808227539,1.0834555625915527,22.226089477539062,0.6306983232498169,0.10559423267841339,8.150126457214355,25.27596664428711,1.6293965578079224,212.69259643554688,2.4877262115478516,483.58013916015625,2.9547377380367834e-06,1.1654562870333507e-09,4.711863994598389,35.75122833251953,51.386940002441406,0.07492474466562271,9.195714950561523,0.35826531052589417
331,123082.436859375,103254.7109375,123079.626015625,1.422281662464142,2.7780723714828492,1.0,0.5,4.34470272064209,1063.0548095703125,9.092796325683594,0.10154341906309128,0.8535631895065308,5.7872633934021,0.9173234701156616,35.662593841552734,1.7908473014831543,36.684234619140625,1.0007771253585815,21.3934326171875,0.6306983232498169,0.10559423267841339,7.241588115692139,24.943822860717773,1.8653777837753296,224.1540069580078,2.4946255683898926,510.1280822753906,2.9547377380367834e-06,1.1654562870333507e-09,4.6322455406188965,35.38250732421875,51.347511291503906,0.07474469393491745,9.396941184997559,0.3706822097301483
332,126939.54178125,138612.9375,126936.83503125,1.4101047921180725,2.5927872095108033,1.0,0.5,5.504558086395264,1293.697021484375,10.031943321228027,0.1301308125257492,0.8624570369720459,5.7994256019592285,0.8843662142753601,36.150489807128906,1.7725223302841187,38.52815628051758,0.9716126918792725,21.128087997436523,0.6306983232498169,0.10559423267841339,7.381689548492432,24.39815330505371,1.5575425624847412,202.341064453125,2.422819137573242,469.973388671875,2.9547377380367834e-06,1.1654562870333507e-09,4.685754776000977,34.980384826660156,51.037567138671875,0.07349134981632233,9.080544471740723,0.3531206548213959
333,123167.42584375,233570.4375,123164.56978125,1.4695283179283143,2.7709919662475584,1.0,0.5,6.378239631652832,1726.0360107421875,13.336981773376465,0.34645918011665344,0.8310378789901733,5.671245574951172,1.0628949403762817,43.419837951660156,1.9056370258331299,39.884071350097656,1.2334434986114502,26.769563674926758,0.6306983232498169,0.10559423267841339,8.27692985534668,27.204313278198242,1.8811076879501343,234.8015594482422,2.4169209003448486,478.80023193359375,2.9547377380367834e-06,1.1654562870333507e-09,4.727267265319824,37.631019592285156,52.7949333190918,0.07728308439254761,10.13079833984375,0.39297741651535034
334,121323.642125,91485.2734375,121320.984625,1.4235133037567138,2.466296845436096,1.0,0.5,4.392098426818848,1023.0077514648438,8.892287254333496,0.11307449638843536,0.8231004476547241,5.439747333526611,0.9551904201507568,36.554290771484375,1.7600476741790771,34.914825439453125,1.1448882818222046,23.616168975830078,0.6306983232498169,0.10559423267841339,7.423430442810059,25.626617431640625,1.706953763961792,203.899658203125,2.32745361328125,433.15692138671875,2.9547377380367834e-06,1.1654562870333507e-09,4.585266590118408,35.03708267211914,51.21637725830078,0.07362337410449982,8.875263214111328,0.3551953136920929
335,173140.82396875,268616.59375,173138.30228125,1.4204431939125062,2.2020129690170287,1.0,0.5,4.9664225578308105,1877.564453125,9.193592071533203,0.10695935785770416,0.9180534482002258,6.432039260864258,0.9489721655845642,35.87513732910156,1.7849928140640259,35.1017951965332,1.0870862007141113,21.89411735534668,0.6306983232498169,0.10559423267841339,7.304304122924805,25.91695785522461,1.7271373271942139,219.52378845214844,2.2814576625823975,426.2732238769531,2.9547377380367834e-06,1.1654562870333507e-09,4.801074504852295,41.837791442871094,50.416011810302734,0.0733787938952446,9.502824783325195,0.3927988111972809
336,170389.25096875,74597.078125,170386.535671875,1.4449143340587616,2.5400341272354128,1.0,0.5,3.949047327041626,917.83837890625,9.272607803344727,0.131076842546463,0.8468462228775024,5.754914283752441,0.8434353470802307,32.861572265625,1.6210030317306519,32.53801727294922,0.9934023022651672,21.132673263549805,0.6306983232498169,0.10559423267841339,6.346529006958008,22.277191162109375,1.4902238845825195,192.71185302734375,2.1026809215545654,400.54498291015625,2.9547377380367834e-06,1.1654562870333507e-09,4.277624607086182,34.93536376953125,51.25312042236328,0.07460842281579971,8.556076049804688,0.3552730977535248
337,122946.73134375,111398.703125,122943.8306875,1.4274609055519103,2.9457868671417238,1.0,0.5,4.365858554840088,1155.102294921875,8.905119895935059,0.10923594981431961,0.8883470892906189,5.970232009887695,0.9090194702148438,35.43412780761719,1.7327837944030762,36.186614990234375,1.0366605520248413,21.008275985717773,0.6306983232498169,0.10559423267841339,7.674498081207275,25.46571159362793,1.4805519580841064,181.7826690673828,2.2159135341644287,432.55084228515625,2.9547377380367834e-06,1.1654562870333507e-09,4.6958231925964355,38.24007797241211,51.45915603637695,0.074422687292099,8.872608184814453,0.3648744225502014
338,141082.24146875,149361.96875,141079.5091875,1.4382746348381041,2.589390800476074,1.0,0.5,4.4471354484558105,1365.6673583984375,8.319991111755371,0.09469245374202728,0.8831946849822998,5.867318153381348,0.9057669639587402,34.96379470825195,1.7620275020599365,35.379783630371094,1.0304087400436401,21.671743392944336,0.6306983232498169,0.10559423267841339,7.295350551605225,27.17255973815918,1.7245596647262573,203.23158264160156,2.2165944576263428,423.7694396972656,2.9547377380367834e-06,1.1654562870333507e-09,4.717778205871582,37.394718170166016,51.57929611206055,0.07388682663440704,8.728501319885254,0.35350432991981506
339,125022.503,104693.9921875,125019.72078125,1.4659545631408692,2.6316751585006712,1.0,0.5,5.03736686706543,1099.3209228515625,9.556503295898438,0.13291600346565247,0.8411636352539062,5.55295467376709,0.884579598903656,34.09067153930664,1.6514919996261597,34.308589935302734,1.011915922164917,20.891443252563477,0.6306983232498169,0.10559423267841339,7.504787921905518,25.399324417114258,1.6648197174072266,214.24188232421875,2.343669891357422,454.18695068359375,2.9547377380367834e-06,1.1654562870333507e-09,4.812649250030518,39.370174407958984,50.66306686401367,0.07237432897090912,8.746274948120117,0.36179202795028687
340,116743.1765625,257417.78125,116740.13653125,1.4177045636177064,3.2446255350112914,1.0,0.5,4.887730598449707,1816.14990234375,8.895772933959961,0.10397110134363174,0.8626030683517456,6.021407127380371,0.9358285665512085,35.92987823486328,1.8927745819091797,37.86665725708008,1.0480512380599976,21.62583351135254,0.6306983232498169,0.10559423267841339,8.062270164489746,27.28618621826172,1.8451392650604248,217.264404296875,2.609027147293091,502.681396484375,2.9547377380367834e-06,1.1654562870333507e-09,4.749967098236084,39.50556564331055,50.49762725830078,0.07205276936292648,9.257454872131348,0.37780052423477173
341,145592.031,161335.625,145589.24125,1.4446795117855071,2.6903589963912964,1.0,0.5,6.2070417404174805,1427.6910400390625,10.688292503356934,0.1862655133008957,0.8379583358764648,5.592054843902588,0.96732497215271,37.663543701171875,1.7683491706848145,36.28852081298828,1.0919189453125,23.318775177001953,0.6306983232498169,0.10559423267841339,8.3998441696167,26.151798248291016,1.7307432889938354,202.1985626220703,2.2835309505462646,417.25152587890625,2.9547377380367834e-06,1.1654562870333507e-09,4.783779144287109,37.374420166015625,50.428043365478516,0.07377567887306213,8.87922477722168,0.34684720635414124
342,138442.133515625,152709.9375,138439.341,1.4344376277923585,2.7160018730163573,1.0,0.5,5.760251045227051,1366.6314697265625,11.448017120361328,0.2294231355190277,0.8568845987319946,6.017215251922607,0.9933903813362122,39.06768035888672,1.7945878505706787,37.74636459350586,1.1522202491760254,24.49679946899414,0.6306983232498169,0.10559423267841339,7.622232437133789,24.384693145751953,1.715986967086792,206.97476196289062,2.2872488498687744,471.1724548339844,2.9547377380367834e-06,1.1654562870333507e-09,4.566411018371582,34.793087005615234,51.72602081298828,0.07584256678819656,8.727245330810547,0.3461843430995941
343,137497.1223125,147751.34375,137494.212484375,1.4176654353141784,2.9854584579467773,1.0,0.5,4.623849391937256,1336.36572265625,9.305272102355957,0.11878056079149246,0.816584587097168,5.5577192306518555,0.8688479661941528,33.894832611083984,1.7046947479248047,35.95136260986328,1.0051082372665405,21.116453170776367,0.6306983232498169,0.10559423267841339,7.52433443069458,24.350025177001953,1.7515583038330078,224.47320556640625,2.479562282562256,476.7022399902344,2.9547377380367834e-06,1.1654562870333507e-09,4.878121376037598,38.456539154052734,50.741065979003906,0.07307512313127518,9.225698471069336,0.35917219519615173
344,160007.365515625,236834.5625,160004.464203125,1.4355711374282838,2.9315922660827636,1.0,0.5,6.283783912658691,1747.9453125,10.256474494934082,0.1415834128856659,0.9350177645683289,6.600788593292236,1.0914589166641235,40.42159652709961,1.862126350402832,37.14077377319336,1.2365092039108276,24.854293823242188,0.6306983232498169,0.10559423267841339,8.012845993041992,26.150367736816406,1.8820130825042725,221.61512756347656,2.3331844806671143,453.0352478027344,2.9547377380367834e-06,1.1654562870333507e-09,5.220894813537598,40.439491271972656,50.71308517456055,0.07398396730422974,9.695221900939941,0.3755924701690674
345,121523.16596875,124506.6640625,121520.52446875,1.4363179297447204,2.412443470954895,1.0,0.5,6.190893650054932,1226.6968994140625,9.389050483703613,0.12438774108886719,0.8417526483535767,5.722777843475342,1.0618654489517212,40.77570724487305,1.9072747230529785,37.350616455078125,1.1856144666671753,24.554487228393555,0.6306983232498169,0.10559423267841339,8.467781066894531,26.480640411376953,1.768341302871704,206.82530212402344,2.3439416885375977,435.37347412109375,2.9547377380367834e-06,1.1654562870333507e-09,4.798159599304199,39.54204559326172,51.38713073730469,0.07494989037513733,8.645855903625488,0.36626580357551575
346,168909.337484375,243221.5625,168906.44753125,1.439130000114441,2.899296312332153,1.0,0.5,4.562772750854492,1778.704345703125,8.70999813079834,0.10260743647813797,0.876270592212677,6.207620143890381,0.9180095195770264,36.99988555908203,1.6853585243225098,34.44629669189453,1.0130512714385986,22.002641677856445,0.6306983232498169,0.10559423267841339,7.3004021644592285,26.33074378967285,1.6282716989517212,200.4661407470703,2.290299654006958,442.4880065917969,2.9547377380367834e-06,1.1654562870333507e-09,4.607491970062256,39.19637680053711,51.03526306152344,0.07469595223665237,9.061127662658691,0.37150028347969055
347,138252.84253125,352833.84375,138250.030625,1.441611575603485,2.739436693191528,1.0,0.5,4.8861517906188965,2158.446533203125,8.456003189086914,0.09396521747112274,0.8493458032608032,6.08450174331665,0.9406973719596863,36.883113861083984,1.8862426280975342,38.79964828491211,1.0233017206192017,21.673185348510742,0.6306983232498169,0.10559423267841339,7.7224297523498535,26.735515594482422,1.7703156471252441,212.57643127441406,2.4727797508239746,479.5256652832031,2.9547377380367834e-06,1.1654562870333507e-09,4.603747367858887,39.22512435913086,50.776893615722656,0.0734139084815979,8.899166107177734,0.38896629214286804
348,138449.580578125,108619.3515625,138446.641296875,1.4463349435329438,2.9872397270202637,1.0,0.5,4.636466979980469,1134.3660888671875,9.37951374053955,0.14141739904880524,0.7525055408477783,5.144169330596924,0.9815365076065063,36.37981414794922,1.5667345523834229,33.122535705566406,1.1186903715133667,22.587406158447266,0.6306983232498169,0.10559423267841339,6.850367546081543,25.288795471191406,1.7483023405075073,207.84056091308594,2.254135847091675,430.9494934082031,2.9547377380367834e-06,1.1654562870333507e-09,4.503407001495361,36.74274826049805,50.97655487060547,0.0738125741481781,8.982601165771484,0.36651673913002014
349,139619.23075,108156.78125,139616.40525,1.4414350271224976,2.7691238384246826,1.0,0.5,4.51108455657959,1114.2464599609375,9.721650123596191,0.1179833933711052,0.846423327922821,5.568012714385986,0.986266016960144,37.5185661315918,1.6262767314910889,34.870582580566406,1.0602107048034668,21.948139190673828,0.6306983232498169,0.10559423267841339,7.406205654144287,27.226116180419922,1.7575539350509644,223.21853637695312,2.3081345558166504,466.2847595214844,2.9547377380367834e-06,1.1654562870333507e-09,4.894502639770508,38.75340270996094,52.310951232910156,0.07577075809240341,9.979249954223633,0.38070568442344666
350,128132.58534375,174583.796875,128129.78590625,1.409621919631958,2.781127115249634,1.0,0.5,5.423946380615234,1477.7669677734375,9.255731582641602,0.11622360348701477,0.8981812000274658,6.139261722564697,1.0766756534576416,41.03101348876953,1.808966875076294,36.767425537109375,1.1577520370483398,23.82667350769043,0.6306983232498169,0.10559423267841339,7.986501693725586,26.87788963317871,1.631029486656189,201.10580444335938,2.4622461795806885,462.5188293457031,2.9547377380367834e-06,1.1654562870333507e-09,4.623791217803955,40.3061408996582,51.367008209228516,0.07491622865200043,8.378296852111816,0.3616175055503845
351,134579.317921875,123073.2578125,134576.343078125,1.41911683011055,3.1112403964996336,1.0,0.5,4.983423709869385,1215.65234375,8.82809066772461,0.10393328964710236,0.8514142632484436,5.738152503967285,0.8878252506256104,35.35820007324219,1.7531169652938843,35.51277542114258,0.9541074633598328,20.81970977783203,0.6306983232498169,0.10559423267841339,7.890947341918945,25.260448455810547,1.6573439836502075,201.7691650390625,2.3972201347351074,446.5292663574219,2.9547377380367834e-06,1.1654562870333507e-09,4.742876052856445,38.436344146728516,52.49052810668945,0.07674271613359451,9.230823516845703,0.367721825838089
352,131167.223,154286.0625,131164.19025,1.4138313956260682,3.2362134075164795,1.0,0.5,4.6583251953125,1391.125,8.676916122436523,0.10778582841157913,0.900385320186615,6.252068996429443,0.9711350202560425,36.53001022338867,1.6571961641311646,33.239383697509766,1.0589159727096558,21.6572322845459,0.6306983232498169,0.10559423267841339,7.472661972045898,24.53610610961914,1.6560487747192383,192.86001586914062,2.304656982421875,427.2802429199219,2.9547377380367834e-06,1.1654562870333507e-09,4.338365077972412,37.94840621948242,52.720977783203125,0.07532082498073578,8.413596153259277,0.3618452250957489
353,117186.02084375,111580.8671875,117183.253453125,1.3880646917819977,2.758146669387817,1.0,0.5,4.788236618041992,1148.75244140625,9.26398754119873,0.12486474961042404,0.7848581075668335,5.356710910797119,0.9095904231071472,36.40315628051758,1.6730382442474365,36.03049850463867,1.043761968612671,22.053207397460938,0.6306983232498169,0.10559423267841339,7.0904412269592285,26.028392791748047,1.5306230783462524,195.37718200683594,2.1461360454559326,446.1900329589844,2.9547377380367834e-06,1.1654562870333507e-09,4.5701422691345215,37.467308044433594,52.09247589111328,0.07593026757240295,8.586609840393066,0.36212849617004395
354,150376.75221875,180577.65625,150373.97540625,1.4748008818626404,2.602700201034546,1.0,0.5,5.486344337463379,1521.3988037109375,8.51516342163086,0.10061221569776535,0.9779337644577026,6.641134738922119,0.9638863801956177,36.852638244628906,1.7881149053573608,36.43452072143555,1.089085340499878,22.365413665771484,0.6306983232498169,0.10559423267841339,7.162182807922363,25.837278366088867,1.7066097259521484,196.1840362548828,2.1150429248809814,411.8667297363281,2.9547377380367834e-06,1.1654562870333507e-09,4.599735260009766,37.28917694091797,52.686744689941406,0.07518719136714935,8.63375186920166,0.3708561062812805
355,138582.903921875,111721.578125,138579.857984375,1.465438398361206,3.160971272468567,1.0,0.5,4.667003631591797,1135.61474609375,8.516128540039062,0.08962706476449966,0.8081125020980835,5.477099895477295,1.0966260433197021,41.57110595703125,1.8395957946777344,37.45317077636719,1.2112832069396973,24.594539642333984,0.6306983232498169,0.10559423267841339,7.747999668121338,27.164278030395508,1.6494135856628418,207.75257873535156,2.4704835414886475,474.7083740234375,2.9547377380367834e-06,1.1654562870333507e-09,4.768538951873779,38.03010559082031,52.08780288696289,0.07519488036632538,8.850565910339355,0.38198086619377136
356,146723.2591875,206274.78125,146720.17121875,1.417580884218216,3.3405283946990965,1.0,0.5,4.39233922958374,1613.966796875,8.38862419128418,0.093217633664608,0.8586676120758057,5.897000789642334,0.8761038184165955,35.6259651184082,1.6117013692855835,35.22166442871094,0.9779885411262512,21.629796981811523,0.6306983232498169,0.10559423267841339,7.019784450531006,25.14141845703125,1.4560860395431519,210.2388916015625,2.370028495788574,483.2160339355469,2.9547377380367834e-06,1.1654562870333507e-09,4.828709125518799,39.908084869384766,51.69942855834961,0.07511109858751297,8.785284042358398,0.37688493728637695
357,182589.82896875,82590.3203125,182586.287875,1.4633600726127625,4.154132687568665,1.0,0.5,4.348672389984131,974.9075927734375,8.633856773376465,0.09694857150316238,0.8671907782554626,5.858673572540283,0.8929342031478882,33.52593994140625,1.6989469528198242,34.312538146972656,0.9843400716781616,20.415603637695312,0.6306983232498169,0.10559423267841339,7.893647193908691,25.388626098632812,1.5721251964569092,194.96438598632812,2.24461030960083,403.7691345214844,2.9547377380367834e-06,1.1654562870333507e-09,4.5052056312561035,36.867835998535156,50.97486877441406,0.07340700924396515,8.567675590515137,0.3560771644115448
358,135613.274859375,140623.296875,135609.889265625,1.4506186113357544,3.870493987083435,1.0,0.5,5.844963550567627,1296.62744140625,9.147648811340332,0.1068972498178482,0.9351222515106201,6.114867210388184,0.9796178936958313,39.73143768310547,1.918134093284607,39.06564712524414,1.074255108833313,23.329500198364258,0.6306983232498169,0.10559423267841339,7.041553497314453,26.953407287597656,1.7132526636123657,225.32595825195312,2.425708532333374,480.2558288574219,2.9547377380367834e-06,1.1654562870333507e-09,5.22493839263916,40.382694244384766,51.401222229003906,0.07582341879606247,9.573212623596191,0.3866339921951294
359,153265.18109375,196844.890625,153261.23709375,1.4612853784561157,4.963415365219117,1.0,0.5,4.606626033782959,1568.8475341796875,8.402503967285156,0.08358284085988998,0.917362630367279,6.621641159057617,0.9618824124336243,37.10930252075195,1.820083737373352,36.09675979614258,1.0527974367141724,22.421794891357422,0.6306983232498169,0.10559423267841339,7.597197532653809,25.189897537231445,1.8405901193618774,228.4080047607422,2.439277172088623,486.57855224609375,2.9547377380367834e-06,1.1654562870333507e-09,5.022538185119629,41.62705612182617,51.075016021728516,0.0742996335029602,9.235418319702148,0.37746497988700867
360,137752.640859375,119740.5625,137747.74259375,1.4526351437568665,6.8902895650863645,1.0,0.5,4.0922722816467285,1208.0985107421875,8.406157493591309,0.12108643352985382,0.8965455293655396,6.165953159332275,0.8608378171920776,32.871028900146484,1.625178575515747,32.15830612182617,0.9909879565238953,20.730205535888672,0.6306983232498169,0.10559423267841339,7.132490158081055,24.207857131958008,1.5668554306030273,201.25083923339844,2.181856870651245,414.2255554199219,2.9547377380367834e-06,1.1654562870333507e-09,4.8331732749938965,39.873592376708984,51.04889678955078,0.07391473650932312,8.348336219787598,0.3666735887527466
361,156808.182453125,95217.7578125,156804.3586875,1.4451526727676391,4.756666077613831,1.0,0.5,4.860768795013428,1022.2763061523438,8.8314208984375,0.11791609972715378,0.8703620433807373,5.710965633392334,0.8863112926483154,34.74391555786133,1.8323311805725098,36.908836364746094,0.9994622468948364,21.167816162109375,0.6306983232498169,0.10559423267841339,8.018333435058594,26.279199600219727,1.762973666191101,209.5227813720703,2.590806484222412,488.95391845703125,2.9547377380367834e-06,1.1654562870333507e-09,4.567910671234131,35.518890380859375,51.95661926269531,0.07616062462329865,8.812397956848145,0.3747979402542114
362,146573.332421875,97450.96875,146569.347765625,1.406203947544098,5.158078189849854,1.0,0.5,4.810810565948486,1069.7939453125,9.906962394714355,0.13188499212265015,0.8948920369148254,6.157345294952393,0.9168914556503296,35.10003662109375,1.6455938816070557,33.12900924682617,1.0393177270889282,21.842422485351562,0.6306983232498169,0.10559423267841339,7.110998153686523,24.07594871520996,1.5659568309783936,195.7460479736328,2.1570398807525635,420.2208557128906,2.9547377380367834e-06,1.1654562870333507e-09,4.690956115722656,38.80006408691406,52.039306640625,0.07567757368087769,8.884917259216309,0.3693355619907379
363,140758.195640625,112630.234375,140753.86853125,1.438500078201294,5.775985563278199,1.0,0.5,4.1200971603393555,1172.410400390625,7.81427526473999,0.08822748064994812,0.8878118395805359,6.177020072937012,0.9126153588294983,34.21131134033203,1.620659589767456,32.506492614746094,1.0404921770095825,21.668169021606445,0.6306983232498169,0.10559423267841339,6.536380290985107,24.410491943359375,1.6980574131011963,195.68948364257812,2.1779890060424805,398.9313659667969,2.9547377380367834e-06,1.1654562870333507e-09,4.788301944732666,38.50949478149414,51.08245086669922,0.07356873154640198,8.323324203491211,0.3599197268486023
364,130948.8901875,102346.890625,130946.277296875,1.4218408851623534,2.3833319873809815,1.0,0.5,3.9500973224639893,1093.0625,9.03287410736084,0.11504334211349487,0.8360252976417542,5.64723539352417,0.954675018787384,36.1546630859375,1.7474420070648193,34.772037506103516,1.0775784254074097,21.764938354492188,0.6306983232498169,0.10559423267841339,7.830990314483643,25.43263053894043,1.7584787607192993,207.46583557128906,2.0704145431518555,435.8315124511719,2.9547377380367834e-06,1.1654562870333507e-09,4.604953765869141,37.259864807128906,51.47428512573242,0.07482659071683884,8.75671672821045,0.3726937472820282
365,133107.89765625,114915.3671875,133105.2789375,1.4427078166007996,2.3516766080856324,1.0,0.5,4.434175968170166,1183.0731201171875,8.732203483581543,0.10365916788578033,0.8686501383781433,5.892636299133301,1.0009517669677734,37.27009582519531,1.7289817333221436,34.41511535644531,1.118354082107544,22.92045783996582,0.6306983232498169,0.10559423267841339,7.152297496795654,24.744661331176758,1.625060796737671,193.66714477539062,2.147425413131714,407.8821716308594,2.9547377380367834e-06,1.1654562870333507e-09,4.861968994140625,38.855186462402344,51.41746520996094,0.07434894889593124,8.593199729919434,0.3544238209724426
366,139319.456734375,245078.328125,139316.877421875,1.4129579448699952,2.3342261610031128,1.0,0.5,5.138548374176025,1793.9559326171875,8.575465202331543,0.0977250412106514,0.8345751166343689,5.6847100257873535,0.9789261221885681,38.112220764160156,1.8256351947784424,35.97099304199219,1.0483464002609253,22.6921443939209,0.6306983232498169,0.10559423267841339,7.213170051574707,26.31643295288086,1.6843494176864624,185.01870727539062,2.297339677810669,416.05511474609375,2.9547377380367834e-06,1.1654562870333507e-09,4.4736833572387695,38.434444427490234,51.10742950439453,0.07464979588985443,8.105494499206543,0.34994474053382874
367,140471.692078125,164958.203125,140468.98065625,1.4498716666698457,2.5234352703094483,1.0,0.5,4.634863376617432,1444.0479736328125,9.082653999328613,0.13686172664165497,0.8594001531600952,5.994175434112549,0.9458081722259521,37.79106140136719,1.6860272884368896,33.90031433105469,1.0233843326568604,21.487781524658203,0.6306983232498169,0.10559423267841339,6.983761310577393,24.949186325073242,1.518499493598938,194.92184448242188,2.2895936965942383,425.6322021484375,2.9547377380367834e-06,1.1654562870333507e-09,4.464914321899414,35.54181671142578,50.659454345703125,0.07397966831922531,8.522287368774414,0.35828232765197754
368,142090.1404375,169318.53125,142087.55478125,1.450596275806427,2.272617617607117,1.0,0.5,4.407920837402344,1456.439453125,9.609722137451172,0.12752391397953033,0.8549438118934631,5.588675498962402,0.8569899797439575,34.296478271484375,1.7333751916885376,36.74441909790039,0.9645405411720276,20.716751098632812,0.6306983232498169,0.10559423267841339,7.806552886962891,26.49029541015625,1.6355061531066895,201.64028930664062,2.2109408378601074,451.07366943359375,2.9547377380367834e-06,1.1654562870333507e-09,4.473838806152344,37.49542999267578,51.6856689453125,0.07431899011135101,8.967251777648926,0.36506450176239014
369,179178.080546875,94931.109375,179175.4746875,1.4342823088169099,2.3444830589294434,1.0,0.5,5.227522373199463,1052.2432861328125,9.041110038757324,0.10992396622896194,0.8816896677017212,5.944675445556641,0.9301506876945496,34.89518737792969,1.632815957069397,35.036521911621094,1.056216835975647,21.545494079589844,0.6306983232498169,0.10559423267841339,6.843193531036377,24.821802139282227,1.9717094898223877,201.010498046875,2.0765538215637207,419.9175109863281,2.9547377380367834e-06,1.1654562870333507e-09,4.687848091125488,38.73288345336914,52.05220031738281,0.07450112700462341,8.98966121673584,0.3679349422454834
370,140152.145,294147.90625,140149.519109375,1.4471195874214173,2.3577751741409303,1.0,0.5,4.607588291168213,1964.707275390625,8.95582389831543,0.1291777491569519,0.9055905938148499,6.204573154449463,0.9749627709388733,39.23447036743164,1.7080813646316528,35.75373458862305,1.152260661125183,25.133607864379883,0.6306983232498169,0.10559423267841339,6.319169521331787,25.223678588867188,1.8488755226135254,233.71878051757812,2.3296778202056885,444.7295227050781,2.9547377380367834e-06,1.1654562870333507e-09,4.458874225616455,37.95273208618164,52.18991470336914,0.07574055343866348,8.483075141906738,0.38306960463523865
371,135893.994578125,309954.6875,135891.339984375,1.449710171699524,2.410742166519165,1.0,0.5,4.802240371704102,2028.719970703125,8.750449180603027,0.12348012626171112,0.9528713226318359,6.333846092224121,0.9426618218421936,38.0399284362793,1.5949139595031738,34.15827560424805,1.0536630153656006,23.075841903686523,0.6306983232498169,0.10559423267841339,6.676986217498779,26.4411678314209,1.6810449361801147,197.61117553710938,2.047656774520874,423.069580078125,2.9547377380367834e-06,1.1654562870333507e-09,4.920436382293701,41.41067886352539,52.560359954833984,0.0762389749288559,8.150107383728027,0.3568657338619232
372,153556.0469375,407193.25,153553.202875,1.4402576870918273,2.8079604511260987,1.0,0.5,5.445573329925537,2339.473876953125,7.920461654663086,0.09597955644130707,0.968643307685852,6.54934024810791,0.9393413662910461,34.8411979675293,1.5640524625778198,32.186954498291016,1.1201200485229492,22.498001098632812,0.6306983232498169,0.10559423267841339,6.514901638031006,26.208608627319336,1.5694942474365234,206.08993530273438,2.2812609672546387,424.2752380371094,2.9547377380367834e-06,1.1654562870333507e-09,4.8549065589904785,39.706260681152344,50.91611099243164,0.07365597039461136,8.903251647949219,0.3887264132499695
373,143827.9165625,169906.46875,143825.17334375,1.4781431651115418,2.529896070480347,1.0,0.5,5.5033183097839355,1397.8948974609375,8.333579063415527,0.10599202662706375,1.0031293630599976,6.795101165771484,1.1888269186019897,43.386077880859375,2.0855872631073,42.849647521972656,1.4368822574615479,28.4152774810791,0.6306983232498169,0.10559423267841339,8.013250350952148,25.750080108642578,2.031013250350952,217.4908447265625,3.3143062591552734,608.7984008789062,2.9547377380367834e-06,1.1654562870333507e-09,4.5933685302734375,37.21528244018555,49.60661697387695,0.07020833343267441,9.103818893432617,0.38035205006599426
374,145879.006875,404696.59375,145876.31809375,1.4317854669094086,2.514002098083496,1.0,0.5,7.072319030761719,2327.26318359375,11.496217727661133,0.2097368687391281,0.9596555233001709,6.746809482574463,1.0554981231689453,44.12145233154297,1.9386109113693237,40.72866439819336,1.1803157329559326,27.1510009765625,0.6306983232498169,0.10559423267841339,8.055581092834473,28.073698043823242,2.0915884971618652,227.16819763183594,2.3196845054626465,436.8126525878906,2.9547377380367834e-06,1.1654562870333507e-09,4.796505928039551,44.58083724975586,52.33774948120117,0.07598449289798737,9.087970733642578,0.3782739043235779
375,179057.37328125,182028.375,179054.7078125,1.4656319174766541,2.401476706504822,1.0,0.5,6.375218868255615,1521.738525390625,8.205284118652344,0.0917993113398552,0.8793420791625977,5.854754447937012,0.8203166723251343,33.477561950683594,1.457240104675293,30.987503051757812,0.9388913512229919,20.837661743164062,0.6306983232498169,0.10559423267841339,6.359370231628418,26.79943084716797,1.6802870035171509,206.31314086914062,2.1693150997161865,430.57379150390625,2.9547377380367834e-06,1.1654562870333507e-09,4.4873762130737305,38.231876373291016,51.051361083984375,0.07445760071277618,8.25155258178711,0.35232827067375183
376,137260.601953125,151143.953125,137257.67246875,1.4295842943191528,3.0010531101226805,1.0,0.5,5.36574649810791,1355.8685302734375,8.403070449829102,0.10117157548666,0.8535062670707703,5.817931652069092,0.9151723980903625,37.21410369873047,1.7230538129806519,37.923709869384766,0.9877831935882568,22.092172622680664,0.6306983232498169,0.10559423267841339,7.200430870056152,26.205472946166992,1.8567912578582764,232.62672424316406,2.1831204891204834,467.03704833984375,2.9547377380367834e-06,1.1654562870333507e-09,4.465485572814941,36.6522102355957,50.264625549316406,0.07317043095827103,8.701321601867676,0.3705235719680786
377,131527.808359375,326559.0,131524.92840625,1.445850447654724,2.8678980197906494,1.0,0.5,5.76043176651001,2080.030029296875,9.760251998901367,0.11932562291622162,0.9959381222724915,7.041617393493652,0.9335470199584961,36.84563064575195,1.7017699480056763,35.86370086669922,1.0257247686386108,21.18243980407715,0.6306983232498169,0.10559423267841339,6.901629447937012,25.607816696166992,1.5822813510894775,199.08592224121094,2.0453524589538574,447.3000183105469,2.9547377380367834e-06,1.1654562870333507e-09,4.475276947021484,42.035430908203125,51.0331916809082,0.07433653622865677,8.272998809814453,0.3620246350765228
378,122643.456796875,185855.328125,122640.522859375,1.4728686430454254,2.9226928730010986,1.0,0.5,4.959311485290527,1529.633544921875,9.548739433288574,0.12308316677808762,0.8714309930801392,5.969306468963623,0.9215573072433472,35.70551300048828,1.6614655256271362,34.24922180175781,1.0481125116348267,22.443368911743164,0.6306983232498169,0.10559423267841339,6.837796211242676,25.882701873779297,1.7805655002593994,212.79739379882812,2.2520911693573,460.32855224609375,2.9547377380367834e-06,1.1654562870333507e-09,4.446631908416748,36.4897346496582,51.16942596435547,0.07416817545890808,8.395929336547852,0.3430910110473633
379,154417.07109375,142121.046875,154413.8886875,1.4251698229312897,3.514127731323242,1.0,0.5,6.248781681060791,1322.6444091796875,9.396459579467773,0.1203610748052597,0.9602688550949097,6.454044818878174,0.9031174778938293,35.1815299987793,1.630324363708496,33.961326599121094,1.0087908506393433,21.28194236755371,0.6306983232498169,0.10559423267841339,6.9963531494140625,25.50278663635254,1.562259554862976,197.34226989746094,2.0843253135681152,443.0378723144531,2.9547377380367834e-06,1.1654562870333507e-09,4.859871864318848,38.9961051940918,51.196693420410156,0.07488904893398285,8.115594863891602,0.35574349761009216
380,139179.8360625,239317.65625,139176.88278125,1.4492831082344055,3.007536865234375,1.0,0.5,4.848800182342529,1769.251220703125,7.845196723937988,0.09361347556114197,1.0124847888946533,7.035586357116699,0.9324586987495422,34.34843826293945,1.7596306800842285,35.43038558959961,1.0904442071914673,22.341550827026367,0.6306983232498169,0.10559423267841339,7.49118185043335,29.978517532348633,1.9509581327438354,214.44259643554688,2.1519455909729004,410.6118469238281,2.9547377380367834e-06,1.1654562870333507e-09,5.512768268585205,41.285797119140625,51.197547912597656,0.07342396676540375,8.732759475708008,0.3665952980518341
381,173773.2900625,279592.65625,173770.51359375,1.4699674072265625,2.6111238021850585,1.0,0.5,4.36617374420166,1912.899658203125,7.942028522491455,0.08520612120628357,0.912562370300293,6.412458419799805,0.9076568484306335,36.423423767089844,1.5929298400878906,33.2015380859375,1.0130133628845215,22.605758666992188,0.6306983232498169,0.10559423267841339,6.088283538818359,24.4918155670166,1.7011371850967407,219.29830932617188,2.2704453468322754,449.28680419921875,2.9547377380367834e-06,1.1654562870333507e-09,4.864767551422119,39.46349334716797,51.44126510620117,0.07590310275554657,8.628069877624512,0.37157052755355835
382,140417.06865625,114782.5625,140414.374,1.4241614546775818,2.540389885902405,1.0,0.5,4.977670192718506,1180.5107421875,8.641166687011719,0.10459525138139725,0.8551568984985352,5.584596157073975,0.9058806300163269,35.78312683105469,1.6736445426940918,35.47426223754883,1.0122419595718384,22.23436737060547,0.6306983232498169,0.10559423267841339,8.031761169433594,27.671310424804688,1.7503762245178223,199.4549560546875,2.1461920738220215,410.0251770019531,2.9547377380367834e-06,1.1654562870333507e-09,5.186309814453125,39.93632888793945,50.009239196777344,0.07186271250247955,8.836250305175781,0.3710207939147949
383,114230.2584375,251275.25,114227.3204375,1.3525621886253356,3.1704832439422606,1.0,0.5,5.16046142578125,1813.4378662109375,8.783820152282715,0.10871811211109161,0.9394687414169312,6.485342025756836,0.8847118616104126,34.88959884643555,1.6128549575805664,34.78312301635742,0.9862328171730042,20.607820510864258,0.6306983232498169,0.10559423267841339,7.248134136199951,26.165136337280273,1.6218621730804443,187.92298889160156,2.1441729068756104,434.6913146972656,2.9547377380367834e-06,1.1654562870333507e-09,4.3559675216674805,37.723060607910156,50.7805290222168,0.07354137301445007,7.856311798095703,0.34094172716140747
384,123742.61653125,85838.015625,123739.8055625,1.4761259660720825,2.670403118133545,1.0,0.5,4.2826972007751465,993.9759521484375,8.670317649841309,0.10265292227268219,0.8512994050979614,5.877574920654297,0.9156465530395508,33.84572219848633,1.696728229522705,35.45869827270508,1.0680283308029175,21.874332427978516,0.6306983232498169,0.10559423267841339,7.282560348510742,25.677560806274414,1.7534289360046387,201.23451232910156,2.217100143432617,410.2271423339844,2.9547377380367834e-06,1.1654562870333507e-09,4.46396541595459,36.945152282714844,50.405818939208984,0.0723872259259224,8.629876136779785,0.34462836384773254
385,134024.034125,127114.7265625,134020.02215625,1.4894612550735473,5.044164057731629,1.0,0.5,4.953831672668457,1236.2933349609375,9.367706298828125,0.13110865652561188,0.8457313179969788,5.915841102600098,0.8450347781181335,33.87519454956055,1.5911225080490112,34.210296630859375,0.9592443704605103,20.36456298828125,0.6306983232498169,0.10559423267841339,6.689061164855957,25.452943801879883,1.7913132905960083,208.5012664794922,2.1722209453582764,450.35101318359375,2.9547377380367834e-06,1.1654562870333507e-09,4.285833835601807,38.18617630004883,51.129974365234375,0.0740705356001854,8.074796676635742,0.34709370136260986
386,135312.24796875,121372.5390625,135308.845671875,1.4580418252944947,3.8880392007827758,1.0,0.5,4.492427349090576,1218.4288330078125,8.914594650268555,0.10516884177923203,0.8201127052307129,5.632070541381836,0.9483885765075684,35.5742301940918,1.5901671648025513,33.15232849121094,1.1201049089431763,22.627065658569336,0.6306983232498169,0.10559423267841339,6.837833881378174,25.37644386291504,1.8600722551345825,214.211181640625,2.0114142894744873,404.6341552734375,2.9547377380367834e-06,1.1654562870333507e-09,4.6269211769104,38.177947998046875,50.379093170166016,0.07314250618219376,8.68575668334961,0.34842172265052795
387,130112.99125,172828.28125,130109.97690625,1.456370581150055,3.1155759229660034,1.0,0.5,4.410136699676514,1484.714599609375,8.307012557983398,0.09967341274023056,1.0221627950668335,7.057837963104248,0.932556688785553,37.83163833618164,1.694413423538208,36.79072952270508,1.0506142377853394,23.3787899017334,0.6306983232498169,0.10559423267841339,6.413070201873779,25.550535202026367,1.7868949174880981,205.5335235595703,2.049833059310913,409.010009765625,2.9547377380367834e-06,1.1654562870333507e-09,5.051741600036621,40.34797668457031,51.046783447265625,0.07495329529047012,8.364336013793945,0.35427722334861755
388,136947.98728125,162419.25,136945.111453125,1.4232383685112,2.904013355255127,1.0,0.5,5.267779350280762,1430.380859375,10.309591293334961,0.16305094957351685,0.9193962216377258,6.523878574371338,0.9428180456161499,35.53881072998047,1.682099461555481,34.23332977294922,1.0618705749511719,21.954486846923828,0.6306983232498169,0.10559423267841339,7.950628757476807,27.730365753173828,1.7726103067398071,217.607421875,2.254072904586792,418.60406494140625,2.9547377380367834e-06,1.1654562870333507e-09,4.893158912658691,39.317344665527344,50.486541748046875,0.0734977200627327,9.463069915771484,0.3666686713695526
389,159938.5816875,123740.703125,159935.67209375,1.4176030588150024,2.984593807220459,1.0,0.5,5.352728366851807,1215.9580078125,8.721914291381836,0.10508610308170319,0.8785269260406494,5.972076416015625,0.9042273163795471,36.585208892822266,1.654158353805542,34.79079818725586,1.0488210916519165,23.416044235229492,0.6306983232498169,0.10559423267841339,7.271002769470215,25.609710693359375,1.961485505104065,221.8328857421875,2.249174118041992,446.3161926269531,2.9547377380367834e-06,1.1654562870333507e-09,4.928125381469727,39.979068756103516,50.35713195800781,0.07347060739994049,9.374176025390625,0.3720830976963043
390,120033.33434375,74942.7734375,120030.53853125,1.4493669514656067,2.693741460800171,1.0,0.5,3.951714277267456,912.17333984375,8.132431983947754,0.08955062925815582,0.8314657807350159,5.7356672286987305,0.8793749809265137,34.704673767089844,1.567190170288086,33.10881042480469,0.999265193939209,22.07128143310547,0.6306983232498169,0.10559423267841339,6.91842794418335,23.974843978881836,1.5986011028289795,198.26019287109375,2.1877074241638184,415.9652099609375,2.9547377380367834e-06,1.1654562870333507e-09,4.458075523376465,37.238494873046875,50.543182373046875,0.072581447660923,8.636490821838379,0.3438344895839691
391,141603.366734375,275603.96875,141600.6118125,1.4325959014892578,2.644287595748901,1.0,0.5,5.42160177230835,1889.7559814453125,9.428315162658691,0.1450572907924652,0.906366765499115,6.271475315093994,1.0642142295837402,41.449954986572266,1.7211112976074219,36.34562301635742,1.1509310007095337,24.94205665588379,0.6306983232498169,0.10559423267841339,7.449959754943848,27.408111572265625,1.9377059936523438,229.274169921875,2.47174334526062,478.2125549316406,2.9547377380367834e-06,1.1654562870333507e-09,4.689772129058838,39.363250732421875,50.23115158081055,0.07333044707775116,8.752922058105469,0.37980297207832336
392,137919.848140625,208519.9375,137917.143234375,1.4374917526245117,2.534133457183838,1.0,0.5,5.490942478179932,1641.6226806640625,7.904716491699219,0.09307269006967545,0.7889350652694702,5.461078643798828,1.1748501062393188,45.43324279785156,1.7541557550430298,35.48223114013672,1.3392925262451172,28.477750778198242,0.6306983232498169,0.10559423267841339,7.3227458000183105,28.205387115478516,1.8585926294326782,222.42547607421875,2.2896103858947754,410.041015625,2.9547377380367834e-06,1.1654562870333507e-09,5.276757717132568,42.01628875732422,50.01348114013672,0.07306962460279465,9.182018280029297,0.3621819019317627
393,166622.7119375,224199.125,166620.098578125,1.4223440413475037,2.3827324028015138,1.0,0.5,4.833465576171875,1693.10693359375,8.134456634521484,0.09769932925701141,0.8791657090187073,6.037501335144043,0.9197956919670105,35.51161193847656,1.7706208229064941,35.40370178222656,1.0202137231826782,21.47029685974121,0.6306983232498169,0.10559423267841339,8.48678207397461,29.134021759033203,1.9497401714324951,216.7717742919922,2.5435726642608643,468.7579040527344,2.9547377380367834e-06,1.1654562870333507e-09,4.811182022094727,39.61149978637695,49.80152893066406,0.07240979373455048,8.478198051452637,0.36532190442085266
394,144079.56459375,149661.90625,144076.864625,1.4736693806648253,2.4531828470230104,1.0,0.5,5.433119297027588,1364.978759765625,9.962491989135742,0.1497328132390976,0.8748360872268677,5.962586402893066,1.0196332931518555,40.842811584472656,1.7382210493087769,36.73261642456055,1.1220946311950684,25.110010147094727,0.6306983232498169,0.10559423267841339,6.963583946228027,25.401086807250977,1.8078405857086182,207.302001953125,2.187882661819458,428.3116760253906,2.9547377380367834e-06,1.1654562870333507e-09,4.353461265563965,36.37096405029297,50.35282897949219,0.07512281835079193,8.376018524169922,0.3542180061340332
395,126629.71503125,96465.8359375,126627.029265625,1.4178412361145019,2.5354181747436524,1.0,0.5,3.897773504257202,1068.0621337890625,8.230636596679688,0.08915182948112488,0.7951006293296814,5.656322002410889,0.8940635919570923,34.72072219848633,1.5599652528762817,33.39981460571289,0.9462480545043945,20.846792221069336,0.6306983232498169,0.10559423267841339,6.872498989105225,23.9775390625,1.5143464803695679,179.95301818847656,2.156794786453247,415.49456787109375,2.9547377380367834e-06,1.1654562870333507e-09,4.324738502502441,36.897464752197266,50.40978240966797,0.07365486025810242,8.349617004394531,0.3379775285720825
396,148711.49575,168007.5,148708.8310625,1.462383310317993,2.403151587486267,1.0,0.5,4.999035835266113,1464.3338623046875,8.968235969543457,0.13052284717559814,0.8547542691230774,5.792626857757568,0.9918616414070129,38.80257797241211,1.8337445259094238,36.45854568481445,1.1504089832305908,24.436084747314453,0.6306983232498169,0.10559423267841339,7.696681499481201,26.024646759033203,1.841317892074585,211.75868225097656,1.96635103225708,396.73388671875,2.9547377380367834e-06,1.1654562870333507e-09,4.528835296630859,37.762962341308594,50.68935775756836,0.07436832040548325,8.506135940551758,0.3616850674152374
397,114401.375171875,148236.875,114398.64315625,1.4581444816589355,2.548083149909973,1.0,0.5,3.9382259845733643,1372.4703369140625,8.522214889526367,0.09847069531679153,0.8325995206832886,5.884309768676758,0.9698058366775513,36.16059875488281,1.474633812904358,30.71722412109375,1.1566308736801147,23.71109962463379,0.6306983232498169,0.10559423267841339,6.152414321899414,24.016098022460938,1.6733911037445068,203.9530487060547,1.8997271060943604,381.16680908203125,2.9547377380367834e-06,1.1654562870333507e-09,4.312119483947754,36.17942810058594,50.02033615112305,0.07348529249429703,8.571642875671387,0.3476767838001251
398,131689.4676875,172549.9375,131686.7884375,1.439685990333557,2.4776921854019167,1.0,0.5,4.261849880218506,1471.0740966796875,8.976527214050293,0.11314346641302109,0.8675007224082947,6.445064544677734,0.8411135673522949,33.591678619384766,1.6042962074279785,32.76774215698242,0.9801639318466187,21.565582275390625,0.6306983232498169,0.10559423267841339,6.775029182434082,22.395421981811523,1.6299201250076294,206.74375915527344,2.2498207092285156,451.90509033203125,2.9547377380367834e-06,1.1654562870333507e-09,4.5475335121154785,38.02407455444336,49.012149810791016,0.07116885483264923,8.600905418395996,0.35004323720932007
399,125450.08915625,145890.21875,125447.489625,1.4061326503753662,2.386709581375122,1.0,0.5,5.455366611480713,1335.6553955078125,10.636445045471191,0.17187127470970154,0.8393350839614868,5.699710845947266,0.845523476600647,34.16411209106445,1.6631273031234741,34.355621337890625,0.9674428105354309,21.099472045898438,0.6306983232498169,0.10559423267841339,7.850419521331787,27.60694122314453,1.7669068574905396,224.5213165283203,2.1343255043029785,450.6260986328125,2.9547377380367834e-06,1.1654562870333507e-09,4.533499240875244,37.46978759765625,49.373348236083984,0.07240806519985199,8.916940689086914,0.3629908263683319
400,124862.79190625,64532.19140625,124859.79975,1.4452739405632018,3.0937451362609862,1.0,0.5,3.800569534301758,835.7570190429688,8.443037986755371,0.1066126897931099,0.8181560039520264,5.490823745727539,0.905545711517334,33.01218795776367,1.6074093580245972,30.90072250366211,1.0312694311141968,20.453779220581055,0.6306983232498169,0.10559423267841339,7.301600456237793,24.698984146118164,1.7317798137664795,199.798583984375,2.0159356594085693,400.5835876464844,2.9547377380367834e-06,1.1654562870333507e-09,4.711496353149414,38.06266403198242,48.96536636352539,0.0712585300207138,8.251410484313965,0.3375883400440216
401,139665.53540625,106060.3125,139662.8031875,1.448966703414917,2.5671130027770994,1.0,0.5,4.343079566955566,1106.8677978515625,8.572476387023926,0.0963025912642479,0.8111541271209717,5.5851731300354,0.8592474460601807,34.19089126586914,1.6402740478515625,34.939640045166016,0.9731165170669556,21.052671432495117,0.6306983232498169,0.10559423267841339,6.828583240509033,23.859580993652344,1.9592444896697998,219.52879333496094,2.1406569480895996,454.4618225097656,2.9547377380367834e-06,1.1654562870333507e-09,4.4150495529174805,38.7779655456543,49.281856536865234,0.07109353691339493,8.736455917358398,0.35429367423057556
402,125049.481578125,486807.5,125046.744609375,1.4499509539604187,2.574124165534973,1.0,0.5,4.701401233673096,2570.260009765625,7.9546637535095215,0.08505965024232864,0.9064649343490601,6.699127197265625,0.8740916848182678,32.944644927978516,1.5496799945831299,31.69632911682129,0.9607436060905457,19.75432777404785,0.6306983232498169,0.10559423267841339,7.350544452667236,24.73219108581543,1.370215654373169,188.39794921875,2.020477294921875,410.7188720703125,2.9547377380367834e-06,1.1654562870333507e-09,4.700950622558594,41.5390625,49.6966552734375,0.07224196195602417,8.46037769317627,0.3524998128414154
403,153890.40196875,120343.015625,153887.5713125,1.4451552596092223,2.770164119720459,1.0,0.5,4.2346625328063965,1175.697021484375,8.193354606628418,0.09278424084186554,0.7897648215293884,5.454431533813477,1.0027421712875366,38.45542526245117,1.5894849300384521,34.016231536865234,1.0374290943145752,21.809778213500977,0.6306983232498169,0.10559423267841339,7.744923114776611,25.277040481567383,1.8605936765670776,223.64480590820312,2.439082622528076,497.361572265625,2.9547377380367834e-06,1.1654562870333507e-09,4.212886333465576,36.75581359863281,48.67100524902344,0.07052987813949585,8.825489044189453,0.36512520909309387
404,126027.8463125,99540.9765625,126024.886625,1.4444160413742066,3.028890497207642,1.0,0.5,5.606554985046387,1095.2554931640625,10.20674991607666,0.13444308936595917,0.8617902994155884,5.902833938598633,0.8633235692977905,35.64302444458008,1.4727534055709839,32.8475456237793,1.0158154964447021,23.094619750976562,0.6306983232498169,0.10559423267841339,6.20909309387207,24.509897232055664,1.779127836227417,194.50221252441406,2.0995900630950928,388.9668884277344,2.9547377380367834e-06,1.1654562870333507e-09,4.350414752960205,36.35257339477539,49.378875732421875,0.07229961454868317,8.23965835571289,0.3471144139766693
405,129865.250046875,309675.78125,129862.427,1.453756978034973,2.738422463417053,1.0,0.5,4.814826965332031,2038.7427978515625,8.955705642700195,0.11066683381795883,0.8852894306182861,6.655292987823486,0.8337688446044922,33.84986877441406,1.4893323183059692,30.581756591796875,0.9641713500022888,21.567529678344727,0.6306983232498169,0.10559423267841339,6.317384719848633,23.92392921447754,1.505967378616333,190.541748046875,1.9077483415603638,371.1538391113281,2.9547377380367834e-06,1.1654562870333507e-09,4.286614418029785,41.73350143432617,49.909969329833984,0.07258632034063339,8.404067993164062,0.3511640727519989
406,149017.087109375,106176.7109375,149014.2688125,1.4486297369003296,2.7392131328582763,1.0,0.5,4.515613555908203,1121.685302734375,8.193098068237305,0.09673427045345306,0.8439835906028748,5.785574436187744,1.0507067441940308,39.67737579345703,1.7085967063903809,34.160648345947266,1.2170556783676147,24.811304092407227,0.6306983232498169,0.10559423267841339,7.1072282791137695,24.840639114379883,1.829189419746399,202.82151794433594,2.0526251792907715,426.3996887207031,2.9547377380367834e-06,1.1654562870333507e-09,4.248931407928467,36.23529815673828,50.01519775390625,0.0725100189447403,8.335023880004883,0.3430190682411194
407,125071.441859375,138617.078125,125068.651453125,1.4110125694274902,2.759849096298218,1.0,0.5,3.9984936714172363,1310.3123779296875,8.548944473266602,0.10475125163793564,0.8715111613273621,5.941606044769287,0.9117985963821411,34.283531188964844,1.5423574447631836,31.75977325439453,1.042043685913086,21.558086395263672,0.6306983232498169,0.10559423267841339,6.60087776184082,22.853471755981445,1.6598567962646484,203.73915100097656,2.105492115020752,421.5661315917969,2.9547377380367834e-06,1.1654562870333507e-09,4.1496405601501465,35.55929946899414,49.396484375,0.07140877842903137,8.431866645812988,0.33875444531440735
408,133464.150890625,113367.953125,133461.405984375,1.4607858958244324,2.5695135622024536,1.0,0.5,4.309177398681641,1172.3133544921875,7.5882344245910645,0.08555181324481964,0.9004008173942566,6.21388578414917,0.8969993591308594,33.56228256225586,1.6000781059265137,32.28948974609375,1.0037381649017334,20.828893661499023,0.6306983232498169,0.10559423267841339,6.970767021179199,26.91684913635254,1.6697019338607788,196.4715576171875,2.124627113342285,411.4335021972656,2.9547377380367834e-06,1.1654562870333507e-09,4.762325286865234,39.567771911621094,49.69638442993164,0.0721069872379303,8.564760208129883,0.3503061830997467
409,113908.6981875,115598.8828125,113905.9391796875,1.4374725983142853,2.6447252540588377,1.0,0.5,4.612279891967773,1194.585205078125,8.711006164550781,0.12514668703079224,0.8175874352455139,5.520288944244385,1.0489511489868164,40.674285888671875,1.5535659790039062,31.525291442871094,1.1700572967529297,24.704601287841797,0.6306983232498169,0.10559423267841339,6.509963512420654,24.12454605102539,1.5834205150604248,190.65728759765625,1.998282551765442,386.9817810058594,2.9547377380367834e-06,1.1654562870333507e-09,4.616398334503174,36.7708740234375,49.80243682861328,0.07325612753629684,8.156908988952637,0.3443659543991089
410,128452.3209375,229211.453125,128449.5009375,1.393593276977539,2.853099422454834,1.0,0.5,5.376930236816406,1685.4697265625,9.318374633789062,0.11844941228628159,0.9700282216072083,6.574807643890381,1.0378903150558472,39.15367889404297,1.8290191888809204,37.89118576049805,1.0932711362838745,22.373798370361328,0.6306983232498169,0.10559423267841339,7.924840450286865,25.083261489868164,1.8505115509033203,222.57823181152344,2.735944986343384,559.3993530273438,2.9547377380367834e-06,1.1654562870333507e-09,5.304586410522461,38.97572708129883,49.34169006347656,0.0709882378578186,9.565498352050781,0.3699018955230713
411,131537.0373125,138319.875,131533.996,1.4932159323692322,3.0961607055664064,1.0,0.5,4.7510175704956055,1308.5361328125,8.169183731079102,0.0900799110531807,0.8742581009864807,6.011847972869873,0.9321756362915039,35.12477111816406,1.513681411743164,31.137556076049805,1.0316855907440186,21.313684463500977,0.6306983232498169,0.10559423267841339,6.544561862945557,24.41508674621582,1.6223512887954712,193.48826599121094,2.024123191833496,426.8262634277344,2.9547377380367834e-06,1.1654562870333507e-09,4.394742488861084,35.778343200683594,49.85333251953125,0.07229193300008774,8.224944114685059,0.3474156856536865
412,135629.11315625,115860.6328125,135626.226359375,1.4775706663131714,2.818806692123413,1.0,0.5,4.199812889099121,1195.1417236328125,8.087881088256836,0.09277195483446121,0.791578471660614,5.419200420379639,0.944782018661499,41.61212921142578,1.5920768976211548,35.70314025878906,1.0733813047409058,26.169769287109375,0.6306983232498169,0.10559423267841339,6.2625861167907715,24.53389549255371,1.7738395929336548,206.3063507080078,1.899026870727539,381.45062255859375,2.9547377380367834e-06,1.1654562870333507e-09,4.024665832519531,35.68769073486328,50.22984313964844,0.07379540055990219,8.221850395202637,0.3401319980621338
413,116659.16978125,149432.6875,116656.476546875,1.4504959993362427,2.486839572906494,1.0,0.5,5.502612590789795,1373.82275390625,9.813443183898926,0.14148706197738647,0.8856787085533142,6.030766010284424,1.0457950830459595,41.30580520629883,1.6588127613067627,34.03770446777344,1.1141762733459473,24.79112434387207,0.6306983232498169,0.10559423267841339,7.461840629577637,24.465024948120117,1.8003374338150024,205.8809356689453,2.1983628273010254,396.1275939941406,2.9547377380367834e-06,1.1654562870333507e-09,4.225912570953369,35.037010192871094,49.79513168334961,0.07229923456907272,8.579282760620117,0.34423670172691345
414,118465.73140625,98174.8359375,118462.958203125,1.4249000177383422,2.6938145713806154,1.0,0.5,4.386867046356201,1052.816650390625,9.454894065856934,0.14866401255130768,0.9103800058364868,6.114713668823242,0.9118796586990356,37.40888977050781,1.588979721069336,33.942543029785156,1.020816683769226,23.288570404052734,0.6306983232498169,0.10559423267841339,6.836455345153809,23.669700622558594,1.6962032318115234,209.22842407226562,2.1730716228485107,466.2012023925781,2.9547377380367834e-06,1.1654562870333507e-09,4.443961143493652,34.50680160522461,49.02397537231445,0.07148654758930206,8.591293334960938,0.3556041419506073
415,119341.675625,294527.6875,119338.964203125,1.4435711178779602,2.53591100692749,1.0,0.5,6.372286319732666,1973.7362060546875,9.653923988342285,0.15269067883491516,0.939087450504303,6.667526721954346,1.0289502143859863,44.63703536987305,1.6669628620147705,35.34209060668945,1.1236505508422852,27.27385139465332,0.6306983232498169,0.10559423267841339,7.457223415374756,24.140052795410156,1.8937220573425293,214.27955627441406,2.134206771850586,419.3038330078125,2.9547377380367834e-06,1.1654562870333507e-09,4.560842037200928,37.21720504760742,50.28215789794922,0.07386302202939987,8.161138534545898,0.3551071584224701
416,143176.9623125,134886.203125,143174.3315625,1.4386111636161805,2.3855775957107546,1.0,0.5,4.777664661407471,1269.187744140625,9.11091136932373,0.12108071893453598,0.87134850025177,5.830059051513672,0.9284168481826782,35.476070404052734,1.7194010019302368,34.7177619934082,1.0704392194747925,22.844318389892578,0.6306983232498169,0.10559423267841339,7.530947685241699,26.470056533813477,2.024404287338257,229.97352600097656,2.4159960746765137,468.2231750488281,2.9547377380367834e-06,1.1654562870333507e-09,4.723639965057373,41.3040657043457,48.761741638183594,0.07012077420949936,8.82555103302002,0.3742828965187073
417,140634.495625,116507.8515625,140631.75003125,1.3930402352809905,2.705523197174072,1.0,0.5,3.9477720260620117,1204.9732666015625,7.742797374725342,0.09829690307378769,0.8793602585792542,6.071824550628662,0.9616533517837524,35.959774017333984,1.5035356283187866,30.345062255859375,1.0987671613693237,22.671070098876953,0.6306983232498169,0.10559423267841339,6.092779636383057,22.439245223999023,1.7124563455581665,191.4992218017578,1.9096559286117554,371.3843688964844,2.9547377380367834e-06,1.1654562870333507e-09,4.404149055480957,35.50288009643555,49.6618537902832,0.07203499227762222,8.30395793914795,0.35312870144844055
418,106697.50671875,137452.828125,106694.74375,1.4392196741104126,2.6465668497085573,1.0,0.5,4.71820592880249,1295.793701171875,8.641824722290039,0.12971830368041992,0.8846837282180786,6.070075511932373,1.097530722618103,42.85778045654297,1.7946662902832031,35.59006881713867,1.2190302610397339,26.482685089111328,0.6306983232498169,0.10559423267841339,7.995570659637451,26.754249572753906,1.8655641078948975,223.31259155273438,2.2504639625549316,434.9647521972656,2.9547377380367834e-06,1.1654562870333507e-09,4.697354793548584,40.194393157958984,49.1243782043457,0.07145694643259048,8.546344757080078,0.366557240486145
419,122835.25090625,164629.234375,122832.38146875,1.4456355924606323,2.8482742700576784,1.0,0.5,5.437201976776123,1432.09619140625,9.98346996307373,0.17688904702663422,0.83856600522995,5.653428554534912,1.0901426076889038,44.69548034667969,1.8360648155212402,39.42259979248047,1.2099040746688843,27.410934448242188,0.6306983232498169,0.10559423267841339,8.123062133789062,26.850914001464844,2.072247266769409,227.9687957763672,2.408608913421631,442.0710144042969,2.9547377380367834e-06,1.1654562870333507e-09,4.624670505523682,37.869407653808594,49.19514465332031,0.07145927846431732,8.800276756286621,0.35460591316223145
420,122167.5224375,82059.2734375,122164.8184375,1.4314400081634522,2.544864973068237,1.0,0.5,3.727281093597412,958.7413330078125,8.141281127929688,0.09325830638408661,0.9186691641807556,6.321946620941162,0.8294697999954224,33.247825622558594,1.5399162769317627,32.00425720214844,0.8812921047210693,19.085124969482422,0.6306983232498169,0.10559423267841339,7.293348789215088,23.582569122314453,1.5774885416030884,193.52854919433594,1.972921371459961,433.336181640625,2.9547377380367834e-06,1.1654562870333507e-09,4.574339389801025,36.04315185546875,49.5488395690918,0.07239694148302078,8.441398620605469,0.35000303387641907
421,112257.96153125,92608.4453125,112255.0325625,1.4472025895118714,2.965028028488159,1.0,0.5,3.781651258468628,1038.9326171875,7.785419940948486,0.09639321267604828,0.8604483604431152,5.94512939453125,0.9240304231643677,35.641605377197266,1.5618517398834229,31.812969207763672,1.0187153816223145,22.177595138549805,0.6306983232498169,0.10559423267841339,6.115596294403076,22.952634811401367,1.6737943887710571,204.88839721679688,2.0126965045928955,412.880615234375,2.9547377380367834e-06,1.1654562870333507e-09,4.381828308105469,36.45637893676758,49.78322219848633,0.07211127132177353,8.17673397064209,0.3390461802482605
422,108561.5715625,109514.2265625,108558.616875,1.4672205333709716,2.9745578746795656,1.0,0.5,5.335556507110596,1140.232177734375,9.019790649414062,0.13900595903396606,0.8994892239570618,6.097044944763184,0.9741666913032532,37.236305236816406,1.615800142288208,32.71879196166992,1.035264015197754,21.121444702148438,0.6306983232498169,0.10559423267841339,7.3003315925598145,25.343536376953125,1.5140661001205444,196.40890502929688,2.101177453994751,435.5517272949219,2.9547377380367834e-06,1.1654562870333507e-09,4.237536907196045,34.38624572753906,49.365882873535156,0.07094921916723251,7.692907810211182,0.3324436843395233
423,116174.94846875,103076.609375,116172.305640625,1.4202369689941405,2.4445308351516726,1.0,0.5,4.960936069488525,1084.656982421875,9.340296745300293,0.14435701072216034,0.8696720004081726,5.8333210945129395,0.9789173603057861,40.02900314331055,1.6873115301132202,35.4080924987793,1.0991426706314087,24.45905303955078,0.6306983232498169,0.10559423267841339,7.611175537109375,25.010183334350586,2.063168525695801,229.37420654296875,2.3835740089416504,456.699951171875,2.9547377380367834e-06,1.1654562870333507e-09,4.749101638793945,35.60649108886719,49.178077697753906,0.07130072265863419,8.594749450683594,0.3574216067790985
424,110935.409421875,168048.171875,110932.538328125,1.440030665397644,2.8623760633468627,1.0,0.5,6.351110458374023,1453.2581787109375,10.609631538391113,0.15666207671165466,0.8722361922264099,5.988450527191162,0.927436351776123,41.07259750366211,1.778246283531189,39.22746276855469,1.031537652015686,25.154977798461914,0.6306983232498169,0.10559423267841339,8.300843238830566,26.829853057861328,1.7206950187683105,197.12942504882812,2.161311149597168,442.6858215332031,2.9547377380367834e-06,1.1654562870333507e-09,4.386636734008789,35.310203552246094,49.398712158203125,0.07250310480594635,8.525322914123535,0.35954633355140686
425,135207.299765625,317118.875,135204.342875,1.4502889466285707,3.014205191612244,1.0,0.5,4.817628383636475,2050.806640625,8.965187072753906,0.11577113717794418,0.9964513778686523,6.653867721557617,0.9345736503601074,35.00824737548828,1.573451042175293,31.74843406677246,1.002941608428955,21.148088455200195,0.6306983232498169,0.10559423267841339,7.084959030151367,26.171262741088867,1.5916264057159424,207.03370666503906,2.1729507446289062,431.34161376953125,2.9547377380367834e-06,1.1654562870333507e-09,5.2095232009887695,38.797447204589844,48.29689407348633,0.06966625154018402,8.244267463684082,0.3455164432525635
426,143359.574046875,377928.84375,143356.571375,1.4003975715637207,3.2046946077346803,1.0,0.5,4.715724468231201,2253.790283203125,8.242881774902344,0.1067211851477623,0.9481520652770996,6.906965732574463,0.8643731474876404,33.83888244628906,1.5221734046936035,32.577213287353516,0.9584554433822632,21.02989387512207,0.6306983232498169,0.10559423267841339,7.001122951507568,26.080886840820312,1.4778010845184326,192.61265563964844,1.930606722831726,411.54833984375,2.9547377380367834e-06,1.1654562870333507e-09,4.402312755584717,39.51353073120117,48.52632141113281,0.07132387906312943,7.959897041320801,0.3636370599269867
427,103640.259078125,240855.21875,103637.36471875,1.4106021628379821,2.966669421195984,1.0,0.5,5.0944294929504395,1754.253662109375,9.920032501220703,0.13115552067756653,0.9867124557495117,7.1306352615356445,0.9044978022575378,35.34056091308594,1.6990101337432861,34.23331069946289,1.0185542106628418,21.932941436767578,0.6306983232498169,0.10559423267841339,7.409735202789307,25.101993560791016,1.6578575372695923,228.0321044921875,2.2846217155456543,486.9465637207031,2.9547377380367834e-06,1.1654562870333507e-09,4.684978485107422,42.962432861328125,50.0448112487793,0.07244876772165298,8.79411792755127,0.3702753186225891
428,136946.05025,176142.0625,136942.864234375,1.455524263381958,3.4604442386627197,1.0,0.5,4.992443084716797,1485.622802734375,8.055898666381836,0.0970243364572525,0.8767543435096741,5.753028392791748,0.9763811826705933,37.25938415527344,1.7107254266738892,35.60410690307617,1.0445020198822021,22.509016036987305,0.6306983232498169,0.10559423267841339,7.532151699066162,25.720075607299805,1.7786781787872314,216.9178924560547,2.2582144737243652,454.2876892089844,2.9547377380367834e-06,1.1654562870333507e-09,4.5626444816589355,40.04648971557617,48.52572250366211,0.06951219588518143,8.334955215454102,0.36562854051589966
429,138234.400375,58060.515625,138231.18609375,1.4286295199394226,3.572958667755127,1.0,0.5,3.618537187576294,790.4011840820312,8.000848770141602,0.09889614582061768,0.8418686389923096,5.731182098388672,0.8580881953239441,32.90567398071289,1.5061718225479126,31.377277374267578,0.9457149505615234,20.272747039794922,0.6306983232498169,0.10559423267841339,6.0821943283081055,22.376182556152344,1.6176486015319824,179.6297149658203,2.0406124591827393,389.3790283203125,2.9547377380367834e-06,1.1654562870333507e-09,4.2327680587768555,34.590858459472656,48.84764862060547,0.07084506750106812,8.29941177368164,0.34782811999320984
430,113087.412625,128133.265625,113084.316421875,1.4332023763656616,3.3259724712371828,1.0,0.5,4.651103973388672,1252.85009765625,8.467256546020508,0.10388817638158798,0.8368637561798096,5.693055629730225,0.92067551612854,36.48772048950195,1.6854097843170166,35.506690979003906,1.0650509595870972,23.425649642944336,0.6306983232498169,0.10559423267841339,7.064713478088379,26.668048858642578,1.8165357112884521,210.5773468017578,2.1496431827545166,417.52874755859375,2.9547377380367834e-06,1.1654562870333507e-09,4.754078388214111,40.65355682373047,48.187137603759766,0.06967566162347794,8.400291442871094,0.36801332235336304
431,102555.136203125,94635.0234375,102552.03915625,1.430067409992218,3.333376009941101,1.0,0.5,5.740962982177734,1062.5947265625,9.819658279418945,0.15270182490348816,0.8426399827003479,5.71968412399292,0.9494025111198425,35.146724700927734,1.430725336074829,30.07514762878418,1.0620532035827637,21.439424514770508,0.6306983232498169,0.10559423267841339,6.278614521026611,23.18290138244629,1.6570987701416016,198.5520477294922,1.7781400680541992,389.727294921875,2.9547377380367834e-06,1.1654562870333507e-09,4.355430603027344,35.77178192138672,48.878944396972656,0.07112161070108414,8.209693908691406,0.3506341576576233
432,120261.0300625,101909.46875,120258.144375,1.4225487251281739,2.9260481328964234,1.0,0.5,4.775918483734131,1100.5123291015625,8.433847427368164,0.10226821899414062,0.7867230176925659,5.3365607261657715,0.9687026739120483,39.07504653930664,1.5831019878387451,35.44938659667969,1.0389089584350586,23.255266189575195,0.6306983232498169,0.10559423267841339,6.739874839782715,23.190040588378906,1.6230019330978394,205.459716796875,2.0447757244110107,410.2893371582031,2.9547377380367834e-06,1.1654562870333507e-09,3.9647328853607178,33.781558990478516,48.478546142578125,0.06910253316164017,8.200172424316406,0.33600813150405884
433,109283.67178125,163236.859375,109280.943125,1.411037244796753,2.636090350151062,1.0,0.5,3.982558488845825,1450.6785888671875,7.993131160736084,0.0972219929099083,0.8172685503959656,5.725658416748047,0.8159546256065369,32.00592803955078,1.4060169458389282,28.61590003967285,0.9391030073165894,20.75069808959961,0.6306983232498169,0.10559423267841339,6.220274448394775,23.13202476501465,1.4661718606948853,191.36697387695312,1.873175024986267,374.2877502441406,2.9547377380367834e-06,1.1654562870333507e-09,4.16815710067749,35.64466857910156,49.59575653076172,0.07138153165578842,8.076183319091797,0.3497809171676636
434,129143.99346875,263918.6875,129140.91075,1.4621723475456239,3.239568622589111,1.0,0.5,4.541092872619629,1874.135498046875,8.167216300964355,0.11385634541511536,0.9801240563392639,6.769176959991455,1.1129907369613647,39.831600189208984,1.6979137659072876,32.23442077636719,1.2028907537460327,24.16128158569336,0.6306983232498169,0.10559423267841339,9.04337215423584,28.14057731628418,1.6904085874557495,185.8642578125,2.0844781398773193,377.2989807128906,2.9547377380367834e-06,1.1654562870333507e-09,4.650564670562744,38.81975173950195,49.599327087402344,0.07153356820344925,8.292043685913086,0.35137230157852173
435,142638.691875,114779.78125,142635.60925,1.4440748772621155,3.275687029838562,1.0,0.5,4.275908470153809,1174.7012939453125,9.849818229675293,0.1506253480911255,0.8449183702468872,5.811665058135986,0.941113293170929,38.08370590209961,1.468793511390686,33.09800720214844,1.019047737121582,22.81305694580078,0.6306983232498169,0.10559423267841339,6.932409286499023,24.172611236572266,1.5088441371917725,179.01353454589844,2.063231945037842,436.05303955078125,2.9547377380367834e-06,1.1654562870333507e-09,4.227226734161377,33.15196228027344,48.45431900024414,0.07031096518039703,8.261777877807617,0.3401588201522827
436,109214.82396875,120259.4921875,109211.93046875,1.4240857200622559,2.9404392671585082,1.0,0.5,3.9213669300079346,1193.06103515625,8.000750541687012,0.10109914094209671,0.8298777937889099,5.787765979766846,0.8690301179885864,34.90299987792969,1.451941728591919,31.668682098388672,0.9675672054290771,21.568754196166992,0.6306983232498169,0.10559423267841339,6.0853118896484375,23.1451473236084,1.759144902229309,224.0366668701172,2.063342332839966,453.3630676269531,2.9547377380367834e-06,1.1654562870333507e-09,4.300493240356445,35.06450271606445,49.106651306152344,0.07122361660003662,8.02449893951416,0.3441201150417328
437,99977.9102421875,341001.78125,99975.01446875,1.4254611744880676,2.9392687873840333,1.0,0.5,4.981369495391846,2138.92138671875,8.722697257995605,0.09865743666887283,0.903150737285614,6.332675457000732,0.9555942416191101,37.751731872558594,1.557868480682373,33.6698112487793,1.0270252227783203,22.252668380737305,0.6306983232498169,0.10559423267841339,6.856542587280273,25.188156127929688,1.7810819149017334,197.69093322753906,1.932950735092163,393.47149658203125,2.9547377380367834e-06,1.1654562870333507e-09,4.271100044250488,37.228668212890625,49.396385192871094,0.07089706510305405,8.016947746276855,0.35086652636528015
438,138167.6881875,228861.078125,138164.76259375,1.414844145298004,3.022293571472168,1.0,0.5,6.1925048828125,1730.34912109375,7.854546070098877,0.08644866198301315,1.0520881414413452,6.943959712982178,1.0310757160186768,39.47174835205078,1.6575628519058228,35.533782958984375,1.1364517211914062,23.86472511291504,0.6306983232498169,0.10559423267841339,8.86816120147705,27.732385635375977,1.6139520406723022,194.32461547851562,1.90510094165802,407.7178039550781,2.9547377380367834e-06,1.1654562870333507e-09,5.608521461486816,41.48210906982422,48.85529327392578,0.07128144055604935,8.507076263427734,0.361548513174057
439,109694.577171875,174302.015625,109691.64115625,1.4270979013442993,3.017632866859436,1.0,0.5,4.566887378692627,1508.3421630859375,8.763274192810059,0.10646390169858932,0.8322063088417053,5.824154376983643,0.8946669101715088,32.98291778564453,1.421189546585083,28.402177810668945,1.0031952857971191,20.510591506958008,0.6306983232498169,0.10559423267841339,6.595183372497559,23.128093719482422,1.6350584030151367,186.45411682128906,1.8461883068084717,355.36065673828125,2.9547377380367834e-06,1.1654562870333507e-09,4.023410320281982,34.339656829833984,48.75010681152344,0.07046864181756973,8.007916450500488,0.32590264081954956
440,120515.9595,139355.34375,120512.74540625,1.4510122890472412,3.5255265798568725,1.0,0.5,4.034976959228516,1319.5391845703125,7.935620307922363,0.09387370944023132,0.8389075398445129,5.649518013000488,0.9578416347503662,39.86959457397461,1.4665015935897827,34.673606872558594,1.1122263669967651,25.42223358154297,0.6306983232498169,0.10559423267841339,7.155975818634033,23.905864715576172,1.7991710901260376,203.6988983154297,1.9553395509719849,403.6533203125,2.9547377380367834e-06,1.1654562870333507e-09,4.465414524078369,36.04069519042969,48.49903106689453,0.07125120609998703,8.091631889343262,0.3398391008377075
441,120053.803859375,125914.5546875,120050.966828125,1.4374950547218324,2.7985954360961913,1.0,0.5,3.980062246322632,1236.503173828125,7.439748764038086,0.087623231112957,0.7627384662628174,5.039009094238281,0.8244986534118652,32.81638717651367,1.5113697052001953,31.81447982788086,0.9042621850967407,19.81022071838379,0.6306983232498169,0.10559423267841339,7.333201885223389,23.740543365478516,1.5234229564666748,200.46469116210938,2.1205506324768066,435.2319030761719,2.9547377380367834e-06,1.1654562870333507e-09,4.288166046142578,34.03884506225586,49.010581970214844,0.07114908844232559,8.008566856384277,0.34207087755203247
442,105908.702890625,87476.9921875,105905.8070625,1.4336765022277833,2.925229899406433,1.0,0.5,3.892366886138916,1009.8881225585938,7.418646812438965,0.07879528403282166,0.7795928716659546,5.281343936920166,0.8808202147483826,36.28310775756836,1.48054039478302,32.46474838256836,0.9584330320358276,22.53243637084961,0.6306983232498169,0.10559423267841339,6.917911052703857,23.02140235900879,1.700864315032959,194.71957397460938,2.0121326446533203,402.7087707519531,2.9547377380367834e-06,1.1654562870333507e-09,4.244177341461182,35.43992614746094,47.74127960205078,0.06856118142604828,7.922302722930908,0.32001185417175293
443,132190.97315625,92193.1953125,132188.206828125,1.4322494740486145,2.6688536405563354,1.0,0.5,4.251857280731201,1051.14794921875,8.081791877746582,0.10188236832618713,0.8426542282104492,5.865149021148682,0.8264791369438171,31.499526977539062,1.480533480644226,29.15088653564453,0.9339866042137146,19.894397735595703,0.6306983232498169,0.10559423267841339,6.8740553855896,21.952150344848633,1.7062267065048218,192.32728576660156,2.000675916671753,380.4046936035156,2.9547377380367834e-06,1.1654562870333507e-09,4.4819722175598145,36.31861877441406,47.712608337402344,0.06881039589643478,7.9182634353637695,0.32974952459335327
444,90599.396625,79069.3671875,90596.646578125,1.4277063007354736,2.644978614807129,1.0,0.5,4.547110557556152,949.4763793945312,9.231966972351074,0.12447647750377655,0.8469266891479492,5.765944957733154,0.877799928188324,33.012245178222656,1.5494437217712402,31.304983139038086,0.9670408368110657,20.709318161010742,0.6306983232498169,0.10559423267841339,6.768520832061768,23.34952163696289,1.6372150182724,195.4084930419922,1.9962774515151978,403.69940185546875,2.9547377380367834e-06,1.1654562870333507e-09,4.185394287109375,34.762516021728516,48.04429244995117,0.06942997127771378,8.185635566711426,0.33930185437202454
445,95048.436625,159438.15625,95045.143203125,1.3939634776115417,3.798880063056946,1.0,0.5,4.262452125549316,1420.0980224609375,7.659529685974121,0.08691328018903732,0.8481075763702393,5.9254045486450195,0.774673581123352,31.266510009765625,1.4672433137893677,30.258935928344727,0.8598256707191467,19.24182891845703,0.6306983232498169,0.10559423267841339,6.664031028747559,22.823301315307617,1.513180136680603,194.49427795410156,1.956454873085022,416.58538818359375,2.9547377380367834e-06,1.1654562870333507e-09,4.2418012619018555,35.24484634399414,48.6506233215332,0.07105404138565063,8.430791854858398,0.3431522846221924
446,83837.22421875,82334.3671875,83834.2060625,1.461524691104889,3.1128805379867552,1.0,0.5,4.34444522857666,980.9663696289062,8.340906143188477,0.12250032275915146,0.7843448519706726,5.352782249450684,0.8616489171981812,32.66587448120117,1.5777256488800049,30.38931655883789,0.9891470074653625,20.893465042114258,0.6306983232498169,0.10559423267841339,6.860654830932617,21.996034622192383,1.601495623588562,197.42706298828125,1.835315465927124,383.9367980957031,2.9547377380367834e-06,1.1654562870333507e-09,3.885014057159424,32.23851013183594,48.27952575683594,0.06978053599596024,7.87509822845459,0.3409670889377594
447,101466.987875,99420.953125,101464.098859375,1.4286042075157166,2.9205802612304685,1.0,0.5,3.787940263748169,1086.7813720703125,7.666799545288086,0.08346589654684067,0.8085141777992249,5.633047103881836,0.839425265789032,35.025550842285156,1.3847054243087769,32.113136291503906,0.9536522626876831,22.27214813232422,0.6306983232498169,0.10559423267841339,5.832797050476074,21.359996795654297,1.4611912965774536,179.54986572265625,1.7776668071746826,417.2379150390625,2.9547377380367834e-06,1.1654562870333507e-09,3.9522454738616943,34.78058624267578,49.3292121887207,0.07254597544670105,7.845988750457764,0.32668596506118774
448,91938.5381875,162063.046875,91935.4933125,1.4445670104026795,3.2001162452697756,1.0,0.5,4.515917778015137,1442.7899169921875,8.357754707336426,0.11603516340255737,0.8615987300872803,6.0032148361206055,0.8145842552185059,32.80695343017578,1.4638398885726929,30.86207389831543,0.8953245282173157,20.07414436340332,0.6306983232498169,0.10559423267841339,6.581695556640625,22.347448348999023,1.5736901760101318,193.70191955566406,1.89385986328125,381.5727844238281,2.9547377380367834e-06,1.1654562870333507e-09,4.024303913116455,33.63069534301758,49.24140167236328,0.07155946642160416,7.7568359375,0.33591344952583313
449,100540.291265625,137462.890625,100537.343828125,1.4442886040210723,3.0059084882736204,1.0,0.5,4.088581562042236,1327.5423583984375,7.967947483062744,0.10383913666009903,0.823936402797699,5.568916320800781,0.7631140351295471,29.611614227294922,1.395854115486145,28.791242599487305,0.871537983417511,18.81012725830078,0.6306983232498169,0.10559423267841339,6.228354454040527,22.162134170532227,1.5930557250976562,182.90994262695312,1.7584972381591797,353.474853515625,2.9547377380367834e-06,1.1654562870333507e-09,4.00872802734375,33.27717971801758,48.42585372924805,0.07044694572687149,7.85546875,0.33062276244163513
450,104890.5425625,97407.40625,104887.146078125,1.4388615245819092,3.9147570638656615,1.0,0.5,4.558915615081787,1069.3033447265625,7.719847679138184,0.09027765691280365,0.8243633508682251,5.579541206359863,0.8398841023445129,33.0576057434082,1.5442802906036377,33.05378341674805,0.9158666133880615,20.015352249145508,0.6306983232498169,0.10559423267841339,6.764406681060791,23.03163719177246,1.735183596611023,207.74838256835938,1.977974534034729,415.572998046875,2.9547377380367834e-06,1.1654562870333507e-09,4.182927131652832,35.56090545654297,48.28140640258789,0.06934226304292679,8.033123970031738,0.33815160393714905
451,90868.861046875,199187.03125,90865.793390625,1.4339099202156067,3.267130663871765,1.0,0.5,4.033894062042236,1609.9296875,8.73376750946045,0.11401873826980591,0.8411045074462891,5.87733793258667,0.8502293229103088,36.83826446533203,1.4926888942718506,32.18846893310547,0.9604970216751099,23.27619743347168,0.6306983232498169,0.10559423267841339,6.70562219619751,23.580888748168945,1.6146912574768066,194.78993225097656,1.8856700658798218,392.5533142089844,2.9547377380367834e-06,1.1654562870333507e-09,4.247620105743408,33.99995422363281,49.33126449584961,0.07180587202310562,8.305252075195312,0.3374880254268646
452,114609.840109375,96338.78125,114606.8455,1.4462979197502137,3.09740052318573,1.0,0.5,3.704461097717285,1069.7618408203125,7.479532241821289,0.08894223719835281,0.7636345624923706,5.317430019378662,0.8811975717544556,35.537742614746094,1.4580525159835815,31.482412338256836,0.9817840456962585,21.738889694213867,0.6306983232498169,0.10559423267841339,6.170973300933838,22.816865921020508,1.4966089725494385,179.28924560546875,1.9218437671661377,409.7032165527344,2.9547377380367834e-06,1.1654562870333507e-09,3.8625259399414062,32.450035095214844,48.700477600097656,0.07009107619524002,7.559942245483398,0.32490724325180054
453,101763.351,68719.6640625,101760.01425,1.450821184873581,3.7724212465286255,1.0,0.5,3.8471407890319824,860.306396484375,8.122591972351074,0.09753760695457458,0.8326018452644348,5.4519453048706055,0.8331484198570251,32.15199279785156,1.4185084104537964,29.37934112548828,0.9123930931091309,19.873828887939453,0.6306983232498169,0.10559423267841339,6.311709403991699,21.749462127685547,1.547615647315979,193.72958374023438,2.13417387008667,424.9322814941406,2.9547377380367834e-06,1.1654562870333507e-09,3.9918036460876465,32.13795471191406,48.51829528808594,0.06951145082712173,8.14883804321289,0.31842806935310364
454,95531.71153125,107190.078125,95528.894859375,1.4383375492095947,2.7562381801605222,1.0,0.5,4.261250972747803,1154.0919189453125,8.522540092468262,0.11022571474313736,0.8241193294525146,5.641632556915283,0.8429557085037231,32.356101989746094,1.3798226118087769,28.347637176513672,0.9704046249389648,20.777956008911133,0.6306983232498169,0.10559423267841339,6.3309760093688965,22.614168167114258,1.4494291543960571,189.9281768798828,1.7422469854354858,358.637451171875,2.9547377380367834e-06,1.1654562870333507e-09,4.523992538452148,34.51253890991211,48.93610382080078,0.07145481556653976,8.206599235534668,0.3300468623638153
455,105415.768109375,196148.140625,105412.80196875,1.4322486386299134,3.068182737350464,1.0,0.5,5.351498126983643,1597.30029296875,8.917405128479004,0.10437148809432983,0.8100032806396484,5.640965461730957,0.8673924803733826,34.03845977783203,1.4666556119918823,31.644657135009766,0.9367628693580627,20.926433563232422,0.6306983232498169,0.10559423267841339,6.108463287353516,22.221073150634766,1.6088653802871704,200.1087646484375,1.7830336093902588,387.7269287109375,2.9547377380367834e-06,1.1654562870333507e-09,3.900174856185913,34.412193298339844,48.003883361816406,0.068995401263237,8.140310287475586,0.3322061002254486
456,92256.239,187317.015625,92253.2325625,1.422942105293274,3.16654536819458,1.0,0.5,3.734177350997925,1550.1427001953125,8.093591690063477,0.09381340444087982,0.8390580415725708,5.959646701812744,0.8543087840080261,35.091636657714844,1.4059585332870483,31.599496841430664,0.9327696561813354,21.997135162353516,0.6306983232498169,0.10559423267841339,6.027853488922119,22.657865524291992,1.4690195322036743,194.15773010253906,1.8110387325286865,421.07745361328125,2.9547377380367834e-06,1.1654562870333507e-09,4.0636701583862305,34.74463653564453,49.03031921386719,0.07129086554050446,8.190011024475098,0.3359892964363098
457,103337.605625,77752.375,103334.82375,1.4458218402862548,2.672033864021301,1.0,0.5,4.226953506469727,936.3064575195312,8.93689250946045,0.10582754760980606,0.8029182553291321,5.681828022003174,0.8398178815841675,33.12804412841797,1.5267486572265625,30.772846221923828,0.9351508617401123,20.86451530456543,0.6306983232498169,0.10559423267841339,6.780340671539307,21.634180068969727,1.664525032043457,196.95252990722656,1.9430911540985107,410.9381103515625,2.9547377380367834e-06,1.1654562870333507e-09,4.132690906524658,34.64543914794922,48.83431625366211,0.07047880440950394,8.649674415588379,0.34502074122428894
458,89551.788890625,192179.453125,89548.9234375,1.469799219608307,2.790923370361328,1.0,0.5,4.162779808044434,1569.6048583984375,8.835853576660156,0.13043959438800812,0.8205124139785767,5.660233974456787,0.7964679002761841,33.7230224609375,1.4722132682800293,31.812959671020508,0.8770514130592346,20.630720138549805,0.6306983232498169,0.10559423267841339,6.3614912033081055,22.722728729248047,1.4865361452102661,196.21456909179688,1.9693490266799927,429.1100158691406,2.9547377380367834e-06,1.1654562870333507e-09,3.929724931716919,32.726783752441406,49.11063766479492,0.0717184916138649,8.011289596557617,0.34560245275497437
459,107823.5838125,86296.7265625,107820.635078125,1.4521938862800599,2.9931935873031614,1.0,0.5,4.168761730194092,1001.7728881835938,8.875188827514648,0.10199982672929764,0.7825876474380493,5.190562725067139,0.8545482754707336,33.69557189941406,1.5750294923782349,33.61017990112305,0.9909906387329102,22.05171775817871,0.6306983232498169,0.10559423267841339,7.399445533752441,25.361928939819336,1.6918823719024658,213.2361297607422,1.9240111112594604,392.8653259277344,2.9547377380367834e-06,1.1654562870333507e-09,4.610860347747803,36.725643157958984,48.63180923461914,0.06961371004581451,9.272854804992676,0.3571110963821411
460,105738.708390625,122426.875,105735.93596875,1.4242768902778626,2.6967831630706787,1.0,0.5,4.327855110168457,1216.979248046875,8.44947624206543,0.11874210834503174,0.832916796207428,5.726415157318115,0.856998860836029,35.25856399536133,1.4661840200424194,31.85858917236328,0.9664446115493774,22.11644744873047,0.6306983232498169,0.10559423267841339,6.3102521896362305,23.601139068603516,1.6121454238891602,208.8192138671875,2.0057373046875,429.8379821777344,2.9547377380367834e-06,1.1654562870333507e-09,4.269680976867676,34.81429672241211,48.765357971191406,0.07076819986104965,8.06153678894043,0.33328738808631897
461,97441.313734375,113155.3671875,97438.473328125,1.4371663012504579,2.8065233821868896,1.0,0.5,4.447465896606445,1171.07861328125,9.105895042419434,0.14911222457885742,0.8303521275520325,5.804391384124756,0.923382043838501,39.82487106323242,1.459779143333435,31.751907348632812,1.0059807300567627,24.148330688476562,0.6306983232498169,0.10559423267841339,6.108335018157959,21.070722579956055,1.6065033674240112,207.9662628173828,1.999374508857727,405.96112060546875,2.9547377380367834e-06,1.1654562870333507e-09,3.851482629776001,31.902063369750977,49.48063278198242,0.07208134979009628,8.068697929382324,0.33583423495292664
462,93708.567265625,86687.171875,93705.804265625,1.4138783478736878,2.6983886852264405,1.0,0.5,3.8034896850585938,1024.188232421875,8.171855926513672,0.10297205299139023,0.7467097640037537,5.194303512573242,0.818322479724884,32.2734260559082,1.407930850982666,29.10397720336914,0.9284814596176147,20.70449447631836,0.6306983232498169,0.10559423267841339,6.116355895996094,20.755908966064453,1.5139431953430176,192.34249877929688,1.6784849166870117,351.609130859375,2.9547377380367834e-06,1.1654562870333507e-09,4.109478950500488,35.1728630065918,49.266693115234375,0.0715206041932106,8.475639343261719,0.341091126203537
463,91025.849703125,67003.2890625,91022.843671875,1.434532265663147,3.143693968772888,1.0,0.5,3.403663158416748,866.9161376953125,7.657234191894531,0.08196236193180084,0.7941564321517944,5.342741966247559,0.7823314666748047,30.553895950317383,1.3561948537826538,28.979236602783203,0.873325765132904,19.02216911315918,0.6306983232498169,0.10559423267841339,5.588043689727783,19.862247467041016,1.6208192110061646,192.78721618652344,2.016118049621582,381.77301025390625,2.9547377380367834e-06,1.1654562870333507e-09,3.774296760559082,31.697168350219727,49.226505279541016,0.07065144926309586,8.018842697143555,0.3280736804008484
464,88504.68840625,111164.1328125,88501.38115625,1.4505275454521178,3.712394949913025,1.0,0.5,4.4431633949279785,1175.46142578125,8.967862129211426,0.1290276199579239,0.7639095783233643,5.3120551109313965,0.8441451191902161,32.4341926574707,1.3920719623565674,28.889034271240234,0.9650678634643555,20.095754623413086,0.6306983232498169,0.10559423267841339,6.306708812713623,21.509883880615234,1.5787463188171387,185.5491943359375,1.6072839498519897,369.07208251953125,2.9547377380367834e-06,1.1654562870333507e-09,4.211673736572266,33.78386306762695,49.16123962402344,0.07143180817365646,8.29517650604248,0.3370470702648163
465,83206.1343828125,180874.296875,83202.725328125,1.4279168939590454,3.9621694650650023,1.0,0.5,4.278456687927246,1535.2447509765625,7.778470993041992,0.08711573481559753,1.0164661407470703,6.793313980102539,0.8789063692092896,33.60066223144531,1.4593629837036133,30.171918869018555,1.0252289772033691,21.519840240478516,0.6306983232498169,0.10559423267841339,7.7451558113098145,23.77617073059082,1.380362868309021,178.60919189453125,1.8073862791061401,372.7782287597656,2.9547377380367834e-06,1.1654562870333507e-09,4.5396599769592285,35.5352783203125,48.10730743408203,0.06905338913202286,8.326082229614258,0.33825504779815674
466,85874.430625,113319.953125,85871.08503125,1.4479465975761414,3.7942702894210814,1.0,0.5,3.573119640350342,1187.13330078125,8.196877479553223,0.10015780478715897,0.8310902714729309,5.815811634063721,0.8140494227409363,30.827001571655273,1.315456509590149,27.015745162963867,0.9299483895301819,19.620344161987305,0.6306983232498169,0.10559423267841339,6.012897968292236,20.33226203918457,1.4855533838272095,189.7404327392578,1.6833298206329346,370.8432922363281,2.9547377380367834e-06,1.1654562870333507e-09,4.216409683227539,33.65788269042969,48.238887786865234,0.06977231055498123,8.388476371765137,0.34248030185699463
467,88016.438890625,160511.53125,88012.977875,1.4317821407318114,4.058525576591491,1.0,0.5,4.41916561126709,1415.047119140625,8.866949081420898,0.11617879569530487,0.8123788237571716,5.52802038192749,0.8753020167350769,34.2595329284668,1.4151345491409302,30.481130599975586,1.0099425315856934,22.086910247802734,0.6306983232498169,0.10559423267841339,6.6295647621154785,23.081092834472656,1.7430834770202637,210.11563110351562,1.9974952936172485,442.9571228027344,2.9547377380367834e-06,1.1654562870333507e-09,4.39108419418335,35.588958740234375,47.95690155029297,0.06881532818078995,8.651505470275879,0.35155555605888367
468,86397.9651875,72693.3828125,86394.66171875,1.4721466822624207,3.663480529785156,1.0,0.5,3.7493977546691895,898.1788940429688,8.398569107055664,0.10898859798908234,0.7783699631690979,5.444283485412598,0.865402102470398,33.776939392089844,1.4688342809677124,29.67365837097168,0.9671805500984192,21.385908126831055,0.6306983232498169,0.10559423267841339,6.14992094039917,20.575075149536133,1.6651256084442139,207.16891479492188,1.8932024240493774,404.8255310058594,2.9547377380367834e-06,1.1654562870333507e-09,4.365315914154053,34.99679946899414,48.1801872253418,0.06930217891931534,8.58201789855957,0.3528198301792145
469,81534.224734375,198718.921875,81530.7606875,1.4451729760169982,4.038084306716919,1.0,0.5,5.258171558380127,1610.251708984375,9.325460433959961,0.1625475138425827,0.8875892758369446,6.175982475280762,0.8900456428527832,34.98421096801758,1.497318148612976,30.561546325683594,1.01459801197052,21.980857849121094,0.6306983232498169,0.10559423267841339,6.725386619567871,22.984132766723633,1.6177620887756348,191.1806182861328,1.6970462799072266,384.69091796875,2.9547377380367834e-06,1.1654562870333507e-09,4.587126731872559,37.233280181884766,48.5321044921875,0.070633165538311,8.417989730834961,0.3467884659767151
470,85874.267125,133698.859375,85870.491859375,1.4433312492370605,4.663349592208863,1.0,0.5,4.276700019836426,1299.8590087890625,9.115323066711426,0.12951546907424927,0.8448542356491089,5.903121471405029,0.8397476673126221,32.94422149658203,1.3997995853424072,28.84234619140625,0.9510588049888611,20.854799270629883,0.6306983232498169,0.10559423267841339,6.222517490386963,21.49057960510254,1.5150279998779297,187.47621154785156,1.730238437652588,378.1642761230469,2.9547377380367834e-06,1.1654562870333507e-09,4.143959045410156,33.5163688659668,48.50849914550781,0.06996815651655197,8.47846508026123,0.34033825993537903
471,93449.2358515625,115370.765625,93444.8856640625,1.4456949582099914,5.808239821434021,1.0,0.5,4.124183177947998,1168.5322265625,8.037277221679688,0.09785664081573486,0.7637922763824463,5.5209269523620605,0.8618247509002686,34.84778594970703,1.3496968746185303,29.442298889160156,0.9340905547142029,22.17920684814453,0.6306983232498169,0.10559423267841339,6.454133033752441,20.949241638183594,1.6358139514923096,224.9507598876953,2.1509547233581543,441.404296875,2.9547377380367834e-06,1.1654562870333507e-09,4.042891979217529,34.89548110961914,47.485652923583984,0.06854621320962906,8.347339630126953,0.34435704350471497
472,100825.260203125,108048.3828125,100822.045859375,1.446590099811554,3.5358154497146606,1.0,0.5,3.778125762939453,1147.660400390625,8.289875030517578,0.10955695062875748,0.8137248754501343,5.55186653137207,0.8189224004745483,32.57277297973633,1.442589282989502,29.3218936920166,0.9343671798706055,20.851594924926758,0.6306983232498169,0.10559423267841339,6.231640815734863,21.089223861694336,1.481730341911316,194.34976196289062,1.8587820529937744,392.2486572265625,2.9547377380367834e-06,1.1654562870333507e-09,4.082249641418457,32.69042205810547,48.16606521606445,0.06922285258769989,8.490349769592285,0.3403877019882202
473,96768.4694375,86981.4140625,96765.60478125,1.455945424079895,2.818390182495117,1.0,0.5,4.029165744781494,1029.7117919921875,8.706892013549805,0.10516904294490814,0.8688004016876221,5.784104824066162,0.8124656081199646,31.893041610717773,1.3416271209716797,27.31934356689453,0.9359133243560791,20.938621520996094,0.6306983232498169,0.10559423267841339,6.2919392585754395,22.390377044677734,1.4145376682281494,185.8378143310547,1.61546790599823,344.8282775878906,2.9547377380367834e-06,1.1654562870333507e-09,4.530340194702148,35.104373931884766,48.23078536987305,0.06968201696872711,8.609722137451172,0.3443011939525604
474,76853.4551875,175852.390625,76850.22884375,1.4544046111106872,3.5432399253845217,1.0,0.5,5.040063381195068,1509.552734375,8.372772216796875,0.1031811386346817,0.8310450315475464,5.755807876586914,0.8738889098167419,33.919620513916016,1.437019944190979,29.757719039916992,1.042962670326233,21.79389762878418,0.6306983232498169,0.10559423267841339,6.530381679534912,22.147258758544922,1.3940626382827759,184.9507293701172,1.6880820989608765,380.39453125,2.9547377380367834e-06,1.1654562870333507e-09,4.0122857093811035,34.919403076171875,48.31233215332031,0.07000945508480072,8.112273216247559,0.33859455585479736
475,80593.903796875,201359.578125,80590.75984375,1.4540137438774108,3.380125156402588,1.0,0.5,4.081220626831055,1610.6416015625,8.140132904052734,0.10724340379238129,0.7639362215995789,5.284848690032959,0.8341426253318787,37.94517517089844,1.390621304512024,32.89450454711914,0.9274767637252808,23.945392608642578,0.6306983232498169,0.10559423267841339,6.2193169593811035,22.63161849975586,1.6285221576690674,206.2439422607422,2.0176846981048584,421.16876220703125,2.9547377380367834e-06,1.1654562870333507e-09,4.048090934753418,35.918052673339844,48.774139404296875,0.07138963788747787,8.263525009155273,0.34573298692703247
476,79418.429609375,212451.875,79415.436578125,1.44476323056221,3.096408742904663,1.0,0.5,4.416703224182129,1657.9793701171875,8.90614128112793,0.14248614013195038,0.8223351836204529,5.872941970825195,0.9984796643257141,44.373695373535156,1.5636991262435913,35.608428955078125,1.1139463186264038,27.594451904296875,0.6306983232498169,0.10559423267841339,6.531249523162842,22.84697723388672,1.6429277658462524,203.7644500732422,1.9364867210388184,421.8291015625,2.9547377380367834e-06,1.1654562870333507e-09,3.9786789417266846,37.32417678833008,48.56571960449219,0.07053766399621964,8.425015449523926,0.3492244482040405
477,84289.20759375,59161.18359375,84286.2770625,1.4295251684188843,3.001356259346008,1.0,0.5,3.403895616531372,815.0921020507812,7.654153347015381,0.08507324755191803,0.7962310910224915,5.543065071105957,0.8421175479888916,32.1572265625,1.3480685949325562,27.739273071289062,0.9608925580978394,20.80217170715332,0.6306983232498169,0.10559423267841339,6.231019973754883,21.401254653930664,1.4334995746612549,184.11280822753906,1.6468820571899414,355.1950988769531,2.9547377380367834e-06,1.1654562870333507e-09,3.86970853805542,32.75785827636719,48.770565032958984,0.07017136365175247,8.067374229431152,0.3321796655654907
478,88096.618546875,110373.140625,88093.923078125,1.429900658607483,2.531319959640503,1.0,0.5,4.495677471160889,1136.999267578125,8.930261611938477,0.1189107820391655,0.8709902167320251,5.916025638580322,0.9056218862533569,34.8705940246582,1.5876911878585815,32.251468658447266,0.990275502204895,20.677352905273438,0.6306983232498169,0.10559423267841339,6.054608345031738,20.870237350463867,1.7071021795272827,191.32846069335938,2.1794674396514893,459.9510192871094,2.9547377380367834e-06,1.1654562870333507e-09,4.056142807006836,33.43776321411133,48.54591369628906,0.071126289665699,8.615002632141113,0.34466487169265747
479,81752.6167421875,89692.921875,81749.88584375,1.4358496131896972,2.589502739906311,1.0,0.5,4.714103698730469,1036.0411376953125,8.389053344726562,0.10013117641210556,0.805233895778656,5.489894390106201,0.8355460166931152,32.334590911865234,1.4205015897750854,29.14558982849121,0.9639989733695984,21.090295791625977,0.6306983232498169,0.10559423267841339,6.307145118713379,21.46439552307129,1.5378897190093994,187.9151611328125,1.7288234233856201,378.1614990234375,2.9547377380367834e-06,1.1654562870333507e-09,4.097304821014404,33.88262939453125,48.336830139160156,0.06931563466787338,8.21104907989502,0.3328219950199127
480,85583.075703125,135381.9375,85580.37859375,1.4356221408843994,2.522380253791809,1.0,0.5,4.475186347961426,1312.598876953125,8.463786125183105,0.1034550741314888,0.8290905356407166,5.793458461761475,0.7860127091407776,30.715009689331055,1.274911642074585,27.31597900390625,0.9065847992897034,19.89902114868164,0.6306983232498169,0.10559423267841339,5.703946590423584,20.149688720703125,1.4946695566177368,185.3726348876953,1.6458500623703003,366.5709228515625,2.9547377380367834e-06,1.1654562870333507e-09,3.9592623710632324,33.85789489746094,48.46949768066406,0.06990768760442734,8.02314281463623,0.33064791560173035
481,70981.202578125,86245.4140625,70978.4640625,1.4851293363571167,2.5080042324066163,1.0,0.5,3.665733814239502,1013.4132080078125,7.920682430267334,0.09167875349521637,0.7597866058349609,5.204824447631836,0.7705575227737427,31.402795791625977,1.3672279119491577,29.648380279541016,0.8615856170654297,19.355253219604492,0.6306983232498169,0.10559423267841339,5.957324028015137,20.301950454711914,1.5592187643051147,191.61968994140625,1.6961402893066406,374.1083679199219,2.9547377380367834e-06,1.1654562870333507e-09,3.835012674331665,32.44727325439453,47.771636962890625,0.06907054036855698,7.855427265167236,0.32950645685195923
482,82592.378109375,51104.8671875,82589.569140625,1.4223211622238159,2.7724243850708006,1.0,0.5,3.03525447845459,717.1856689453125,7.7141008377075195,0.08414359390735626,0.7606962323188782,5.229005336761475,0.7948113679885864,31.970470428466797,1.2719670534133911,29.256128311157227,0.8973121643066406,19.950031280517578,0.6306983232498169,0.10559423267841339,5.9781670570373535,19.97339630126953,1.3870220184326172,175.27383422851562,1.756859540939331,408.30706787109375,2.9547377380367834e-06,1.1654562870333507e-09,3.8763961791992188,30.86542320251465,48.728206634521484,0.07080106437206268,7.870558738708496,0.31899359822273254
483,77805.407875,83110.5703125,77802.68834375,1.4370326845645904,2.5640377550125124,1.0,0.5,3.8905937671661377,1001.2550048828125,8.906736373901367,0.1194143146276474,0.7466500401496887,5.195652961730957,0.7907306551933289,31.679885864257812,1.342124581336975,27.63492202758789,0.9027243852615356,20.32308578491211,0.6306983232498169,0.10559423267841339,6.515973091125488,21.233238220214844,1.4284417629241943,190.97967529296875,1.6407763957977295,347.6055603027344,2.9547377380367834e-06,1.1654562870333507e-09,3.9472055435180664,32.44166946411133,49.14994430541992,0.0705065131187439,8.056639671325684,0.328504741191864
484,75205.500859375,162096.703125,75202.768015625,1.4541449408531189,2.5578837633132934,1.0,0.5,3.739903211593628,1443.8369140625,8.151433944702148,0.09099090099334717,0.8162407279014587,5.624151706695557,0.7811663746833801,30.70766258239746,1.4125046730041504,28.210052490234375,0.880365252494812,19.348236083984375,0.6306983232498169,0.10559423267841339,6.519157409667969,21.747299194335938,1.5070440769195557,192.5075225830078,1.784747838973999,379.3155517578125,2.9547377380367834e-06,1.1654562870333507e-09,3.977822780609131,33.308414459228516,47.690494537353516,0.06845060735940933,8.41739273071289,0.33662667870521545
485,76442.776875,64469.98046875,76440.0279140625,1.4552367906570434,2.58780251121521,1.0,0.5,3.6786861419677734,866.7415771484375,8.449917793273926,0.09349825233221054,0.7733376622200012,5.385718822479248,0.7663166522979736,30.55615997314453,1.3262567520141602,27.92506217956543,0.8936278820037842,20.398000717163086,0.6306983232498169,0.10559423267841339,6.073477268218994,19.629653930664062,1.3794739246368408,183.30340576171875,1.617648959159851,337.9621887207031,2.9547377380367834e-06,1.1654562870333507e-09,3.7291862964630127,30.88235092163086,48.61415481567383,0.06967268884181976,8.272234916687012,0.3254272937774658
486,74177.4207421875,104438.6171875,74174.7646953125,1.4283205542564392,2.456452819824219,1.0,0.5,3.7987568378448486,1127.8453369140625,8.156373977661133,0.0943874716758728,0.7857937216758728,5.342041969299316,0.7487136721611023,30.85114860534668,1.33639657497406,27.766862869262695,0.8606212139129639,20.291664123535156,0.6306983232498169,0.10559423267841339,6.057590961456299,20.902509689331055,1.476399302482605,197.84364318847656,1.7286975383758545,383.76885986328125,2.9547377380367834e-06,1.1654562870333507e-09,3.948216199874878,32.60157012939453,48.035465240478516,0.06935430318117142,8.510385513305664,0.3402773141860962
487,69177.901328125,73529.5078125,69175.192109375,1.4150612215995788,2.5881225986480714,1.0,0.5,4.004302024841309,894.9345092773438,8.772600173950195,0.11569832265377045,0.8291324377059937,5.637397289276123,0.822854220867157,33.88691711425781,1.3597259521484375,30.82512092590332,0.8931465148925781,19.5638370513916,0.6306983232498169,0.10559423267841339,6.355515956878662,20.699247360229492,1.3902957439422607,184.33753967285156,1.7840659618377686,436.5190124511719,2.9547377380367834e-06,1.1654562870333507e-09,3.931001663208008,31.810476303100586,49.29981994628906,0.0718943253159523,8.139683723449707,0.3296910226345062
488,81655.425625,111322.1953125,81652.635921875,1.5019298820495606,2.57546612739563,1.0,0.5,4.87579345703125,1179.533935546875,8.732983589172363,0.11390668898820877,0.7536529302597046,5.280153274536133,0.8196820616722107,31.998031616210938,1.313200831413269,26.93633270263672,0.9199763536453247,20.3259220123291,0.6306983232498169,0.10559423267841339,6.240683555603027,20.16619873046875,1.4517039060592651,194.00726318359375,1.5565297603607178,354.9113464355469,2.9547377380367834e-06,1.1654562870333507e-09,3.750159502029419,31.45697784423828,48.09365463256836,0.06966874748468399,8.169095993041992,0.3332298696041107
489,71831.172625,144085.078125,71828.47175,1.4797476069927216,2.4424969806671144,1.0,0.5,4.157537460327148,1339.1954345703125,8.22390365600586,0.10398519039154053,0.7639233469963074,5.435763835906982,0.8059786558151245,34.124664306640625,1.3865339756011963,30.794864654541016,0.9512268900871277,22.385021209716797,0.6306983232498169,0.10559423267841339,6.168880462646484,22.589763641357422,1.6391409635543823,216.15585327148438,1.9079452753067017,415.534423828125,2.9547377380367834e-06,1.1654562870333507e-09,4.180157661437988,34.328834533691406,48.03410720825195,0.06982148438692093,8.513200759887695,0.34752199053764343
490,75064.3791875,157130.953125,75061.661875,1.4388282127380372,2.5570224714279175,1.0,0.5,3.889587879180908,1419.277099609375,8.657495498657227,0.11028413474559784,0.8520035147666931,5.882838249206543,0.8229721188545227,33.60649108886719,1.296632170677185,28.481670379638672,0.9461073279380798,21.308338165283203,0.6306983232498169,0.10559423267841339,6.468528747558594,21.27145767211914,1.5388212203979492,192.94253540039062,1.685709834098816,379.8402404785156,2.9547377380367834e-06,1.1654562870333507e-09,4.207685470581055,32.7987060546875,48.51536178588867,0.07043831795454025,8.3810453414917,0.3420651853084564
491,64806.843203125,119990.09375,64804.10665625,1.4471104254722595,2.577787528991699,1.0,0.5,3.7533090114593506,1238.9293212890625,8.179740905761719,0.09334176033735275,0.7560218572616577,5.289890766143799,0.7489365339279175,29.877246856689453,1.2595933675765991,26.272226333618164,0.8618404865264893,19.79719352722168,0.6306983232498169,0.10559423267841339,5.788740158081055,20.22161293029785,1.4153144359588623,175.44557189941406,1.5974293947219849,332.66143798828125,2.9547377380367834e-06,1.1654562870333507e-09,3.6382243633270264,32.19111633300781,48.436553955078125,0.06952865421772003,8.093446731567383,0.33039677143096924
492,66782.234234375,71217.5234375,66779.49128125,1.4270749166011811,2.6320908613204956,1.0,0.5,4.250139236450195,906.3407592773438,8.569059371948242,0.10526052862405777,0.7492533326148987,5.278329849243164,0.7678568959236145,32.048282623291016,1.3364077806472778,28.464744567871094,0.8806402683258057,20.85586929321289,0.6306983232498169,0.10559423267841339,6.524766445159912,20.73358726501465,1.4040446281433105,186.31216430664062,1.6277002096176147,370.2504577636719,2.9547377380367834e-06,1.1654562870333507e-09,3.6634445190429688,32.270938873291016,48.434913635253906,0.06995359063148499,8.136612892150879,0.33296915888786316
493,70245.1833125,172491.515625,70242.467140625,1.424562038898468,2.582899287223816,1.0,0.5,4.544981479644775,1503.2574462890625,8.469377517700195,0.10236653685569763,0.7260518074035645,5.220585823059082,0.7609823346138,30.18815803527832,1.274644136428833,26.545331954956055,0.8843641877174377,19.853660583496094,0.6306983232498169,0.10559423267841339,5.775515079498291,20.977617263793945,1.6062352657318115,183.50526428222656,1.590788722038269,343.3184814453125,2.9547377380367834e-06,1.1654562870333507e-09,3.6010422706604004,32.49554443359375,47.861610412597656,0.06897865235805511,8.08307933807373,0.3418370485305786
494,76412.4725546875,88189.3828125,76409.748984375,1.4311556673049928,2.5845590238571168,1.0,0.5,3.592224359512329,994.0684814453125,8.7371244430542,0.10760655999183655,0.7642626166343689,5.357606887817383,0.7683448791503906,30.98788833618164,1.3713557720184326,29.26024627685547,0.8796365857124329,20.07796859741211,0.6306983232498169,0.10559423267841339,5.956087589263916,20.769222259521484,1.7576274871826172,218.52755737304688,1.8472511768341064,441.60296630859375,2.9547377380367834e-06,1.1654562870333507e-09,3.717446804046631,31.77743911743164,47.96367645263672,0.06933566182851791,8.690896987915039,0.3523537516593933
495,82261.768953125,146857.453125,82258.940640625,1.4373968033790587,2.781523380279541,1.0,0.5,3.886369228363037,1355.519775390625,8.05184555053711,0.09575971961021423,0.7640696167945862,5.477322578430176,0.7961380481719971,30.95408058166504,1.361357569694519,28.650135040283203,0.933383047580719,20.927982330322266,0.6306983232498169,0.10559423267841339,5.743597030639648,20.544145584106445,1.6015287637710571,207.00559997558594,1.832582950592041,414.711181640625,2.9547377380367834e-06,1.1654562870333507e-09,3.680954933166504,32.28242874145508,47.72577667236328,0.0693456381559372,8.502323150634766,0.3358398377895355
496,70206.485171875,95417.4140625,70203.818109375,1.4474548363685609,2.439708025932312,1.0,0.5,3.315196990966797,1076.2335205078125,8.22543716430664,0.09976228326559067,0.7796869277954102,5.488265037536621,0.7856715321540833,30.529781341552734,1.298338770866394,27.78257179260254,0.9034777283668518,19.793373107910156,0.6306983232498169,0.10559423267841339,6.163593292236328,22.313493728637695,1.5105154514312744,192.47181701660156,1.6304409503936768,369.81494140625,2.9547377380367834e-06,1.1654562870333507e-09,3.88105845451355,33.3256950378418,47.977630615234375,0.06913851201534271,8.291977882385254,0.33631718158721924
497,76336.2743125,61728.88671875,76333.528359375,1.4699311513900757,2.5513572788238523,1.0,0.5,3.4292566776275635,833.2362060546875,8.068875312805176,0.10088659822940826,0.7767172455787659,5.307200908660889,0.7573862671852112,30.367027282714844,1.34443998336792,27.082561492919922,0.867289125919342,19.622486114501953,0.6306983232498169,0.10559423267841339,5.872357368469238,19.542402267456055,1.5014160871505737,189.79678344726562,1.5922139883041382,361.24127197265625,2.9547377380367834e-06,1.1654562870333507e-09,3.745354413986206,30.50775718688965,47.7027587890625,0.06883019208908081,8.187394142150879,0.32962632179260254
498,65703.295828125,104580.546875,65700.49446875,1.443751057624817,2.716557247161865,1.0,0.5,3.1700987815856934,1136.8603515625,7.979109287261963,0.09445442259311676,0.7454586029052734,5.201720714569092,0.7264800667762756,31.662281036376953,1.2255351543426514,27.81509780883789,0.8477941155433655,20.96160316467285,0.6306983232498169,0.10559423267841339,5.5937275886535645,20.00525665283203,1.412055492401123,189.02223205566406,1.520833969116211,363.8431396484375,2.9547377380367834e-06,1.1654562870333507e-09,3.555402994155884,30.00023078918457,48.06269073486328,0.06982504576444626,8.155922889709473,0.3273789882659912
499,71258.362046875,66666.28125,71255.68784375,1.427993368625641,2.4930533113479614,1.0,0.5,3.442244529724121,854.97607421875,8.188098907470703,0.1031126156449318,0.7661933302879333,5.405445098876953,0.770153820514679,31.922677993774414,1.3156003952026367,29.519359588623047,0.867657482624054,19.99424171447754,0.6306983232498169,0.10559423267841339,6.318117618560791,20.384769439697266,1.412405014038086,179.82261657714844,1.6237388849258423,407.8110656738281,2.9547377380367834e-06,1.1654562870333507e-09,3.6572508811950684,30.66193389892578,48.247711181640625,0.070186085999012,8.011638641357422,0.323566198348999
500,65296.33240625,92415.59375,65293.684328125,1.4037847571372986,2.488923577308655,1.0,0.5,3.3121418952941895,1057.535888671875,7.622959613800049,0.08455713838338852,0.7650286555290222,5.216789245605469,0.752581775188446,30.442583084106445,1.2974785566329956,27.605398178100586,0.8672463893890381,19.716154098510742,0.6306983232498169,0.10559423267841339,5.901523590087891,20.490013122558594,1.4533488750457764,193.30194091796875,1.598178744316101,366.87933349609375,2.9547377380367834e-06,1.1654562870333507e-09,3.6498618125915527,30.381471633911133,47.63545227050781,0.06862857937812805,7.965236186981201,0.3221646249294281
501,59300.9838125,70436.3046875,59298.2630625,1.4264070539474487,2.5889193954467773,1.0,0.5,3.171647071838379,906.9681396484375,7.698359966278076,0.0827416405081749,0.7565652132034302,5.166017532348633,0.733598530292511,29.753524780273438,1.2921068668365479,27.54444694519043,0.8526543378829956,19.418624877929688,0.6306983232498169,0.10559423267841339,5.7867255210876465,20.312362670898438,1.4259235858917236,185.59768676757812,1.5574491024017334,354.5339660644531,2.9547377380367834e-06,1.1654562870333507e-09,3.5927436351776123,29.895395278930664,47.440284729003906,0.06869841367006302,8.001745223999023,0.31805938482284546
502,56600.647703125,114329.9921875,56597.85828125,1.4446303863525392,2.6891757564544676,1.0,0.5,3.5007948875427246,1184.720947265625,7.750776290893555,0.08572036772966385,0.761272132396698,5.225834846496582,0.743773877620697,29.58616065979004,1.2922983169555664,28.045568466186523,0.8495475053787231,18.96396827697754,0.6306983232498169,0.10559423267841339,5.913232326507568,20.3886775970459,1.479364037513733,188.30062866210938,1.60019850730896,397.76324462890625,2.9547377380367834e-06,1.1654562870333507e-09,3.544964551925659,29.940143585205078,47.4450798034668,0.06883512437343597,8.034313201904297,0.319365918636322
503,65317.6832734375,126530.6953125,65314.9946640625,1.4221822667121886,2.53298766040802,1.0,0.5,3.9303205013275146,1234.8619384765625,8.017807006835938,0.10312879085540771,0.7867103219032288,5.451738357543945,0.8023985624313354,32.709896087646484,1.3918306827545166,29.930484771728516,0.8882928490638733,20.305091857910156,0.6306983232498169,0.10559423267841339,6.705014228820801,20.632282257080078,1.5085372924804688,202.28713989257812,1.9022235870361328,449.2945861816406,2.9547377380367834e-06,1.1654562870333507e-09,3.631334066390991,30.067899703979492,47.58026123046875,0.06903832405805588,8.00524616241455,0.33103081583976746
504,68179.478109375,81396.9765625,68176.758125,1.4267005887031554,2.5874776849746706,1.0,0.5,4.03173303604126,987.9514770507812,8.352622032165527,0.11194638907909393,0.761689305305481,5.285181045532227,0.7973145842552185,31.413421630859375,1.3388341665267944,27.36382293701172,0.9270707964897156,20.665746688842773,0.6306983232498169,0.10559423267841339,5.999042987823486,19.542091369628906,1.4833027124404907,189.97067260742188,1.6066046953201294,351.96966552734375,2.9547377380367834e-06,1.1654562870333507e-09,3.493086576461792,30.711402893066406,47.59147644042969,0.06869620084762573,7.8218183517456055,0.3236585259437561
505,62418.1355234375,55059.69140625,62415.2908125,1.4229020400047303,2.8444637460708617,1.0,0.5,3.472750186920166,762.663818359375,8.171905517578125,0.09763836860656738,0.7485345005989075,5.1378703117370605,0.7470975518226624,30.51599884033203,1.288690447807312,27.653799057006836,0.849620521068573,19.515037536621094,0.6306983232498169,0.10559423267841339,6.096724987030029,19.881868362426758,1.431352972984314,192.09585571289062,1.516294240951538,385.8458557128906,2.9547377380367834e-06,1.1654562870333507e-09,3.6459572315216064,29.68049430847168,48.337730407714844,0.07015203684568405,7.977105140686035,0.32109981775283813
506,64395.3180625,158760.609375,64392.4206328125,1.446938084602356,2.9006844215393066,1.0,0.5,3.5746853351593018,1429.403564453125,8.238279342651367,0.10601070523262024,0.7652426362037659,5.225337505340576,0.7616056203842163,31.517555236816406,1.261008858680725,27.734590530395508,0.8766199350357056,20.182621002197266,0.6306983232498169,0.10559423267841339,6.258122444152832,20.079547882080078,1.4119315147399902,187.91448974609375,1.583847165107727,375.024169921875,2.9547377380367834e-06,1.1654562870333507e-09,3.6046054363250732,29.59316062927246,48.196224212646484,0.07015082240104675,7.942659378051758,0.32775601744651794
507,65954.311609375,58116.3828125,65951.526328125,1.4404983582496642,2.689621223449707,1.0,0.5,3.2661564350128174,792.019775390625,8.338322639465332,0.1295752227306366,0.7182983756065369,4.950048446655273,0.7548186182975769,33.283470153808594,1.3178915977478027,28.3158016204834,0.8610879778862,21.33293342590332,0.6306983232498169,0.10559423267841339,5.994254112243652,19.355295181274414,1.4232016801834106,189.43234252929688,1.6348329782485962,383.1459045410156,2.9547377380367834e-06,1.1654562870333507e-09,3.4745893478393555,29.364059448242188,48.22410202026367,0.07002263516187668,7.627739906311035,0.31891360878944397
508,59171.663890625,55531.671875,59168.924375,1.4570246195793153,2.5654592723846434,1.0,0.5,3.1482326984405518,761.8695678710938,7.514737606048584,0.0833418145775795,0.7474117875099182,5.014581203460693,0.8160806894302368,32.92885208129883,1.3563380241394043,28.646541595458984,0.9320019483566284,21.32140350341797,0.6306983232498169,0.10559423267841339,6.225545883178711,20.042438507080078,1.4467700719833374,195.69589233398438,1.7508649826049805,393.6739501953125,2.9547377380367834e-06,1.1654562870333507e-09,3.696575403213501,30.224084854125977,47.82701873779297,0.06899359822273254,7.819003582000732,0.323337584733963
509,60981.2372578125,134295.828125,60978.521484375,1.4358685946464538,2.559511558532715,1.0,0.5,4.4210076332092285,1295.7147216796875,8.212309837341309,0.10224433243274689,0.7853472828865051,5.353213787078857,0.754043698310852,31.586408615112305,1.3298282623291016,27.496219635009766,0.8809837698936462,20.859607696533203,0.6306983232498169,0.10559423267841339,6.235645294189453,21.171125411987305,1.5046948194503784,204.99801635742188,1.6789008378982544,394.50341796875,2.9547377380367834e-06,1.1654562870333507e-09,3.8003172874450684,30.325998306274414,47.356239318847656,0.06832259893417358,8.289935111999512,0.33340632915496826
510,58328.6024375,190574.6875,58325.829953125,1.4432767729759217,2.6584672412872314,1.0,0.5,3.694671869277954,1571.77734375,8.120080947875977,0.09371261298656464,0.8025901317596436,5.727925777435303,0.7313185930252075,29.42461585998535,1.2727986574172974,26.407794952392578,0.8543214797973633,19.309555053710938,0.6306983232498169,0.10559423267841339,5.8792901039123535,19.822254180908203,1.4811692237854004,207.5308380126953,1.5414758920669556,388.5008544921875,2.9547377380367834e-06,1.1654562870333507e-09,3.897141695022583,34.27928924560547,47.68998336791992,0.06893038004636765,8.456395149230957,0.33919766545295715
511,62676.2410625,59938.4609375,62673.47825,1.4278112988471985,2.669608516693115,1.0,0.5,3.072652578353882,816.8076782226562,8.17524528503418,0.10884970426559448,0.7329506874084473,5.074839115142822,0.6984356045722961,30.220043182373047,1.2563223838806152,26.56931495666504,0.8054401874542236,19.68428611755371,0.6306983232498169,0.10559423267841339,6.091845512390137,18.83732795715332,1.377738118171692,187.18048095703125,1.5911777019500732,365.59674072265625,2.9547377380367834e-06,1.1654562870333507e-09,3.462451696395874,29.263357162475586,47.457664489746094,0.06899701058864594,7.738325595855713,0.3177177906036377
512,56271.471734375,73452.609375,56268.7456328125,1.4137727017402648,2.624733503341675,1.0,0.5,3.9463448524475098,918.5946044921875,8.001598358154297,0.097274050116539,0.7968571186065674,5.392578601837158,0.7285163402557373,29.459041595458984,1.268054485321045,27.12084197998047,0.8374815583229065,18.910888671875,0.6306983232498169,0.10559423267841339,6.041078090667725,19.385826110839844,1.3735283613204956,185.64524841308594,1.633089542388916,383.1148376464844,2.9547377380367834e-06,1.1654562870333507e-09,3.707000255584717,29.8457088470459,47.114593505859375,0.06790164858102798,7.94967794418335,0.32838934659957886
513,52461.2439453125,73201.9453125,52458.4500234375,1.4346332817077636,2.718474976539612,1.0,0.5,3.8961431980133057,923.2744750976562,8.735645294189453,0.12767218053340912,0.7419828176498413,5.056543827056885,0.7620542049407959,32.582881927490234,1.2356796264648438,27.212425231933594,0.8782570958137512,21.033695220947266,0.6306983232498169,0.10559423267841339,5.651027202606201,19.155284881591797,1.4564688205718994,192.84901428222656,1.5408846139907837,362.81109619140625,2.9547377380367834e-06,1.1654562870333507e-09,3.6419403553009033,30.150611877441406,48.1268424987793,0.06992876529693604,8.05565071105957,0.3251659870147705
514,58558.0339609375,60790.48828125,58555.2414765625,1.4306948070526122,2.723658489227295,1.0,0.5,3.1459450721740723,836.273193359375,7.78339958190918,0.09242191910743713,0.7491058707237244,5.107325553894043,0.7040725350379944,29.19707679748535,1.235864281654358,26.287076950073242,0.8058491349220276,18.810651779174805,0.6306983232498169,0.10559423267841339,6.209592342376709,18.830982208251953,1.277290940284729,175.77049255371094,1.568699598312378,343.08123779296875,2.9547377380367834e-06,1.1654562870333507e-09,3.5353844165802,28.5222110748291,47.89151382446289,0.06961164623498917,7.964071750640869,0.32068049907684326
515,61881.32603125,76952.140625,61878.5264453125,1.4504634213447571,2.6964520683288575,1.0,0.5,3.901442527770996,942.82568359375,8.344849586486816,0.12022031843662262,0.7406943440437317,5.0611419677734375,0.7385954260826111,31.913541793823242,1.2719390392303467,27.81166648864746,0.8500663638114929,20.51654815673828,0.6306983232498169,0.10559423267841339,6.010746002197266,19.82151222229004,1.4459208250045776,187.53929138183594,1.5850640535354614,386.9638977050781,2.9547377380367834e-06,1.1654562870333507e-09,3.5291295051574707,29.04624366760254,47.694557189941406,0.06924759596586227,7.7929840087890625,0.3234044015407562
516,57902.805,119136.9609375,57899.977828125,1.3988125228881836,2.856706174850464,1.0,0.5,3.868065118789673,1204.6807861328125,8.055699348449707,0.09676326811313629,0.7678704261779785,5.25309944152832,0.7718697190284729,32.13227844238281,1.3012951612472534,29.629234313964844,0.8495180606842041,19.494396209716797,0.6306983232498169,0.10559423267841339,6.441606044769287,20.570213317871094,1.3709797859191895,182.1905517578125,1.732284426689148,424.1175842285156,2.9547377380367834e-06,1.1654562870333507e-09,3.4103126525878906,28.789037704467773,47.932701110839844,0.06970806419849396,7.742743015289307,0.3257206678390503
517,64366.988953125,111717.8046875,64364.2331640625,1.4366921367645265,2.6380334730148314,1.0,0.5,3.5876612663269043,1190.54248046875,8.179582595825195,0.10522180050611496,0.7489414215087891,5.137367248535156,0.7109799981117249,28.94389533996582,1.179954171180725,25.224721908569336,0.8147155046463013,19.217609405517578,0.6306983232498169,0.10559423267841339,5.5933380126953125,19.75138282775879,1.3162662982940674,172.2353973388672,1.501551866531372,337.3489990234375,2.9547377380367834e-06,1.1654562870333507e-09,3.4828073978424072,30.10190773010254,47.870216369628906,0.06938816606998444,7.642436981201172,0.3205946981906891
518,56928.0295625,66171.9375,56925.17784375,1.4268345818519592,2.8500708627700804,1.0,0.5,3.859339952468872,863.6983642578125,8.531925201416016,0.11548960953950882,0.7179199457168579,4.957371234893799,0.7693368792533875,35.04255294799805,1.287298560142517,29.65997886657715,0.8925331830978394,22.640209197998047,0.6306983232498169,0.10559423267841339,5.617794036865234,19.343732833862305,1.4537497758865356,191.08502197265625,1.6144825220108032,374.03955078125,2.9547377380367834e-06,1.1654562870333507e-09,3.391787052154541,31.169063568115234,47.71461486816406,0.0696878433227539,7.823936462402344,0.32713398337364197
519,50967.539015625,50903.80859375,50964.6601640625,1.4348589835166932,2.887422080039978,1.0,0.5,3.456796646118164,733.184326171875,7.915687561035156,0.09032711386680603,0.7457364797592163,5.158213138580322,0.7568004727363586,31.32610321044922,1.3094432353973389,26.707210540771484,0.8834053874015808,20.69904899597168,0.6306983232498169,0.10559423267841339,6.3766889572143555,19.045089721679688,1.4532084465026855,190.79544067382812,1.5884312391281128,367.8642272949219,2.9547377380367834e-06,1.1654562870333507e-09,3.6416642665863037,28.851245880126953,47.29945373535156,0.0685175433754921,7.824831962585449,0.3153408169746399
520,51004.2249140625,51980.82421875,51001.4053828125,1.4569902472496032,2.725572587966919,1.0,0.5,2.975208044052124,753.291259765625,7.829978942871094,0.09716664254665375,0.7474657893180847,5.079194068908691,0.7411340475082397,29.722976684570312,1.180418610572815,24.91306495666504,0.8643948435783386,19.480146408081055,0.6306983232498169,0.10559423267841339,5.5717854499816895,18.80270767211914,1.3685030937194824,188.4452667236328,1.4571034908294678,348.6529846191406,2.9547377380367834e-06,1.1654562870333507e-09,3.553571939468384,30.46637725830078,47.681053161621094,0.06927479803562164,7.883527755737305,0.3274296820163727
521,55571.3196796875,105721.8828125,55568.407640625,1.4508558974266053,2.9219474744796754,1.0,0.5,3.542902946472168,1147.597412109375,8.211140632629395,0.1032494381070137,0.7616448402404785,5.308239459991455,0.7110120058059692,29.011201858520508,1.2353715896606445,25.892196655273438,0.8193078637123108,19.0170955657959,0.6306983232498169,0.10559423267841339,5.796142101287842,19.43060874938965,1.3473789691925049,184.8955535888672,1.570755958557129,354.49664306640625,2.9547377380367834e-06,1.1654562870333507e-09,3.478825807571411,31.15054702758789,47.88991165161133,0.06957749277353287,7.885528564453125,0.3223111927509308
522,54525.7203046875,105232.5234375,54522.79134375,1.409491768836975,3.0391203212738036,1.0,0.5,3.3401601314544678,1154.9229736328125,7.778252124786377,0.09160491079092026,0.787891149520874,5.445707321166992,0.7056244611740112,28.648662567138672,1.1867610216140747,25.410470962524414,0.8243328928947449,18.82831573486328,0.6306983232498169,0.10559423267841339,5.777450084686279,18.645339965820312,1.2764686346054077,175.49160766601562,1.4306204319000244,324.7782287597656,2.9547377380367834e-06,1.1654562870333507e-09,3.413008213043213,30.153518676757812,47.8167724609375,0.06909311562776566,7.763635158538818,0.3206726312637329
523,52125.625953125,102358.296875,52122.89459375,1.4549407720565797,2.5522582302093504,1.0,0.5,3.5356509685516357,1125.8477783203125,8.27584457397461,0.10556565225124359,0.7648915648460388,5.322880744934082,0.7200437784194946,29.668855667114258,1.1702144145965576,25.684776306152344,0.8320555090904236,19.314533233642578,0.6306983232498169,0.10559423267841339,5.747494697570801,19.08380126953125,1.3733820915222168,192.65032958984375,1.4793987274169922,353.74737548828125,2.9547377380367834e-06,1.1654562870333507e-09,3.525022506713867,30.057958602905273,48.250572204589844,0.0697605237364769,8.083562850952148,0.32688722014427185
524,53193.7036171875,142621.21875,53191.0142421875,1.443385424375534,2.492122727394104,1.0,0.5,3.5950541496276855,1350.486572265625,8.196998596191406,0.09959409385919571,0.7428725361824036,5.197016716003418,0.7447421550750732,29.876087188720703,1.2541959285736084,25.995018005371094,0.8554114103317261,19.728334426879883,0.6306983232498169,0.10559423267841339,6.223865509033203,20.76996612548828,1.3556276559829712,193.13699340820312,1.6028821468353271,363.6211853027344,2.9547377380367834e-06,1.1654562870333507e-09,3.5385396480560303,30.36467170715332,48.041446685791016,0.06974982470273972,7.943418502807617,0.32638680934906006
525,57172.413796875,129069.828125,57169.586734375,1.4381323623657227,2.7773639087677,1.0,0.5,3.8488903045654297,1265.1910400390625,8.84752082824707,0.1441243290901184,0.7492576837539673,5.2422194480896,0.8589439988136292,41.189762115478516,1.4396765232086182,34.56916809082031,0.9687665104866028,25.706743240356445,0.6306983232498169,0.10559423267841339,6.7950544357299805,21.251047134399414,1.6407748460769653,200.63058471679688,1.6499028205871582,401.1799011230469,2.9547377380367834e-06,1.1654562870333507e-09,3.5463881492614746,31.883380889892578,48.85651779174805,0.07184040546417236,8.073113441467285,0.33596861362457275
526,56235.4896015625,79752.40625,56232.6706875,1.4796573195457459,2.6780144453048704,1.0,0.5,3.056137800216675,973.7654418945312,7.815093040466309,0.09189353883266449,0.750872790813446,5.144991874694824,0.7193877100944519,30.000518798828125,1.2276033163070679,26.449525833129883,0.8230336904525757,19.3696346282959,0.6306983232498169,0.10559423267841339,6.048450469970703,19.77520751953125,1.3859941959381104,183.0922393798828,1.5052502155303955,362.5682373046875,2.9547377380367834e-06,1.1654562870333507e-09,3.589571714401245,30.354562759399414,48.2706298828125,0.07042107731103897,8.114699363708496,0.33328962326049805
527,45586.69546875,80385.3828125,45583.9975625,1.422073314189911,2.5522335081100462,1.0,0.5,3.239342212677002,969.8861083984375,7.8329644203186035,0.09432794153690338,0.7399109601974487,5.203634738922119,0.7378582954406738,31.232696533203125,1.2579443454742432,27.345346450805664,0.8441963195800781,19.6809024810791,0.6306983232498169,0.10559423267841339,6.211813926696777,19.48154640197754,1.382348656654358,180.12057495117188,1.534244179725647,385.7934875488281,2.9547377380367834e-06,1.1654562870333507e-09,3.497969388961792,29.93964195251465,48.605987548828125,0.07102594524621964,7.88889741897583,0.3249768018722534
528,51792.5763671875,61057.83984375,51789.7500625,1.4350928325653076,2.7820347604751587,1.0,0.5,3.2464351654052734,836.7109985351562,7.739163875579834,0.09213943034410477,0.7205356955528259,4.975644111633301,0.687046229839325,27.949390411376953,1.225651502609253,25.87554931640625,0.7811164259910583,18.11089515686035,0.6306983232498169,0.10559423267841339,5.910030364990234,18.7003116607666,1.3548640012741089,178.61215209960938,1.5199049711227417,346.1561584472656,2.9547377380367834e-06,1.1654562870333507e-09,3.2486681938171387,28.6793155670166,48.18983840942383,0.06960301846265793,7.704697608947754,0.31951552629470825
529,52140.727109375,68988.7734375,52137.9515,1.4405088176727294,2.6703287115097045,1.0,0.5,3.026014804840088,903.14794921875,7.644498348236084,0.08929099142551422,0.7395594716072083,5.100537300109863,0.7420551776885986,29.76515007019043,1.2341457605361938,25.421728134155273,0.8609159588813782,19.690956115722656,0.6306983232498169,0.10559423267841339,6.199108123779297,19.258161544799805,1.2785775661468506,178.70204162597656,1.5024536848068237,339.231201171875,2.9547377380367834e-06,1.1654562870333507e-09,3.543724536895752,28.55320930480957,48.089012145996094,0.06989540159702301,7.932815074920654,0.3293275833129883
530,50221.3582734375,97672.65625,50218.516609375,1.458383274078369,2.7663240957260133,1.0,0.5,3.1795129776000977,1101.5235595703125,7.901120185852051,0.09322335571050644,0.6998788118362427,4.981491565704346,0.6957514882087708,28.479101181030273,1.2157748937606812,25.98438262939453,0.8077231049537659,18.7431583404541,0.6306983232498169,0.10559423267841339,5.709900856018066,18.286474227905273,1.311475157737732,182.0196075439453,1.5304162502288818,343.140869140625,2.9547377380367834e-06,1.1654562870333507e-09,3.448300361633301,31.092317581176758,48.10335159301758,0.06945858895778656,7.818137168884277,0.32950419187545776
531,49215.2675625,61322.31640625,49212.494765625,1.4046491000652312,2.73630729675293,1.0,0.5,3.0011355876922607,821.8900756835938,7.965691566467285,0.09927058219909668,0.7131291627883911,4.960079669952393,0.7063509821891785,29.380502700805664,1.2101078033447266,25.79222869873047,0.8172990083694458,19.157817840576172,0.6306983232498169,0.10559423267841339,5.714596748352051,18.715015411376953,1.4249398708343506,194.29966735839844,1.5320125818252563,376.97601318359375,2.9547377380367834e-06,1.1654562870333507e-09,3.474271774291992,29.207456588745117,48.10337829589844,0.06969688087701797,7.996750831604004,0.32942870259284973
532,49756.2536640625,55338.23828125,49753.4163359375,1.443483232498169,2.787342652320862,1.0,0.5,3.218491315841675,777.5258178710938,7.7450642585754395,0.0860668420791626,0.7047627568244934,4.846943378448486,0.6935733556747437,28.719106674194336,1.209082007408142,25.959293365478516,0.8039602041244507,19.028215408325195,0.6306983232498169,0.10559423267841339,5.676784515380859,18.618738174438477,1.3408982753753662,189.8474578857422,1.5585688352584839,362.057373046875,2.9547377380367834e-06,1.1654562870333507e-09,3.3512229919433594,28.428268432617188,48.052608489990234,0.06926493346691132,7.971697807312012,0.3249436020851135
533,47153.76428125,111432.5390625,47150.9894765625,1.4559271354675294,2.637557691574097,1.0,0.5,3.792297840118408,1182.29248046875,8.187701225280762,0.09977621585130692,0.7577205300331116,5.297164440155029,0.7328605055809021,29.712854385375977,1.2600257396697998,26.776432037353516,0.8473460674285889,19.552303314208984,0.6306983232498169,0.10559423267841339,6.237006664276123,19.1607723236084,1.3571374416351318,184.5585479736328,1.58193039894104,353.26141357421875,2.9547377380367834e-06,1.1654562870333507e-09,3.5490407943725586,31.37454605102539,48.53815841674805,0.07007072120904922,7.994694232940674,0.32667532563209534
534,49938.1408828125,47163.93359375,49935.406203125,1.4294927487373352,2.610759482383728,1.0,0.5,3.2173798084259033,714.9058227539062,8.069329261779785,0.10398950427770615,0.7094621658325195,4.9886250495910645,0.7172839641571045,29.421035766601562,1.209562063217163,25.25065040588379,0.8349796533584595,19.282419204711914,0.6306983232498169,0.10559423267841339,5.838535785675049,18.386411666870117,1.3667454719543457,181.4373779296875,1.416684627532959,336.387451171875,2.9547377380367834e-06,1.1654562870333507e-09,3.483269453048706,29.46586036682129,48.9548454284668,0.07080648094415665,7.833059310913086,0.321261465549469
535,48438.6970234375,69985.734375,48435.9356015625,1.4095054643154143,2.703375237464905,1.0,0.5,4.544315814971924,907.291259765625,8.546517372131348,0.10584187507629395,0.7521525025367737,5.197216033935547,0.7433672547340393,30.1688232421875,1.2689605951309204,26.057666778564453,0.8677644729614258,19.836414337158203,0.6306983232498169,0.10559423267841339,6.063592910766602,18.948522567749023,1.3381637334823608,184.130615234375,1.5383167266845703,345.623291015625,2.9547377380367834e-06,1.1654562870333507e-09,3.5173275470733643,29.526138305664062,48.661582946777344,0.07052798569202423,8.037182807922363,0.3256298303604126
536,44298.730796875,72399.828125,44295.9819296875,1.4289068031311034,2.640155119895935,1.0,0.5,3.6293461322784424,920.5679931640625,8.429791450500488,0.11773310601711273,0.7218112945556641,5.159297943115234,0.7054027318954468,29.49773597717285,1.1837012767791748,25.912254333496094,0.8203986883163452,19.29121208190918,0.6306983232498169,0.10559423267841339,5.638908863067627,18.546428680419922,1.322740077972412,182.68861389160156,1.541561245918274,360.0340881347656,2.9547377380367834e-06,1.1654562870333507e-09,3.3068768978118896,29.074796676635742,48.786949157714844,0.07084563374519348,7.887807369232178,0.3215327262878418
537,44697.484078125,57617.4375,44694.7750859375,1.395010112285614,2.627995897293091,1.0,0.5,3.106243371963501,801.353515625,7.820141315460205,0.09334541112184525,0.7047319412231445,5.0040364265441895,0.7206875085830688,29.45708465576172,1.1779578924179077,25.249814987182617,0.8370934724807739,19.42889976501465,0.6306983232498169,0.10559423267841339,5.458064556121826,17.747695922851562,1.3092083930969238,184.01731872558594,1.5147731304168701,357.131591796875,2.9547377380367834e-06,1.1654562870333507e-09,3.3518710136413574,28.739269256591797,48.567691802978516,0.07050296664237976,7.933326721191406,0.32416367530822754
538,45757.174984375,58643.60546875,45754.393828125,1.431164381504059,2.7002061109542845,1.0,0.5,3.046504497528076,804.0540161132812,7.995227813720703,0.10163549333810806,0.6926503777503967,4.829010009765625,0.6987845301628113,28.94749641418457,1.1776914596557617,25.41089630126953,0.8237141966819763,19.18648338317871,0.6306983232498169,0.10559423267841339,5.657479286193848,18.891225814819336,1.4490337371826172,193.2580108642578,1.4604771137237549,366.1574401855469,2.9547377380367834e-06,1.1654562870333507e-09,3.2880659103393555,28.868898391723633,48.51695251464844,0.07026311010122299,8.11526870727539,0.32876911759376526
539,43448.2411171875,57644.34765625,43445.5276953125,1.4113902182579041,2.6035342407226563,1.0,0.5,3.4427995681762695,794.5458984375,8.20070743560791,0.10024172067642212,0.723311185836792,4.9712419509887695,0.7216687202453613,29.416088104248047,1.252205491065979,26.805011749267578,0.8499495983123779,19.679672241210938,0.6306983232498169,0.10559423267841339,6.004731178283691,19.85214614868164,1.434376835823059,193.35513305664062,1.4670841693878174,367.34527587890625,2.9547377380367834e-06,1.1654562870333507e-09,3.482119083404541,31.24767303466797,48.2784309387207,0.06975019723176956,7.957962989807129,0.3315885066986084
540,45364.59778125,54912.98046875,45361.8784296875,1.482596249103546,2.4733263206481935,1.0,0.5,3.1514554023742676,774.1453247070312,8.117077827453613,0.0976070836186409,0.7038319706916809,4.864546775817871,0.709771990776062,29.468191146850586,1.2036340236663818,26.4554500579834,0.8174843192100525,18.891550064086914,0.6306983232498169,0.10559423267841339,5.743771553039551,18.24761962890625,1.298888921737671,179.01190185546875,1.4809904098510742,366.49761962890625,2.9547377380367834e-06,1.1654562870333507e-09,3.2982354164123535,28.47542381286621,48.42081069946289,0.07047180831432343,7.792168617248535,0.31781700253486633
541,46981.79540625,64206.26171875,46979.0054453125,1.4474386258125305,2.685334795951843,1.0,0.5,3.4816508293151855,849.80078125,8.383092880249023,0.11554257571697235,0.712600827217102,4.944301605224609,0.7472029328346252,31.535062789916992,1.2399394512176514,26.659212112426758,0.8656907677650452,20.591230392456055,0.6306983232498169,0.10559423267841339,5.6331586837768555,18.839645385742188,1.439360499382019,187.06155395507812,1.4777460098266602,371.91998291015625,2.9547377380367834e-06,1.1654562870333507e-09,3.3601019382476807,29.648143768310547,48.50149917602539,0.07070860266685486,8.033163070678711,0.3270164430141449
542,48481.0585859375,91662.609375,48478.180015625,1.4595062847137452,2.837545786857605,1.0,0.5,4.019510269165039,1054.910888671875,8.596946716308594,0.11195860058069229,0.7423592209815979,5.104957103729248,0.742353618144989,30.581483840942383,1.2507331371307373,26.552385330200195,0.8574978709220886,19.843721389770508,0.6306983232498169,0.10559423267841339,5.9730401039123535,20.160320281982422,1.3628793954849243,188.84510803222656,1.454818844795227,362.4728088378906,2.9547377380367834e-06,1.1654562870333507e-09,3.5865225791931152,30.02611541748047,48.266456604003906,0.07049313187599182,8.059572219848633,0.32619988918304443
543,43447.337359375,60969.08984375,43444.5122578125,1.4531457986831664,2.7439738311767576,1.0,0.5,3.206894636154175,830.0742797851562,8.236570358276367,0.11058696359395981,0.7198476791381836,4.951148986816406,0.7521455883979797,32.26532745361328,1.2511944770812988,27.054500579833984,0.8643143177032471,20.823925018310547,0.6306983232498169,0.10559423267841339,5.898968696594238,19.194408416748047,1.324984073638916,183.48159790039062,1.4927465915679932,356.9355773925781,2.9547377380367834e-06,1.1654562870333507e-09,3.3830583095550537,29.211286544799805,48.89971160888672,0.07115782797336578,7.91145658493042,0.32293909788131714
544,41639.2878515625,67079.34375,41636.60675,1.4296672220230102,2.5030526275634766,1.0,0.5,2.8999671936035156,869.3123779296875,8.039057731628418,0.09576977789402008,0.7200180888175964,4.917776584625244,0.7115659117698669,30.587282180786133,1.1809273958206177,25.82044219970703,0.8438614010810852,20.398534774780273,0.6306983232498169,0.10559423267841339,5.6811017990112305,18.88232421875,1.3849669694900513,199.41773986816406,1.460219144821167,374.66619873046875,2.9547377380367834e-06,1.1654562870333507e-09,3.4283080101013184,29.0357723236084,48.4928092956543,0.07025448977947235,8.20263671875,0.3299282491207123
545,47227.535140625,97179.0078125,47224.7448984375,1.431202320098877,2.7183357667922974,1.0,0.5,3.220472574234009,1083.2191162109375,8.271245002746582,0.10453342646360397,0.7323020100593567,5.040842056274414,0.7531352639198303,31.379390716552734,1.2541627883911133,27.13004493713379,0.8670916557312012,20.37737464904785,0.6306983232498169,0.10559423267841339,6.159563064575195,19.50015640258789,1.3731049299240112,189.6582794189453,1.5404058694839478,384.4242858886719,2.9547377380367834e-06,1.1654562870333507e-09,3.498934268951416,28.736879348754883,48.61039352416992,0.07082763314247131,8.028074264526367,0.32611414790153503
546,43331.905265625,82955.9140625,43329.1515234375,1.4564518818855285,2.594557583808899,1.0,0.5,3.3625855445861816,986.4581298828125,7.991774559020996,0.09715016186237335,0.7170457243919373,4.960794448852539,0.7823423743247986,32.8527946472168,1.2584501504898071,27.001113891601562,0.9139760136604309,21.56027603149414,0.6306983232498169,0.10559423267841339,5.632076740264893,18.773839950561523,1.45315420627594,197.93836975097656,1.5274204015731812,381.5599060058594,2.9547377380367834e-06,1.1654562870333507e-09,3.4369454383850098,29.028417587280273,48.48078918457031,0.07079514861106873,8.292104721069336,0.33335521817207336
547,41401.008984375,98006.4375,41398.2465234375,1.425569411277771,2.673598300933838,1.0,0.5,3.3885486125946045,1070.316162109375,8.475003242492676,0.11395018547773361,0.7332215905189514,5.068883895874023,0.7600521445274353,34.388240814208984,1.3180910348892212,30.797718048095703,0.861449658870697,21.418197631835938,0.6306983232498169,0.10559423267841339,6.3193440437316895,19.76841926574707,1.3556575775146484,192.05674743652344,1.7144540548324585,430.9422912597656,2.9547377380367834e-06,1.1654562870333507e-09,3.395967960357666,29.78436851501465,48.83113479614258,0.07154371589422226,8.230266571044922,0.33270585536956787
548,41795.163421875,80102.328125,41792.347390625,1.4360996780395507,2.76025825214386,1.0,0.5,3.1450932025909424,956.5485229492188,8.31795597076416,0.1037321537733078,0.7158993482589722,4.974515438079834,0.7451420426368713,32.46168899536133,1.262364387512207,28.51299476623535,0.8618975281715393,20.767379760742188,0.6306983232498169,0.10559423267841339,6.184818744659424,19.36524200439453,1.3743568658828735,192.2058868408203,1.587022304534912,407.3645324707031,2.9547377380367834e-06,1.1654562870333507e-09,3.331836700439453,28.948108673095703,48.831687927246094,0.0713251605629921,8.275931358337402,0.3335115611553192
549,43311.781890625,64793.8671875,43308.837703125,1.436636531829834,3.015668451309204,1.0,0.5,3.3466384410858154,862.7760620117188,8.162858963012695,0.09923343360424042,0.727720320224762,5.01088285446167,0.7198051810264587,29.255189895629883,1.2288717031478882,25.76441764831543,0.8417530059814453,19.416244506835938,0.6306983232498169,0.10559423267841339,6.039623260498047,18.92288589477539,1.347869873046875,186.17849731445312,1.4813159704208374,353.48681640625,2.9547377380367834e-06,1.1654562870333507e-09,3.477055311203003,28.524978637695312,48.46649932861328,0.07051507383584976,8.244837760925293,0.32982054352760315
550,43049.064140625,71545.6015625,43046.3205234375,1.4646318640708924,2.558636661529541,1.0,0.5,3.0070416927337646,901.3469848632812,7.880551338195801,0.08748337626457214,0.715825080871582,4.884710311889648,0.7140089273452759,29.219327926635742,1.2157682180404663,25.947078704833984,0.8375429511070251,19.35976791381836,0.6306983232498169,0.10559423267841339,5.7002482414245605,18.60649299621582,1.4453362226486206,201.00271606445312,1.4920566082000732,381.6981506347656,2.9547377380367834e-06,1.1654562870333507e-09,3.420111894607544,28.67633056640625,48.21044921875,0.06991390138864517,8.314542770385742,0.331438273191452
551,39699.522140625,62967.30078125,39696.741921875,1.4154454998970032,2.7297981586456297,1.0,0.5,3.152937173843384,840.0006103515625,7.9559645652771,0.09144522249698639,0.7006860375404358,4.808424949645996,0.7085915207862854,29.298349380493164,1.239403486251831,26.320960998535156,0.8206127285957336,19.239484786987305,0.6306983232498169,0.10559423267841339,5.917322635650635,19.284048080444336,1.4278813600540161,190.7626495361328,1.4723224639892578,369.33856201171875,2.9547377380367834e-06,1.1654562870333507e-09,3.2169063091278076,28.309144973754883,48.25023651123047,0.0701591894030571,8.134340286254883,0.3275788426399231
552,38900.6506328125,104542.453125,38897.7743125,1.4686327021121979,2.8155128927230835,1.0,0.5,3.37325382232666,1138.5982666015625,8.324195861816406,0.10410617291927338,0.735485851764679,5.134322643280029,0.7106500864028931,29.746919631958008,1.2060436010360718,25.95970916748047,0.8308453559875488,19.739437103271484,0.6306983232498169,0.10559423267841339,5.812399387359619,19.617124557495117,1.3566676378250122,184.6543426513672,1.4798271656036377,360.3431701660156,2.9547377380367834e-06,1.1654562870333507e-09,3.31880784034729,29.351985931396484,48.54377746582031,0.07084386795759201,8.023519515991211,0.3295189440250397
553,40896.815171875,60464.1875,40893.99309375,1.4268340950012206,2.790753315925598,1.0,0.5,3.1731929779052734,826.7244262695312,8.182985305786133,0.10130524635314941,0.7183272242546082,4.940586566925049,0.6885992884635925,29.335512161254883,1.188413143157959,25.599172592163086,0.812758207321167,19.460025787353516,0.6306983232498169,0.10559423267841339,5.788643836975098,19.176006317138672,1.3404275178909302,186.07992553710938,1.4562675952911377,353.8714294433594,2.9547377380367834e-06,1.1654562870333507e-09,3.3532137870788574,29.419836044311523,48.358314514160156,0.07050009816884995,8.017014503479004,0.32743337750434875
554,40530.795046875,65872.2890625,40527.93034375,1.4328038744926452,2.8640553016662595,1.0,0.5,3.3983755111694336,880.33203125,7.933197975158691,0.0966571718454361,0.7034207582473755,4.873659133911133,0.6664897203445435,27.74729347229004,1.1574612855911255,24.838218688964844,0.790651798248291,18.637447357177734,0.6306983232498169,0.10559423267841339,5.54190731048584,18.593271255493164,1.4037716388702393,179.52413940429688,1.4226045608520508,334.8572692871094,2.9547377380367834e-06,1.1654562870333507e-09,3.250791072845459,27.25885009765625,48.25642776489258,0.07021401077508926,7.895791530609131,0.31925392150878906
555,40561.61140625,57442.125,40558.7518515625,1.431183334827423,2.8565216875076294,1.0,0.5,3.335866689682007,805.73046875,8.315486907958984,0.10777661204338074,0.7018022537231445,4.8659443855285645,0.6876255869865417,28.51694107055664,1.18302321434021,24.934873580932617,0.8113112449645996,19.09519386291504,0.6306983232498169,0.10559423267841339,5.712520122528076,18.502052307128906,1.319138526916504,184.28546142578125,1.4337040185928345,343.6026916503906,2.9547377380367834e-06,1.1654562870333507e-09,3.251936197280884,27.85677146911621,48.38376235961914,0.07033415138721466,7.981565475463867,0.32194551825523376
556,44277.33744921875,73209.9453125,44274.539859375,1.4362036347389222,2.7225186367034913,1.0,0.5,3.334045886993408,941.8062133789062,7.878371238708496,0.09381553530693054,0.7168997526168823,4.937302112579346,0.6851086020469666,28.17181968688965,1.1781424283981323,25.56758689880371,0.8024136424064636,18.835617065429688,0.6306983232498169,0.10559423267841339,5.670629978179932,18.436321258544922,1.264906644821167,174.42160034179688,1.364927887916565,323.3122863769531,2.9547377380367834e-06,1.1654562870333507e-09,3.292175054550171,28.24200439453125,48.22847366333008,0.06993969529867172,7.905758857727051,0.3233315348625183
557,38320.78596875,77016.3203125,38318.0676953125,1.4271685209274292,2.581883409500122,1.0,0.5,3.577202558517456,960.7168579101562,8.255964279174805,0.10665026307106018,0.7178611755371094,4.965550899505615,0.6843048930168152,28.602615356445312,1.1963151693344116,25.315719604492188,0.8096936345100403,19.091886520385742,0.6306983232498169,0.10559423267841339,5.746091365814209,18.77906608581543,1.3859713077545166,181.5966033935547,1.4135109186172485,345.31243896484375,2.9547377380367834e-06,1.1654562870333507e-09,3.320827007293701,28.463851928710938,48.30089569091797,0.07028640061616898,7.8302001953125,0.3213856816291809
558,42130.1000546875,69904.359375,42127.306640625,1.428451732635498,2.729270825386047,1.0,0.5,3.2152678966522217,907.8081665039062,8.100418090820312,0.1001766249537468,0.7088509202003479,4.900166034698486,0.6628996133804321,27.703031539916992,1.1583114862442017,24.896398544311523,0.7863552570343018,18.635576248168945,0.6306983232498169,0.10559423267841339,5.555421829223633,18.355268478393555,1.29628586769104,180.48773193359375,1.399601936340332,345.0328369140625,2.9547377380367834e-06,1.1654562870333507e-09,3.3261969089508057,28.34825325012207,48.426021575927734,0.07055681198835373,7.8966779708862305,0.3231513202190399
559,39969.83387890625,65782.0078125,39966.81863671875,1.4789887046813965,3.072438479423523,1.0,0.5,3.143667459487915,872.8557739257812,8.132257461547852,0.10156355053186417,0.7181856036186218,4.966818809509277,0.6809101700782776,28.445796966552734,1.1724131107330322,25.002893447875977,0.8083638548851013,19.11896324157715,0.6306983232498169,0.10559423267841339,5.5837812423706055,18.558305740356445,1.3764219284057617,185.4613494873047,1.4182236194610596,348.7200927734375,2.9547377380367834e-06,1.1654562870333507e-09,3.409320116043091,29.62890625,48.49296951293945,0.07070589065551758,7.973405838012695,0.32398271560668945
560,40093.2688984375,57656.44921875,40090.5525,1.4067686114311218,2.61860364151001,1.0,0.5,3.3309340476989746,795.9136352539062,8.472811698913574,0.10650689154863358,0.7230439186096191,4.915687084197998,0.6777123212814331,27.934534072875977,1.1750975847244263,25.22797966003418,0.7927058935165405,18.640348434448242,0.6306983232498169,0.10559423267841339,5.560444355010986,18.196937561035156,1.3170077800750732,188.22801208496094,1.4658483266830444,367.8290100097656,2.9547377380367834e-06,1.1654562870333507e-09,3.4115378856658936,29.01052474975586,48.540802001953125,0.07073590904474258,8.064053535461426,0.32729393243789673
561,40744.985609375,69985.1171875,40742.2656875,1.4332388443946837,2.5733979034423826,1.0,0.5,3.445614814758301,908.280517578125,8.329719543457031,0.10689786076545715,0.7231513857841492,4.967399597167969,0.6774916052818298,28.37190055847168,1.1615692377090454,25.108091354370117,0.7974344491958618,18.91347312927246,0.6306983232498169,0.10559423267841339,5.556731224060059,18.14838981628418,1.2855879068374634,180.63267517089844,1.4592927694320679,345.2659912109375,2.9547377380367834e-06,1.1654562870333507e-09,3.3579628467559814,28.487247467041016,48.56805419921875,0.0708613395690918,7.970175266265869,0.32288089394569397
562,37261.6157265625,62234.82421875,37258.8483359375,1.4298821716308594,2.6749353322982787,1.0,0.5,3.2509982585906982,835.9189453125,8.28428840637207,0.10370531678199768,0.7097561955451965,4.9181413650512695,0.6851413249969482,29.0363712310791,1.2026078701019287,25.401691436767578,0.8073213696479797,19.35638427734375,0.6306983232498169,0.10559423267841339,5.705442905426025,18.164060592651367,1.3907756805419922,193.80665588378906,1.5007704496383667,363.2440185546875,2.9547377380367834e-06,1.1654562870333507e-09,3.381937265396118,27.931835174560547,48.25856399536133,0.07035935670137405,8.220473289489746,0.326534241437912
563,37107.28757421875,71691.0859375,37104.486640625,1.4162364501953124,2.769559513092041,1.0,0.5,3.3627562522888184,919.6912231445312,8.286519050598145,0.11017796397209167,0.7236437201499939,5.028270244598389,0.7081285119056702,30.435129165649414,1.1953972578048706,26.206270217895508,0.8296188712120056,20.09296989440918,0.6306983232498169,0.10559423267841339,5.770100116729736,18.898271560668945,1.366951823234558,182.64759826660156,1.4118059873580933,348.1205139160156,2.9547377380367834e-06,1.1654562870333507e-09,3.377460241317749,29.55528450012207,48.430580139160156,0.07084692269563675,8.002033233642578,0.32569435238838196
564,39605.4058046875,54314.0625,39602.4279765625,1.4268253769874573,3.1024048414230347,1.0,0.5,3.1330318450927734,777.058349609375,8.195914268493652,0.10835401713848114,0.7119725942611694,4.910849571228027,0.6962756514549255,30.041135787963867,1.1645928621292114,25.80333709716797,0.820758581161499,19.84313201904297,0.6306983232498169,0.10559423267841339,5.725405216217041,18.52273941040039,1.3236135244369507,184.78993225097656,1.417744755744934,345.3184814453125,2.9547377380367834e-06,1.1654562870333507e-09,3.3677046298980713,28.86487579345703,48.34348678588867,0.07042655348777771,8.006669998168945,0.3225438594818115
565,37673.997875,67212.2421875,37671.179703125,1.4167293734550477,2.8029377279281618,1.0,0.5,3.357213258743286,884.2745971679688,8.209874153137207,0.1067139208316803,0.7157279849052429,4.911627292633057,0.6946029663085938,28.678421020507812,1.1652295589447021,24.958131790161133,0.8175702691078186,19.19040870666504,0.6306983232498169,0.10559423267841339,5.602802276611328,18.303821563720703,1.3333775997161865,186.77822875976562,1.4131860733032227,348.0805969238281,2.9547377380367834e-06,1.1654562870333507e-09,3.337104320526123,28.074626922607422,48.33342361450195,0.07047022879123688,8.000815391540527,0.322322815656662
566,39360.5798828125,63307.16015625,39357.6467109375,1.4601211938858032,2.9461751928329467,1.0,0.5,3.2838809490203857,853.2280883789062,8.24320125579834,0.10873048007488251,0.7153335213661194,4.894891262054443,0.6988274455070496,29.331037521362305,1.1669987440109253,25.071359634399414,0.8259518146514893,19.604137420654297,0.6306983232498169,0.10559423267841339,5.776452541351318,18.546836853027344,1.31710946559906,185.46681213378906,1.4142756462097168,347.6182556152344,2.9547377380367834e-06,1.1654562870333507e-09,3.3498291969299316,28.31977653503418,48.48936462402344,0.07068169862031937,8.02214527130127,0.32207101583480835
567,36736.99346875,75240.3984375,36734.04771875,1.4970177402496339,2.8972711410522463,1.0,0.5,3.3724281787872314,938.2960815429688,8.414656639099121,0.11430671066045761,0.7206669449806213,4.992987632751465,0.7243701219558716,31.74639892578125,1.2055996656417847,26.78007698059082,0.8556869626045227,20.915019989013672,0.6306983232498169,0.10559423267841339,5.836326599121094,18.775400161743164,1.3507052659988403,188.20407104492188,1.4666491746902466,366.2773742675781,2.9547377380367834e-06,1.1654562870333507e-09,3.333155870437622,28.700420379638672,48.60525894165039,0.07112868130207062,8.097582817077637,0.3248932957649231
568,37338.758546875,70563.359375,37335.88071875,1.4358887643814087,2.8833344373703005,1.0,0.5,3.257201671600342,906.7830200195312,8.379172325134277,0.11136593669652939,0.7214810252189636,4.956846237182617,0.7014063000679016,29.635425567626953,1.1961177587509155,25.555713653564453,0.8240962624549866,19.650075912475586,0.6306983232498169,0.10559423267841339,6.011451721191406,19.12264060974121,1.3188505172729492,185.01206970214844,1.4604392051696777,358.0572509765625,2.9547377380367834e-06,1.1654562870333507e-09,3.3986456394195557,29.442197799682617,48.28907012939453,0.07061047852039337,8.024002075195312,0.3237786591053009
569,37711.9863984375,55609.6015625,37709.1852421875,1.4575429973602294,2.6874029293060304,1.0,0.5,3.017735004425049,785.3927612304688,7.953222274780273,0.09599225223064423,0.7112782597541809,4.890480041503906,0.6877255439758301,28.508811950683594,1.181626319885254,24.981067657470703,0.8100720047950745,19.173959732055664,0.6306983232498169,0.10559423267841339,5.7882208824157715,18.07699203491211,1.3399840593338013,185.1972198486328,1.4281158447265625,352.7048034667969,2.9547377380367834e-06,1.1654562870333507e-09,3.3520193099975586,28.57327651977539,48.318721771240234,0.0705072358250618,7.96565055847168,0.3205035328865051
570,37063.0503984375,49631.03125,37060.3090078125,1.4212494599819183,2.6407463426589968,1.0,0.5,3.141799211502075,737.4750366210938,8.049993515014648,0.10110848397016525,0.7077457308769226,4.8335676193237305,0.6866644024848938,28.493629455566406,1.1637145280838013,24.81467628479004,0.8128244280815125,19.14533805847168,0.6306983232498169,0.10559423267841339,5.676357269287109,18.012178421020508,1.2950406074523926,180.20828247070312,1.4008409976959229,339.95849609375,2.9547377380367834e-06,1.1654562870333507e-09,3.2926864624023438,27.454343795776367,48.45137023925781,0.07061900943517685,7.953096389770508,0.31801092624664307
571,37550.9360859375,72598.2265625,37548.0724140625,1.413457461833954,2.900283996582031,1.0,0.5,3.281189203262329,928.6273193359375,8.095166206359863,0.10118838399648666,0.7196711301803589,4.941821575164795,0.6907424926757812,28.497453689575195,1.1662206649780273,24.91359519958496,0.8162087798118591,19.157472610473633,0.6306983232498169,0.10559423267841339,5.675087928771973,18.311767578125,1.2964242696762085,180.9779815673828,1.4024938344955444,343.9280090332031,2.9547377380367834e-06,1.1654562870333507e-09,3.298449993133545,28.368404388427734,48.48442840576172,0.07070990651845932,7.972319602966309,0.3222953677177429
572,37698.5126015625,58225.2265625,37695.7978359375,1.4338593707084655,2.5616847677230834,1.0,0.5,3.3959436416625977,813.3567504882812,8.184617042541504,0.10476674884557724,0.7217060327529907,4.961123943328857,0.6941568851470947,28.77804183959961,1.1868854761123657,25.198015213012695,0.8192936778068542,19.206390380859375,0.6306983232498169,0.10559423267841339,5.761648654937744,18.424671173095703,1.3301047086715698,181.3201446533203,1.4077191352844238,343.0786437988281,2.9547377380367834e-06,1.1654562870333507e-09,3.348024845123291,28.379493713378906,48.56310272216797,0.0707898885011673,8.107746124267578,0.3243580460548401
573,37035.572359375,86598.8359375,37032.785796875,1.4790981497764588,2.6150114936828612,1.0,0.5,3.314436197280884,1028.103515625,8.201300621032715,0.1030149832367897,0.7231232523918152,5.029342174530029,0.6928082704544067,28.5660457611084,1.1869516372680664,24.977481842041016,0.8210098147392273,19.22834587097168,0.6306983232498169,0.10559423267841339,5.816412925720215,18.618261337280273,1.3360515832901,184.5194549560547,1.388993501663208,343.9422912597656,2.9547377380367834e-06,1.1654562870333507e-09,3.3766303062438965,28.96508026123047,48.50300216674805,0.07069887220859528,8.143962860107422,0.32719287276268005
574,34442.0612890625,71240.4453125,34439.31271875,1.4503241283893584,2.596900952339172,1.0,0.5,3.3892195224761963,918.9426879882812,8.27442741394043,0.10664230585098267,0.726347029209137,5.009222984313965,0.6837102174758911,28.354196548461914,1.1826814413070679,25.076549530029297,0.8136532306671143,19.112289428710938,0.6306983232498169,0.10559423267841339,5.786431789398193,18.571256637573242,1.3040049076080322,181.9879608154297,1.3594592809677124,341.7162170410156,2.9547377380367834e-06,1.1654562870333507e-09,3.3526558876037598,28.815750122070312,48.49842834472656,0.07069312781095505,8.137618064880371,0.32721635699272156
575,38301.54746875,58671.1484375,38298.72409375,1.4554537692070006,2.735990467071533,1.0,0.5,3.199838399887085,816.8232421875,8.227497100830078,0.10757257044315338,0.7182631492614746,4.952064514160156,0.6889411807060242,28.88978385925293,1.1740260124206543,25.164249420166016,0.8136782050132751,19.310548782348633,0.6306983232498169,0.10559423267841339,5.663334369659424,18.176876068115234,1.3086897134780884,183.69454956054688,1.3672319650650024,342.65045166015625,2.9547377380367834e-06,1.1654562870333507e-09,3.361875295639038,28.715679168701172,48.365272521972656,0.07054170221090317,8.107515335083008,0.32722750306129456
576,36808.17999609375,75333.75,36805.453625,1.4380638768672944,2.5764645595550535,1.0,0.5,3.3354430198669434,949.467041015625,8.329432487487793,0.11238217353820801,0.7172105312347412,4.977921485900879,0.6977537274360657,29.60177230834961,1.1774924993515015,25.506359100341797,0.8240050673484802,19.7446346282959,0.6306983232498169,0.10559423267841339,5.679991245269775,18.210256576538086,1.3084509372711182,181.61279296875,1.3970187902450562,342.1987609863281,2.9547377380367834e-06,1.1654562870333507e-09,3.3165102005004883,28.387048721313477,48.64871597290039,0.07099653780460358,8.092817306518555,0.3261566162109375
577,35811.998171875,73556.0546875,35809.163984375,1.4499400205612183,2.768344995498657,1.0,0.5,3.245061159133911,936.2289428710938,8.15305233001709,0.10344111174345016,0.7242767214775085,5.003118991851807,0.6830148696899414,28.29989242553711,1.1687544584274292,25.019437789916992,0.8068578243255615,18.905418395996094,0.6306983232498169,0.10559423267841339,5.63534688949585,18.248348236083984,1.3222936391830444,181.42823791503906,1.3997633457183838,342.5833740234375,2.9547377380367834e-06,1.1654562870333507e-09,3.3160388469696045,28.56134033203125,48.35710906982422,0.07031282782554626,8.017000198364258,0.32372531294822693
578,37965.7887421875,57811.52734375,37963.0349921875,1.4320486817359925,2.6433179273605347,1.0,0.5,3.1504697799682617,807.5634765625,8.206252098083496,0.10272137075662613,0.7161418795585632,4.922384262084961,0.6801479458808899,28.7703857421875,1.169751763343811,25.200185775756836,0.8063994646072388,19.297910690307617,0.6306983232498169,0.10559423267841339,5.644278049468994,18.168231964111328,1.3062947988510132,184.2136993408203,1.4034956693649292,346.76910400390625,2.9547377380367834e-06,1.1654562870333507e-09,3.3412840366363525,28.410551071166992,48.38719940185547,0.07060201466083527,8.080738067626953,0.32569068670272827
579,34632.775046875,75568.375,34629.884828125,1.4289780235290528,2.9223020067214964,1.0,0.5,3.3363077640533447,948.6641235351562,8.248169898986816,0.10344043374061584,0.7281718254089355,5.027833461761475,0.6905677914619446,28.769655227661133,1.1705851554870605,25.05208969116211,0.819998025894165,19.35489273071289,0.6306983232498169,0.10559423267841339,5.7083258628845215,18.429758071899414,1.3415855169296265,185.01153564453125,1.3892875909805298,347.43267822265625,2.9547377380367834e-06,1.1654562870333507e-09,3.371241569519043,28.93756675720215,48.50425338745117,0.07072621583938599,8.164068222045898,0.3282579779624939
580,37059.4961171875,62672.1328125,37056.6743125,1.435223741531372,2.7732217359542846,1.0,0.5,3.275085687637329,849.6863403320312,8.271788597106934,0.10587967187166214,0.7174223065376282,4.938183784484863,0.6789826154708862,28.58572769165039,1.163230061531067,24.99238395690918,0.8066847920417786,19.23408317565918,0.6306983232498169,0.10559423267841339,5.660213470458984,18.132490158081055,1.3251408338546753,183.93800354003906,1.3882899284362793,344.4107666015625,2.9547377380367834e-06,1.1654562870333507e-09,3.334911823272705,28.345447540283203,48.42896270751953,0.07064475864171982,8.102347373962402,0.3253258764743805
581,35013.9205703125,66958.71875,35011.1211640625,1.4337789831161498,2.7309834060668945,1.0,0.5,3.2300021648406982,884.8677978515625,8.164932250976562,0.10303886979818344,0.7220181226730347,4.948314189910889,0.6854218244552612,28.683502197265625,1.1647393703460693,24.999391555786133,0.8140758872032166,19.274742126464844,0.6306983232498169,0.10559423267841339,5.633634567260742,18.462329864501953,1.3182600736618042,183.18630981445312,1.3900648355484009,343.3221435546875,2.9547377380367834e-06,1.1654562870333507e-09,3.3485922813415527,28.226011276245117,48.449920654296875,0.07066986709833145,8.112534523010254,0.3257284164428711
582,36407.4085625,67093.2890625,36404.6117734375,1.434403465270996,2.7246880350112916,1.0,0.5,3.138500928878784,885.8419189453125,8.163644790649414,0.10184942185878754,0.7203519344329834,4.947171211242676,0.6775380373001099,28.55690574645996,1.155247688293457,24.987539291381836,0.8057637810707092,19.201997756958008,0.6306983232498169,0.10559423267841339,5.597127914428711,18.414560317993164,1.3224461078643799,182.54666137695312,1.3856542110443115,343.89166259765625,2.9547377380367834e-06,1.1654562870333507e-09,3.308739423751831,28.470510482788086,48.419410705566406,0.07066497951745987,8.081686019897461,0.3254837095737457
583,37381.8136171875,71046.5546875,37378.958578125,1.4107531909942628,2.888844669342041,1.0,0.5,3.2078192234039307,915.9683227539062,8.194795608520508,0.10439135134220123,0.7203241586685181,4.9653639793396,0.6859410405158997,29.3743839263916,1.1673921346664429,25.411325454711914,0.8168613314628601,19.64995574951172,0.6306983232498169,0.10559423267841339,5.572144508361816,18.403228759765625,1.3186382055282593,183.478759765625,1.401776671409607,344.7989807128906,2.9547377380367834e-06,1.1654562870333507e-09,3.3280301094055176,28.674571990966797,48.5345344543457,0.07072410732507706,8.071420669555664,0.3255052864551544
584,36069.4761796875,64301.03515625,36066.70721875,1.4051777267456054,2.7269866333007813,1.0,0.5,3.2589058876037598,863.1460571289062,8.240256309509277,0.10666435956954956,0.7181369662284851,4.938652515411377,0.6879136562347412,29.614198684692383,1.1725881099700928,25.60964584350586,0.8201904296875,19.80340003967285,0.6306983232498169,0.10559423267841339,5.704415321350098,18.436683654785156,1.321016550064087,183.26861572265625,1.390263319015503,344.2126159667969,2.9547377380367834e-06,1.1654562870333507e-09,3.3162667751312256,28.492263793945312,48.519203186035156,0.07078483700752258,8.057348251342773,0.32480132579803467
585,35773.3826484375,68196.578125,35770.620703125,1.437139374256134,2.649447901725769,1.0,0.5,3.1508076190948486,894.8099975585938,8.142950057983398,0.1013665720820427,0.7204782962799072,4.953333854675293,0.6763355135917664,28.39182472229004,1.1584994792938232,24.93439483642578,0.8060538172721863,19.110252380371094,0.6306983232498169,0.10559423267841339,5.62821102142334,18.285663604736328,1.3142633438110352,183.0387420654297,1.3684803247451782,342.8838195800781,2.9547377380367834e-06,1.1654562870333507e-09,3.337235450744629,28.637861251831055,48.50910186767578,0.07071691006422043,8.041728019714355,0.3246379792690277
586,35923.5848046875,56947.2265625,35920.3402578125,1.4341003499031066,3.621158952713013,1.0,0.5,3.1089956760406494,802.7908325195312,8.143754959106445,0.10286860167980194,0.7159601449966431,4.918848991394043,0.6810083985328674,28.623519897460938,1.1632946729660034,24.975173950195312,0.8104619383811951,19.222105026245117,0.6306983232498169,0.10559423267841339,5.650134086608887,18.176366806030273,1.314565896987915,182.85397338867188,1.3747375011444092,341.1205749511719,2.9547377380367834e-06,1.1654562870333507e-09,3.3176283836364746,28.27650260925293,48.417144775390625,0.07057632505893707,8.011223793029785,0.32301416993141174
587,33747.5571171875,64623.55859375,33744.7795,1.4414139752388,2.6724372053146364,1.0,0.5,3.2435529232025146,867.6925048828125,8.217683792114258,0.10403785854578018,0.717945396900177,4.949397563934326,0.6793676614761353,28.509105682373047,1.1631578207015991,24.9550838470459,0.8085163235664368,19.16762351989746,0.6306983232498169,0.10559423267841339,5.680685997009277,18.282001495361328,1.316522479057312,181.6104278564453,1.3754390478134155,340.3857421875,2.9547377380367834e-06,1.1654562870333507e-09,3.31638503074646,28.47184944152832,48.48639678955078,0.07067813724279404,8.018819808959961,0.32359984517097473
588,34587.399703125,66105.8515625,34584.521046875,1.436760057926178,2.8840704469680785,1.0,0.5,3.163031816482544,879.810302734375,8.140369415283203,0.10216035693883896,0.7162585258483887,4.9302263259887695,0.6845343708992004,28.75652503967285,1.1651079654693604,25.006563186645508,0.8131659626960754,19.311464309692383,0.6306983232498169,0.10559423267841339,5.65012264251709,18.328519821166992,1.3170702457427979,181.75852966308594,1.3802634477615356,339.66644287109375,2.9547377380367834e-06,1.1654562870333507e-09,3.2980966567993164,28.25461196899414,48.46110534667969,0.07066517323255539,8.024337768554688,0.3238289952278137
589,37784.801515625,65077.94140625,37781.9714765625,1.4199855744838714,2.8201086864471434,1.0,0.5,3.1409218311309814,871.8787841796875,8.135579109191895,0.1022784560918808,0.7184984683990479,4.950580596923828,0.6857239603996277,28.819982528686523,1.1680612564086914,25.052358627319336,0.8144433498382568,19.345815658569336,0.6306983232498169,0.10559423267841339,5.67608642578125,18.3719539642334,1.3193738460540771,181.7008056640625,1.3746252059936523,338.9403381347656,2.9547377380367834e-06,1.1654562870333507e-09,3.310509443283081,28.38861846923828,48.47795104980469,0.0706920176744461,8.029525756835938,0.3244602382183075
590,33584.1376875,61628.34765625,33581.2249375,1.415797076702118,2.993872304916382,1.0,0.5,3.2744321823120117,843.0465698242188,8.214269638061523,0.10532791167497635,0.7190437316894531,4.946046829223633,0.6848896145820618,28.860342025756836,1.1680532693862915,25.05413055419922,0.8137220740318298,19.372934341430664,0.6306983232498169,0.10559423267841339,5.673611164093018,18.285966873168945,1.3296200037002563,183.07464599609375,1.3738429546356201,339.9056396484375,2.9547377380367834e-06,1.1654562870333507e-09,3.3198113441467285,28.280532836914062,48.462684631347656,0.0706779882311821,8.049676895141602,0.32417795062065125
591,35907.7308984375,58275.84765625,35904.938609375,1.4200394041538238,2.744376094818115,1.0,0.5,3.181243658065796,815.84423828125,8.186437606811523,0.10372036695480347,0.714777410030365,4.9169511795043945,0.6788150072097778,28.567829132080078,1.1593093872070312,24.89421844482422,0.8066429495811462,19.21515655517578,0.6306983232498169,0.10559423267841339,5.655559539794922,18.174236297607422,1.3086105585098267,181.5315704345703,1.3749691247940063,338.1388854980469,2.9547377380367834e-06,1.1654562870333507e-09,3.2902135848999023,28.03988265991211,48.43551254272461,0.07067891955375671,8.021745681762695,0.3229824900627136
592,33795.8029453125,60633.33203125,33792.8664765625,1.422322236061096,3.028531096458435,1.0,0.5,3.162740468978882,835.6587524414062,8.132848739624023,0.10214309394359589,0.7156314849853516,4.927618026733398,0.6789361834526062,28.45421028137207,1.158020257949829,24.808610916137695,0.8076190948486328,19.156879425048828,0.6306983232498169,0.10559423267841339,5.6449432373046875,18.180789947509766,1.3165959119796753,181.95980834960938,1.3674896955490112,338.33697509765625,2.9547377380367834e-06,1.1654562870333507e-09,3.3011977672576904,28.114601135253906,48.45260238647461,0.07064247876405716,8.032028198242188,0.32338690757751465
593,34047.79553125,62801.19921875,34044.951046875,1.436151929616928,2.816721459388733,1.0,0.5,3.1382665634155273,853.63134765625,8.132055282592773,0.1022915467619896,0.7160030007362366,4.934750556945801,0.680587887763977,28.588590621948242,1.1584769487380981,24.86054039001465,0.809135377407074,19.23175621032715,0.6306983232498169,0.10559423267841339,5.650946617126465,18.2012939453125,1.3130112886428833,181.75360107421875,1.3742241859436035,338.4110412597656,2.9547377380367834e-06,1.1654562870333507e-09,3.2913100719451904,28.114660263061523,48.43645095825195,0.07065107673406601,8.020025253295898,0.3231259882450104
594,35741.6316796875,65143.2421875,35738.800453125,1.4668926477432251,2.728728133201599,1.0,0.5,3.090200662612915,872.78662109375,8.110191345214844,0.10123991966247559,0.7146140336990356,4.933078765869141,0.676363468170166,28.34197235107422,1.1578902006149292,24.782609939575195,0.804519772529602,19.094501495361328,0.6306983232498169,0.10559423267841339,5.657403469085693,18.186744689941406,1.3064050674438477,181.73739624023438,1.3733831644058228,338.0393371582031,2.9547377380367834e-06,1.1654562870333507e-09,3.2880618572235107,28.110326766967773,48.444480895996094,0.07065574079751968,8.007926940917969,0.32305848598480225
595,32582.6613203125,63832.7734375,32579.786875,1.4587846441268921,2.8314092950820924,1.0,0.5,3.133887767791748,862.1425170898438,8.145036697387695,0.10308852046728134,0.7140283584594727,4.923717975616455,0.6824062466621399,28.64016342163086,1.159108281135559,24.866891860961914,0.8104006052017212,19.25680923461914,0.6306983232498169,0.10559423267841339,5.649132251739502,18.259506225585938,1.311357855796814,181.96141052246094,1.372049331665039,338.05218505859375,2.9547377380367834e-06,1.1654562870333507e-09,3.2917532920837402,28.111454010009766,48.44587707519531,0.07070349156856537,8.020790100097656,0.3233579695224762
596,32888.81695703125,60377.3515625,32885.89748046875,1.4467343606948853,2.9452213106155396,1.0,0.5,3.1060757637023926,833.3508911132812,8.160867691040039,0.10316216200590134,0.7127864956855774,4.9132466316223145,0.6797632575035095,28.58345603942871,1.1591943502426147,24.87858772277832,0.8072695732116699,19.223724365234375,0.6306983232498169,0.10559423267841339,5.644414901733398,18.207590103149414,1.307268500328064,181.90087890625,1.3727283477783203,338.7401123046875,2.9547377380367834e-06,1.1654562870333507e-09,3.2911784648895264,28.15553855895996,48.46626663208008,0.0707392767071724,8.024861335754395,0.3236461877822876
597,33425.669484375,60578.37109375,33422.813015625,1.439595465660095,2.8336205377578736,1.0,0.5,3.1993415355682373,835.708984375,8.218979835510254,0.10576816648244858,0.7131248116493225,4.91471004486084,0.6832719445228577,28.87733268737793,1.160591721534729,25.022663116455078,0.8104163408279419,19.38352394104004,0.6306983232498169,0.10559423267841339,5.641689777374268,18.207263946533203,1.3054043054580688,181.1864013671875,1.3756113052368164,337.426025390625,2.9547377380367834e-06,1.1654562870333507e-09,3.2809269428253174,28.086137771606445,48.46034622192383,0.07074197381734848,8.021395683288574,0.3232015371322632
598,35335.366796875,65460.10546875,35332.438515625,1.4326024680137635,2.9917125940322875,1.0,0.5,3.1531267166137695,875.7197875976562,8.157744407653809,0.10364767163991928,0.7130586504936218,4.922333240509033,0.6828085780143738,28.785621643066406,1.1589230298995972,24.951677322387695,0.8097313642501831,19.336027145385742,0.6306983232498169,0.10559423267841339,5.60698938369751,18.201457977294922,1.304550051689148,180.9814910888672,1.3795790672302246,337.3677062988281,2.9547377380367834e-06,1.1654562870333507e-09,3.2686140537261963,27.962385177612305,48.46641540527344,0.0707281082868576,8.014516830444336,0.3230399787425995
599,35402.8631328125,64777.5703125,35399.94265625,1.461268187046051,2.918309763908386,1.0,0.5,3.1422441005706787,870.4448852539062,8.1648588180542,0.10318868607282639,0.7131049633026123,4.926714897155762,0.6778664588928223,28.547266006469727,1.157562494277954,24.894729614257812,0.8044673204421997,19.191158294677734,0.6306983232498169,0.10559423267841339,5.615853309631348,18.120895385742188,1.2923908233642578,180.65560913085938,1.3798209428787231,337.0689697265625,2.9547377380367834e-06,1.1654562870333507e-09,3.2695560455322266,27.955476760864258,48.502967834472656,0.0707709789276123,8.014772415161133,0.3231291174888611
600,33281.69203125,62327.1875,33278.867140625,1.4466847505569458,2.756395601272583,1.0,0.5,3.1311898231506348,850.4762573242188,8.176346778869629,0.1030765250325203,0.7143144607543945,4.92910623550415,0.6763016581535339,28.404306411743164,1.1579647064208984,24.857749938964844,0.8027700781822205,19.10220718383789,0.6306983232498169,0.10559423267841339,5.635528087615967,18.160503387451172,1.2876216173171997,180.68133544921875,1.373645305633545,337.15228271484375,2.9547377380367834e-06,1.1654562870333507e-09,3.281973361968994,28.055925369262695,48.5028190612793,0.07076691091060638,8.019433975219727,0.32330745458602905
601,34763.545765625,62597.6171875,34760.53953125,1.4412450976371765,3.130250651359558,1.0,0.5,3.2047224044799805,851.8605346679688,8.21948528289795,0.10433205962181091,0.7146658897399902,4.930450439453125,0.6783701181411743,28.510786056518555,1.1612462997436523,24.924671173095703,0.8049320578575134,19.161802291870117,0.6306983232498169,0.10559423267841339,5.632718086242676,18.166536331176758,1.2972943782806396,181.4462890625,1.3803446292877197,338.835693359375,2.9547377380367834e-06,1.1654562870333507e-09,3.2845101356506348,28.10288429260254,48.4741325378418,0.07074186205863953,8.019139289855957,0.32345524430274963
602,33275.2748671875,62492.0703125,33272.478890625,1.4094546716213225,2.772942649841309,1.0,0.5,3.137087106704712,850.146728515625,8.193497657775879,0.1038704663515091,0.7144113779067993,4.93326473236084,0.680086612701416,28.756168365478516,1.1618279218673706,25.040971755981445,0.8070003986358643,19.311817169189453,0.6306983232498169,0.10559423267841339,5.642571926116943,18.269634246826172,1.308803677558899,182.01376342773438,1.381020426750183,340.5919494628906,2.9547377380367834e-06,1.1654562870333507e-09,3.288560628890991,28.283842086791992,48.476837158203125,0.07074659317731857,8.022757530212402,0.3238324522972107
603,34117.03405859375,60360.7265625,34114.1596015625,1.413590878009796,2.9215915184020997,1.0,0.5,3.1272690296173096,832.251220703125,8.199097633361816,0.10437846928834915,0.7131251692771912,4.927523612976074,0.6818783283233643,28.868284225463867,1.1654869318008423,25.10313606262207,0.8085631132125854,19.365192413330078,0.6306983232498169,0.10559423267841339,5.66543436050415,18.23906135559082,1.3119813203811646,182.16192626953125,1.3823777437210083,340.8929748535156,2.9547377380367834e-06,1.1654562870333507e-09,3.2877449989318848,28.267980575561523,48.48944854736328,0.07076758146286011,8.022587776184082,0.32371148467063904
604,35985.4522890625,64293.3671875,35982.6462421875,1.4016946828365326,2.8089689588546753,1.0,0.5,3.1894047260284424,866.1305541992188,8.190534591674805,0.1044904813170433,0.716615617275238,4.953304767608643,0.6822435259819031,28.700538635253906,1.166080355644226,25.014434814453125,0.8083838224411011,19.267284393310547,0.6306983232498169,0.10559423267841339,5.666584014892578,18.271203994750977,1.302503228187561,180.8975067138672,1.381980299949646,337.940185546875,2.9547377380367834e-06,1.1654562870333507e-09,3.294628143310547,28.2099666595459,48.47565841674805,0.0707157626748085,8.018181800842285,0.32354143261909485
605,38084.458390625,61614.11328125,38081.6467734375,1.4543624358177185,2.714369384765625,1.0,0.5,3.199934482574463,843.3933715820312,8.22724437713623,0.1056285947561264,0.7143975496292114,4.930517196655273,0.6847521662712097,28.898788452148438,1.1655118465423584,25.11202049255371,0.8097931742668152,19.370634078979492,0.6306983232498169,0.10559423267841339,5.667787075042725,18.24164390563965,1.3013852834701538,180.7066650390625,1.3882684707641602,340.03070068359375,2.9547377380367834e-06,1.1654562870333507e-09,3.290966510772705,28.085847854614258,48.513511657714844,0.0708080530166626,8.023420333862305,0.3235875368118286
606,33110.7485390625,59911.30859375,33107.897484375,1.4202757415771485,2.8612811946868897,1.0,0.5,3.1459403038024902,829.1387939453125,8.198456764221191,0.10400668531656265,0.7142354846000671,4.924153804779053,0.6805261969566345,28.597986221313477,1.1654390096664429,25.021406173706055,0.8058410882949829,19.197235107421875,0.6306983232498169,0.10559423267841339,5.68617582321167,18.220535278320312,1.2926875352859497,180.3310089111328,1.3912644386291504,340.2746276855469,2.9547377380367834e-06,1.1654562870333507e-09,3.28979754447937,28.10626220703125,48.46957015991211,0.07074085623025894,8.012741088867188,0.32332032918930054
607,35791.92471875,62594.54296875,35789.04815625,1.419335388660431,2.914279221534729,1.0,0.5,3.158689260482788,851.0167236328125,8.2108793258667,0.10518309473991394,0.7167856097221375,4.946050643920898,0.6834665536880493,28.9073486328125,1.1647554636001587,25.163610458374023,0.8092517256736755,19.38385009765625,0.6306983232498169,0.10559423267841339,5.673886299133301,18.31075096130371,1.2955210208892822,180.728515625,1.388218641281128,341.1793518066406,2.9547377380367834e-06,1.1654562870333507e-09,3.2911810874938965,28.302906036376953,48.493282318115234,0.0707923024892807,8.024151802062988,0.32410675287246704
608,34377.2675390625,64264.79296875,34374.4589609375,1.4257706117630005,2.766257212638855,1.0,0.5,3.1741812229156494,864.1190795898438,8.205930709838867,0.10422715544700623,0.7183052897453308,4.961841583251953,0.6806282997131348,28.767641067504883,1.1620421409606934,25.08095932006836,0.8082343935966492,19.322757720947266,0.6306983232498169,0.10559423267841339,5.683311939239502,18.36265754699707,1.303778052330017,181.7050018310547,1.3806315660476685,341.98638916015625,2.9547377380367834e-06,1.1654562870333507e-09,3.3114147186279297,28.62669563293457,48.46982192993164,0.07076581567525864,8.028288841247559,0.3250126540660858
609,33734.6264453125,64055.45703125,33731.7989609375,1.4098269181251526,2.8353515605926516,1.0,0.5,3.150799512863159,862.1207275390625,8.20147705078125,0.10443128645420074,0.7158821225166321,4.944406986236572,0.6801137924194336,28.740253448486328,1.1621383428573608,24.99530792236328,0.8078646659851074,19.330883026123047,0.6306983232498169,0.10559423267841339,5.66007137298584,18.327850341796875,1.319459080696106,182.5978240966797,1.3766413927078247,342.2845153808594,2.9547377380367834e-06,1.1654562870333507e-09,3.316801071166992,28.569786071777344,48.43533706665039,0.07068762928247452,8.029098510742188,0.3251250684261322
610,33362.6350859375,65902.09375,33359.7045859375,1.4614256725311279,2.93830331325531,1.0,0.5,3.1946487426757812,876.86279296875,8.212201118469238,0.10645565390586853,0.7132703065872192,4.936535835266113,0.6861158013343811,29.010780334472656,1.1667709350585938,25.07381248474121,0.8134737610816956,19.48012924194336,0.6306983232498169,0.10559423267841339,5.643291473388672,18.243839263916016,1.3254258632659912,183.1020965576172,1.3853819370269775,342.3069763183594,2.9547377380367834e-06,1.1654562870333507e-09,3.307692289352417,28.47711944580078,48.52032470703125,0.0707748755812645,8.033449172973633,0.325125515460968
611,34328.3938359375,71222.3984375,34325.53934375,1.4621433548927307,2.7847351655960084,1.0,0.5,3.286548376083374,920.1133422851562,8.188755989074707,0.10541243851184845,0.7157565355300903,4.953371047973633,0.6870102286338806,28.787872314453125,1.165342092514038,24.969179153442383,0.8146297335624695,19.34819984436035,0.6306983232498169,0.10559423267841339,5.697268009185791,18.360450744628906,1.3065259456634521,181.21615600585938,1.3832896947860718,338.60223388671875,2.9547377380367834e-06,1.1654562870333507e-09,3.3045570850372314,28.343486785888672,48.46358108520508,0.0707540214061737,8.019287109375,0.32440274953842163
612,33743.687921875,65439.40625,33740.8288125,1.4306556067466736,2.8568255338668824,1.0,0.5,3.1827096939086914,874.525390625,8.151708602905273,0.10333602875471115,0.7142370939254761,4.947064399719238,0.6798210144042969,28.474199295043945,1.1630631685256958,24.896875381469727,0.8072381615638733,19.168359756469727,0.6306983232498169,0.10559423267841339,5.705718517303467,18.287734985351562,1.3032256364822388,181.02593994140625,1.3847390413284302,340.0008850097656,2.9547377380367834e-06,1.1654562870333507e-09,3.2998781204223633,28.398883819580078,48.485103607177734,0.07078682631254196,8.013473510742188,0.3239695429801941
613,33933.367703125,62410.33203125,33930.4824375,1.4390267243385315,2.8925751008987426,1.0,0.5,3.160188674926758,848.3330078125,8.158109664916992,0.10391023010015488,0.7141408324241638,4.943511962890625,0.6848776936531067,28.784122467041016,1.166374921798706,24.96465301513672,0.8141903877258301,19.36366844177246,0.6306983232498169,0.10559423267841339,5.6751580238342285,18.24032211303711,1.3220912218093872,182.87989807128906,1.3799887895584106,342.951416015625,2.9547377380367834e-06,1.1654562870333507e-09,3.305861711502075,28.436229705810547,48.48193359375,0.07080087810754776,8.0467529296875,0.3246428370475769
614,33643.36559375,66501.5078125,33640.3912890625,1.4817446508407592,2.984827975273132,1.0,0.5,3.1550559997558594,883.9366455078125,8.175894737243652,0.10618244856595993,0.7147879600524902,4.955993175506592,0.6841756105422974,29.204788208007812,1.16105318069458,25.28697395324707,0.8111013770103455,19.563472747802734,0.6306983232498169,0.10559423267841339,5.642747402191162,18.25518226623535,1.2836027145385742,179.82632446289062,1.3814828395843506,338.0545959472656,2.9547377380367834e-06,1.1654562870333507e-09,3.281385898590088,28.34318733215332,48.46934509277344,0.07088664174079895,8.015511512756348,0.3241918087005615
615,36219.2889609375,57665.71484375,36216.46034375,1.4646321496963501,2.7278796644210814,1.0,0.5,3.0849533081054688,810.0384521484375,8.1751127243042,0.10468348860740662,0.7122613787651062,4.917333126068115,0.6815937161445618,29.006675720214844,1.1587446928024292,25.15961456298828,0.8107959032058716,19.47650718688965,0.6306983232498169,0.10559423267841339,5.598782539367676,18.199230194091797,1.2983181476593018,180.61578369140625,1.3793368339538574,339.8556823730469,2.9547377380367834e-06,1.1654562870333507e-09,3.2659761905670166,28.3203125,48.37685012817383,0.07067166268825531,7.989023685455322,0.3235529363155365
616,33326.3996796875,57426.94140625,33323.5803046875,1.452549059867859,2.7337911987304686,1.0,0.5,3.0636980533599854,808.59765625,8.194096565246582,0.10510723292827606,0.7135546207427979,4.920049667358398,0.6802939176559448,28.743375778198242,1.1546294689178467,25.076501846313477,0.807735025882721,19.28653335571289,0.6306983232498169,0.10559423267841339,5.695849418640137,18.259918212890625,1.274033546447754,178.6807861328125,1.375725269317627,339.4312438964844,2.9547377380367834e-06,1.1654562870333507e-09,3.2770185470581055,28.27488136291504,48.42741775512695,0.07078254222869873,7.979645729064941,0.32290416955947876
617,34449.37981640625,69190.859375,34446.5516953125,1.4101889643669128,2.8361512336730956,1.0,0.5,3.1970198154449463,904.8936157226562,8.139394760131836,0.10234825313091278,0.7196657061576843,4.972352981567383,0.6812632083892822,28.505691528320312,1.1612434387207031,24.88534927368164,0.8124039769172668,19.20699119567871,0.6306983232498169,0.10559423267841339,5.613038063049316,18.21847152709961,1.3127983808517456,180.56271362304688,1.382293701171875,338.03076171875,2.9547377380367834e-06,1.1654562870333507e-09,3.2952752113342285,28.138803482055664,48.395992279052734,0.07063380628824234,7.997143268585205,0.3234289884567261
618,33441.32565625,64958.2265625,33438.5910546875,1.4358149580955506,2.5974546899795534,1.0,0.5,3.226409912109375,872.4393310546875,8.232916831970215,0.10862844437360764,0.7159208059310913,4.934972286224365,0.6962265968322754,29.511343002319336,1.171393632888794,25.48947525024414,0.824253261089325,19.73012924194336,0.6306983232498169,0.10559423267841339,5.770188331604004,18.385162353515625,1.2927197217941284,178.90635681152344,1.3956514596939087,336.4173889160156,2.9547377380367834e-06,1.1654562870333507e-09,3.2764084339141846,28.030445098876953,48.519405364990234,0.07095061242580414,7.9942626953125,0.3230188488960266
619,35580.8940078125,56699.27734375,35578.17984375,1.4421725068092346,2.5441829442977903,1.0,0.5,3.2081711292266846,802.5137329101562,8.239594459533691,0.10728763788938522,0.7119036316871643,4.89740514755249,0.6881940960884094,29.099241256713867,1.1606336832046509,25.16590118408203,0.8183573484420776,19.550296783447266,0.6306983232498169,0.10559423267841339,5.728481292724609,18.065486907958984,1.285948634147644,180.06097412109375,1.3846876621246338,338.1386413574219,2.9547377380367834e-06,1.1654562870333507e-09,3.259891986846924,27.689613342285156,48.542327880859375,0.07092174887657166,8.023283958435059,0.3223660886287689
620,33568.61995703125,66438.15625,33565.53923828125,1.496753625869751,3.168245050430298,1.0,0.5,3.0595927238464355,881.6419067382812,8.111742973327637,0.10032638162374496,0.7145437002182007,4.935369491577148,0.6771853566169739,28.197721481323242,1.1570217609405518,24.84332847595215,0.8051106929779053,19.061622619628906,0.6306983232498169,0.10559423267841339,5.660083293914795,18.2054500579834,1.3104075193405151,181.97410583496094,1.380640983581543,341.7109375,2.9547377380367834e-06,1.1654562870333507e-09,3.281897783279419,28.405441284179688,48.47361373901367,0.07072094082832336,8.001457214355469,0.32362523674964905
621,35175.62409375,64511.70703125,35172.710125,1.4223119888305664,2.9834888725280764,1.0,0.5,3.3292970657348633,867.42724609375,8.179490089416504,0.10528024286031723,0.7182297706604004,4.962333679199219,0.6859996318817139,28.696142196655273,1.1645991802215576,24.96187973022461,0.8167063593864441,19.32115364074707,0.6306983232498169,0.10559423267841339,5.652738094329834,18.197242736816406,1.3303793668746948,181.83131408691406,1.380393147468567,338.64337158203125,2.9547377380367834e-06,1.1654562870333507e-09,3.313693046569824,28.1708927154541,48.39478302001953,0.07069079577922821,8.002243041992188,0.3219147324562073
622,36274.178828125,63692.46875,36271.2090390625,1.4386546063423156,3.062070987701416,1.0,0.5,3.217057943344116,856.2391967773438,8.251299858093262,0.10672278702259064,0.7106189727783203,4.922175407409668,0.6802389025688171,28.696578979492188,1.1734486818313599,25.260955810546875,0.8047517538070679,19.260522842407227,0.6306983232498169,0.10559423267841339,5.687108039855957,18.09180450439453,1.3054267168045044,182.47276306152344,1.417946219444275,349.6448059082031,2.9547377380367834e-06,1.1654562870333507e-09,3.2782461643218994,28.186737060546875,48.456260681152344,0.07078573107719421,7.989615440368652,0.32289594411849976
623,35761.43151953125,62816.88671875,35758.552953125,1.441583212852478,2.8741819915771485,1.0,0.5,3.2249395847320557,849.148193359375,8.184507369995117,0.10201781988143921,0.7172134518623352,4.9535231590271,0.6862180829048157,28.648513793945312,1.1715515851974487,25.08257484436035,0.813996434211731,19.24091911315918,0.6306983232498169,0.10559423267841339,5.705526828765869,18.17106056213379,1.3285447359085083,183.61721801757812,1.401279330253601,348.784912109375,2.9547377380367834e-06,1.1654562870333507e-09,3.367734670639038,28.63990020751953,48.40858459472656,0.07074247300624847,8.105403900146484,0.3263002336025238
624,37322.5794453125,62312.70703125,37319.6722265625,1.4322980551719666,2.9495897607803343,1.0,0.5,3.042890787124634,845.2252807617188,8.189218521118164,0.1037776917219162,0.7129672169685364,4.928347110748291,0.6895089745521545,29.013507843017578,1.1648788452148438,25.157878875732422,0.8158851265907288,19.491172790527344,0.6306983232498169,0.10559423267841339,5.554384708404541,18.22798728942871,1.315141201019287,184.3944549560547,1.397248387336731,347.7193603515625,2.9547377380367834e-06,1.1654562870333507e-09,3.328155279159546,28.781829833984375,48.59209060668945,0.07096574455499649,8.049623489379883,0.32668471336364746
625,36129.17759375,59721.05859375,36126.3157109375,1.4724165105819702,2.779092453956604,1.0,0.5,3.197331428527832,824.7973022460938,8.257414817810059,0.10624241828918457,0.7124680280685425,4.954469203948975,0.6890713572502136,29.370861053466797,1.1744576692581177,25.25146484375,0.8186584115028381,19.71253204345703,0.6306983232498169,0.10559423267841339,5.724465370178223,18.410070419311523,1.3326761722564697,184.8932647705078,1.386924386024475,344.2347412109375,2.9547377380367834e-06,1.1654562870333507e-09,3.3653111457824707,29.090137481689453,48.529449462890625,0.07091184705495834,8.110793113708496,0.3274379372596741
626,37197.9241875,64113.984375,37194.9630390625,1.4239898204803467,3.0744347581863405,1.0,0.5,3.0847654342651367,863.1883544921875,8.085317611694336,0.10078541934490204,0.715367317199707,4.946956157684326,0.6836516261100769,28.703243255615234,1.15333092212677,24.876171112060547,0.8142328858375549,19.33389663696289,0.6306983232498169,0.10559423267841339,5.541627883911133,18.26294708251953,1.2958484888076782,182.82972717285156,1.3771319389343262,340.6521301269531,2.9547377380367834e-06,1.1654562870333507e-09,3.3226475715637207,28.880840301513672,48.47166061401367,0.07074576616287231,8.051840782165527,0.32641151547431946
627,35210.808265625,56269.140625,35207.7727734375,1.4362612071037293,3.198851673126221,1.0,0.5,3.2441627979278564,796.3797607421875,8.159421920776367,0.10271944850683212,0.7007178664207458,4.83664608001709,0.6831932067871094,28.77454948425293,1.1606998443603516,24.910737991333008,0.8117306232452393,19.32266616821289,0.6306983232498169,0.10559423267841339,5.580179214477539,17.887418746948242,1.2771778106689453,181.33636474609375,1.3969697952270508,343.0704650878906,2.9547377380367834e-06,1.1654562870333507e-09,3.2590415477752686,27.91388511657715,48.5089111328125,0.07089555263519287,8.036243438720703,0.32311514019966125
628,34073.4026796875,72559.8984375,34070.47071875,1.4340195894241332,2.9956318855285646,1.0,0.5,3.1320855617523193,927.8770141601562,8.088037490844727,0.0990355908870697,0.7075502872467041,4.914964199066162,0.6747175455093384,28.122529983520508,1.1587225198745728,24.67038917541504,0.8042191863059998,19.057411193847656,0.6306983232498169,0.10559423267841339,5.561095714569092,18.024967193603516,1.3277751207351685,182.98731994628906,1.3813588619232178,344.16192626953125,2.9547377380367834e-06,1.1654562870333507e-09,3.283616065979004,28.57651138305664,48.501380920410156,0.07072043418884277,8.083535194396973,0.32576966285705566
629,35210.0503359375,51235.92578125,35207.1258359375,1.4637908487319946,2.9213942031860354,1.0,0.5,3.0038208961486816,748.4661254882812,7.998417854309082,0.09887674450874329,0.6950783729553223,4.797884464263916,0.6891151070594788,28.665449142456055,1.1800867319107056,25.053192138671875,0.8143073916435242,19.27107810974121,0.6306983232498169,0.10559423267841339,5.70361852645874,17.913488388061523,1.2902382612228394,180.57254028320312,1.417955994606018,348.63720703125,2.9547377380367834e-06,1.1654562870333507e-09,3.2426695823669434,27.568668365478516,48.57135772705078,0.070957712829113,8.029275894165039,0.3220643699169159
630,35061.17559375,69573.859375,35058.112640625,1.4644615812301636,3.1972759199142455,1.0,0.5,3.1327743530273438,905.3082885742188,8.057153701782227,0.09899478405714035,0.7199382185935974,4.957176208496094,0.6964829564094543,28.900917053222656,1.1858680248260498,25.25126838684082,0.8221753835678101,19.392518997192383,0.6306983232498169,0.10559423267841339,5.905551910400391,18.7528076171875,1.2682431936264038,179.36207580566406,1.42760169506073,345.28582763671875,2.9547377380367834e-06,1.1654562870333507e-09,3.358633041381836,28.46468734741211,48.748172760009766,0.0712885707616806,8.110248565673828,0.3264636695384979
631,36600.6112265625,63052.81640625,36597.8060078125,1.403256859779358,2.8040570640563964,1.0,0.5,3.1669561862945557,852.2692260742188,8.083321571350098,0.10020771622657776,0.70340496301651,4.854391574859619,0.6958412528038025,28.837942123413086,1.1616171598434448,24.992942810058594,0.8203551173210144,19.325450897216797,0.6306983232498169,0.10559423267841339,5.6382622718811035,18.23554801940918,1.322522759437561,185.23199462890625,1.395133137702942,345.0281677246094,2.9547377380367834e-06,1.1654562870333507e-09,3.342116594314575,28.510690689086914,48.459503173828125,0.07072846591472626,8.093132019042969,0.32509076595306396
632,34940.7326328125,74966.15625,34937.748640625,1.4668738751411439,3.034612045288086,1.0,0.5,3.174457311630249,945.8560791015625,8.182775497436523,0.10344518721103668,0.7157400250434875,4.928753852844238,0.6902602314949036,29.321054458618164,1.1661078929901123,25.340538024902344,0.8231962323188782,19.659936904907227,0.6306983232498169,0.10559423267841339,5.639026165008545,18.656063079833984,1.2928762435913086,181.47537231445312,1.4003549814224243,344.7216491699219,2.9547377380367834e-06,1.1654562870333507e-09,3.3105368614196777,28.85517692565918,48.53364944458008,0.07083550095558167,8.008624076843262,0.32507142424583435
633,38124.30704296875,66569.03125,38121.52344140625,1.4371866087913514,2.6925605087280275,1.0,0.5,3.2711143493652344,881.423583984375,8.388461112976074,0.11366502940654755,0.7163766622543335,4.971044063568115,0.7149097323417664,30.412403106689453,1.1992967128753662,26.274038314819336,0.8329874873161316,19.94806480407715,0.6306983232498169,0.10559423267841339,6.035233974456787,18.532817840576172,1.264342188835144,177.5044403076172,1.4359344244003296,346.9121398925781,2.9547377380367834e-06,1.1654562870333507e-09,3.3047780990600586,28.264862060546875,48.77436447143555,0.07132086902856827,8.034916877746582,0.32404881715774536
634,39327.9539921875,63416.8984375,39325.0750625,1.4429320673942565,2.871737906455994,1.0,0.5,3.037691831588745,854.4990234375,8.169610023498535,0.10355791449546814,0.7139994502067566,4.909354209899902,0.6887747049331665,29.569055557250977,1.1718460321426392,25.500579833984375,0.8211085796356201,19.770000457763672,0.6306983232498169,0.10559423267841339,5.675781726837158,18.6409854888916,1.322899341583252,184.20791625976562,1.3992189168930054,347.2969970703125,2.9547377380367834e-06,1.1654562870333507e-09,3.2973098754882812,28.4731388092041,48.56516647338867,0.07079533487558365,8.016519546508789,0.3247300982475281
635,38913.9653203125,55844.40625,38911.10325,1.437461706161499,2.849425666809082,1.0,0.5,3.066056966781616,782.2764892578125,8.271925926208496,0.10914696007966995,0.7130253911018372,4.903390407562256,0.7031817436218262,30.355241775512695,1.2013713121414185,26.142900466918945,0.8317280411720276,20.11674690246582,0.6306983232498169,0.10559423267841339,5.850765705108643,18.63135528564453,1.3530573844909668,186.58914184570312,1.4388785362243652,363.1039123535156,2.9547377380367834e-06,1.1654562870333507e-09,3.274329423904419,28.320966720581055,48.593421936035156,0.07103955000638962,8.099130630493164,0.3254227638244629
636,39597.416359375,61510.75390625,39591.9161171875,1.4460000762939453,8.108400813102723,1.0,0.5,3.3744797706604004,843.7754516601562,8.208446502685547,0.10736726969480515,0.7077065706253052,4.850571632385254,0.7090291976928711,29.2257022857666,1.1800940036773682,25.08978843688965,0.8380582332611084,19.521869659423828,0.6306983232498169,0.10559423267841339,5.75675106048584,18.331735610961914,1.3091107606887817,180.6259307861328,1.3826013803482056,336.9617614746094,2.9547377380367834e-06,1.1654562870333507e-09,3.3011131286621094,27.88596534729004,48.619834899902344,0.07097549736499786,8.094009399414062,0.32435792684555054
637,35385.3793515625,46427.46875,35382.2076015625,1.4604093294143676,3.4228906497955323,1.0,0.5,2.967339277267456,695.2802734375,8.255873680114746,0.10935326665639877,0.6908620595932007,4.756524562835693,0.7067722678184509,30.864343643188477,1.1747199296951294,26.112957000732422,0.8421647548675537,20.5249080657959,0.6306983232498169,0.10559423267841339,5.648314476013184,18.212446212768555,1.345312237739563,190.2087860107422,1.408347249031067,356.60284423828125,2.9547377380367834e-06,1.1654562870333507e-09,3.2970283031463623,28.14755630493164,48.64236831665039,0.07117941230535507,8.162989616394043,0.3262487053871155
638,38058.1797421875,71225.5546875,38055.3051484375,1.4520058512687684,2.844897574424744,1.0,0.5,3.424527168273926,909.9955444335938,8.36680793762207,0.11104490607976913,0.7141453623771667,4.9451003074646,0.691895067691803,29.755489349365234,1.1904083490371704,26.04758071899414,0.8210752010345459,19.793554306030273,0.6306983232498169,0.10559423267841339,5.768560409545898,18.42071533203125,1.3106145858764648,185.39053344726562,1.4632937908172607,362.6330261230469,2.9547377380367834e-06,1.1654562870333507e-09,3.277981996536255,29.17621421813965,48.65809631347656,0.0711103305220604,8.057775497436523,0.32871222496032715
639,37402.21671875,75768.0,37399.484734375,1.4294207787513733,2.605126455307007,1.0,0.5,3.1322453022003174,953.1578369140625,7.9726152420043945,0.10124538838863373,0.7157882452011108,4.97750186920166,0.7054294347763062,29.771028518676758,1.1726691722869873,25.322649002075195,0.8398382067680359,19.817007064819336,0.6306983232498169,0.10559423267841339,5.758175849914551,18.590410232543945,1.3306901454925537,181.52716064453125,1.4074113368988037,340.8526611328125,2.9547377380367834e-06,1.1654562870333507e-09,3.2697579860687256,28.21729278564453,48.587158203125,0.0709795355796814,8.02429485321045,0.3233571946620941
640,35559.3399140625,85101.8515625,35556.568375,1.4499176661968232,2.6431272563934325,1.0,0.5,3.1975343227386475,1005.2142333984375,8.142704963684082,0.10446435213088989,0.705292284488678,4.906901836395264,0.700191080570221,29.519887924194336,1.191070795059204,25.60711097717285,0.8219988346099854,19.680479049682617,0.6306983232498169,0.10559423267841339,5.6406378746032715,18.384037017822266,1.3623346090316772,190.86224365234375,1.4959300756454468,376.0756530761719,2.9547377380367834e-06,1.1654562870333507e-09,3.2838542461395264,28.46097183227539,48.68760299682617,0.07114087790250778,8.089940071105957,0.32639753818511963
641,36151.7042734375,69041.9140625,36148.9804765625,1.43411931848526,2.579344256401062,1.0,0.5,3.309676170349121,901.8164672851562,8.127157211303711,0.10510934144258499,0.6992066502571106,4.8417510986328125,0.67987060546875,28.620437622070312,1.1628261804580688,25.068769454956055,0.8014745116233826,19.114591598510742,0.6306983232498169,0.10559423267841339,5.904508590698242,18.604747772216797,1.3291728496551514,180.9042510986328,1.3752403259277344,342.90618896484375,2.9547377380367834e-06,1.1654562870333507e-09,3.2521605491638184,28.24270248413086,48.663814544677734,0.07115374505519867,8.000340461730957,0.32358890771865845
642,35440.67583203125,97369.4921875,35437.78791015625,1.4361814351081847,2.902946773529053,1.0,0.5,3.2114689350128174,1094.04150390625,8.122793197631836,0.10433433949947357,0.7171618342399597,4.9892988204956055,0.7026598453521729,29.836402893066406,1.1691958904266357,25.654705047607422,0.8332002758979797,19.89368438720703,0.6306983232498169,0.10559423267841339,5.709446430206299,18.856300354003906,1.3489097356796265,186.28594970703125,1.4121819734573364,358.2343444824219,2.9547377380367834e-06,1.1654562870333507e-09,3.324620008468628,29.40538787841797,48.822330474853516,0.0713827833533287,8.009069442749023,0.3272853493690491
643,40231.7871015625,68088.5234375,40228.9909609375,1.449230150938034,2.6937633590698242,1.0,0.5,3.3382508754730225,891.5740356445312,8.123180389404297,0.10621873289346695,0.6993273496627808,4.859884262084961,0.7107746601104736,30.448410034179688,1.1861202716827393,26.21982765197754,0.8368377685546875,20.04178237915039,0.6306983232498169,0.10559423267841339,5.664578437805176,18.002775192260742,1.2822195291519165,179.2877197265625,1.4348115921020508,350.7818603515625,2.9547377380367834e-06,1.1654562870333507e-09,3.166745901107788,27.500988006591797,48.89985275268555,0.0715390294790268,7.926851272583008,0.3218902051448822
644,37383.9242265625,79550.8828125,37381.0907734375,1.3919450869560241,2.883007469177246,1.0,0.5,3.5181052684783936,968.1010131835938,8.337350845336914,0.11197053641080856,0.703589916229248,4.935225009918213,0.7092862129211426,29.935630798339844,1.218138337135315,25.774738311767578,0.842732310295105,19.972427368164062,0.6306983232498169,0.10559423267841339,5.818500995635986,18.39366912841797,1.3963032960891724,191.06089782714844,1.46083664894104,369.8434753417969,2.9547377380367834e-06,1.1654562870333507e-09,3.2028019428253174,29.31574821472168,48.47369384765625,0.07055187225341797,8.069159507751465,0.32925838232040405
645,40610.138125,80247.4453125,40607.1540859375,1.4723871245384217,3.023722897529602,1.0,0.5,3.412815570831299,979.7142944335938,8.17172908782959,0.10383876413106918,0.7190905809402466,5.013908863067627,0.7081371545791626,29.549924850463867,1.1899449825286865,25.508289337158203,0.8338866829872131,19.664724349975586,0.6306983232498169,0.10559423267841339,5.830217361450195,18.53597068786621,1.3464871644973755,184.85693359375,1.429718017578125,355.39129638671875,2.9547377380367834e-06,1.1654562870333507e-09,3.38926362991333,29.106006622314453,48.83852767944336,0.07117406278848648,8.022143363952637,0.3252478837966919
646,38514.2434765625,56796.6796875,38511.380625,1.4223172960281372,2.881001845359802,1.0,0.5,3.203108549118042,785.6494750976562,8.405357360839844,0.11326871067285538,0.7061751484870911,4.8679304122924805,0.7268161773681641,30.101301193237305,1.2173117399215698,25.845613479614258,0.8515874743461609,20.042835235595703,0.6306983232498169,0.10559423267841339,6.006766319274902,18.51582145690918,1.3224918842315674,189.2373046875,1.5479984283447266,372.7006530761719,2.9547377380367834e-06,1.1654562870333507e-09,3.2698187828063965,28.759593963623047,48.80644607543945,0.07088854908943176,7.929866790771484,0.32503652572631836
647,38346.9554921875,71103.5703125,38344.116359375,1.4461066088676453,2.7857111196517943,1.0,0.5,3.385664224624634,917.6727294921875,8.035305976867676,0.09704545885324478,0.7132807970046997,4.95603609085083,0.6919388771057129,28.714845657348633,1.1644872426986694,24.906261444091797,0.8244840502738953,19.334747314453125,0.6306983232498169,0.10559423267841339,5.648214817047119,17.88494873046875,1.3594998121261597,184.76385498046875,1.342286229133606,340.86346435546875,2.9547377380367834e-06,1.1654562870333507e-09,3.3334267139434814,28.55866241455078,48.37045669555664,0.07042985409498215,8.028966903686523,0.32475394010543823
648,38171.1580625,75174.5859375,38168.3647421875,1.4333415064811708,2.7200311727523805,1.0,0.5,3.3808138370513916,947.2345581054688,8.312541007995605,0.10816749930381775,0.7175591588020325,4.9793853759765625,0.6867688894271851,29.23809814453125,1.1587166786193848,25.186445236206055,0.8077608346939087,19.53715705871582,0.6306983232498169,0.10559423267841339,5.743954181671143,18.334915161132812,1.3368027210235596,181.685302734375,1.3864374160766602,345.1887512207031,2.9547377380367834e-06,1.1654562870333507e-09,3.242344379425049,27.77676010131836,48.719058990478516,0.07114038616418839,7.924494743347168,0.3235461711883545
649,40223.1669921875,113535.75,40220.2949375,1.4386772236824035,2.8666247873306276,1.0,0.5,3.7646260261535645,1189.8907470703125,8.316651344299316,0.10574610531330109,0.7294601202011108,5.115763187408447,0.7082644104957581,29.963165283203125,1.171919584274292,25.548213958740234,0.8339746594429016,20.026697158813477,0.6306983232498169,0.10559423267841339,5.722004413604736,18.901874542236328,1.3685100078582764,191.96405029296875,1.4066886901855469,365.5418701171875,2.9547377380367834e-06,1.1654562870333507e-09,3.4043643474578857,28.835506439208984,48.695220947265625,0.0712616816163063,8.350590705871582,0.33278393745422363
650,37979.8621796875,83112.0546875,37977.03040625,1.4175906331539154,2.8285410833358764,1.0,0.5,3.222797393798828,993.2747192382812,8.054680824279785,0.10250930488109589,0.7234378457069397,5.065997123718262,0.71882563829422,31.471715927124023,1.2123637199401855,26.137983322143555,0.850594699382782,20.95769691467285,0.6306983232498169,0.10559423267841339,5.74441385269165,18.825927734375,1.4707845449447632,194.8448028564453,1.4390066862106323,368.287109375,2.9547377380367834e-06,1.1654562870333507e-09,3.2816967964172363,29.301607131958008,48.70699691772461,0.0711882933974266,8.160967826843262,0.3308282792568207
651,44547.460015625,64923.72265625,44544.667390625,1.4106371636390687,2.76410991191864,1.0,0.5,2.962517261505127,863.271484375,7.712571144104004,0.09282708168029785,0.7039231061935425,4.838693141937256,0.7005079388618469,29.844573974609375,1.1971651315689087,25.92802619934082,0.8108208179473877,19.55875015258789,0.6306983232498169,0.10559423267841339,6.049322128295898,18.80062484741211,1.2716635465621948,180.4515838623047,1.4276412725448608,357.777587890625,2.9547377380367834e-06,1.1654562870333507e-09,3.2726035118103027,27.963104248046875,48.682891845703125,0.07111509889364243,7.8677825927734375,0.3230029344558716
652,39893.6938828125,65172.35546875,39890.967453125,1.440805619239807,2.5707809534072874,1.0,0.5,3.079101085662842,851.790771484375,7.946425437927246,0.09712538123130798,0.7136999368667603,4.908042907714844,0.7353515028953552,30.120304107666016,1.206106185913086,26.43266487121582,0.8540582060813904,19.63007926940918,0.6306983232498169,0.10559423267841339,6.008176326751709,18.565542221069336,1.3284398317337036,187.4833526611328,1.5127626657485962,385.2999267578125,2.9547377380367834e-06,1.1654562870333507e-09,3.3681344985961914,29.60793685913086,48.782745361328125,0.07137048244476318,7.957742214202881,0.3281440734863281
653,42036.577796875,51407.75390625,42033.6735078125,1.432424334526062,2.9439317903518676,1.0,0.5,2.965637683868408,751.793701171875,8.039295196533203,0.10186539590358734,0.690895140171051,4.767143726348877,0.6762812733650208,29.15755271911621,1.1580133438110352,25.245800018310547,0.8025779128074646,19.40432357788086,0.6306983232498169,0.10559423267841339,5.643711090087891,17.91839027404785,1.2315919399261475,181.79269409179688,1.4231224060058594,344.1764221191406,2.9547377380367834e-06,1.1654562870333507e-09,3.2305757999420166,27.90323829650879,48.783592224121094,0.07124380767345428,7.824002742767334,0.32158905267715454
654,42172.40621875,84655.96875,42169.68353515625,1.4504634685516358,2.5447695817947387,1.0,0.5,3.7241320610046387,1018.9235229492188,8.435288429260254,0.12190546840429306,0.7194656729698181,5.025561809539795,0.720952570438385,30.476581573486328,1.1717809438705444,25.99114990234375,0.8479368686676025,19.957612991333008,0.6306983232498169,0.10559423267841339,5.792775630950928,18.394853591918945,1.3094063997268677,180.90687561035156,1.4038809537887573,333.2302551269531,2.9547377380367834e-06,1.1654562870333507e-09,3.3198344707489014,28.625699996948242,48.920047760009766,0.07158304005861282,7.938958644866943,0.32599732279777527
655,42376.543296875,76736.7109375,42373.579703125,1.4577538003921509,3.0120854864120483,1.0,0.5,3.169527292251587,944.9512329101562,8.220726013183594,0.10439581423997879,0.7136877775192261,4.928954124450684,0.7173992395401001,30.302085876464844,1.2111161947250366,26.134998321533203,0.844921350479126,20.1529483795166,0.6306983232498169,0.10559423267841339,5.739795684814453,18.48301124572754,1.4056938886642456,194.5581512451172,1.4402137994766235,374.5992736816406,2.9547377380367834e-06,1.1654562870333507e-09,3.347041130065918,28.422832489013672,48.719444274902344,0.07131081074476242,8.315163612365723,0.3353884220123291
656,44688.6576328125,100037.4296875,44685.778484375,1.4274093887805939,2.904097846031189,1.0,0.5,3.5610926151275635,1111.4337158203125,8.168094635009766,0.11119206994771957,0.7217859625816345,5.061013221740723,0.7438504099845886,31.618953704833984,1.2173805236816406,26.026437759399414,0.8710843324661255,20.844881057739258,0.6306983232498169,0.10559423267841339,6.218071937561035,18.878475189208984,1.4037141799926758,188.9415283203125,1.4428889751434326,355.2229309082031,2.9547377380367834e-06,1.1654562870333507e-09,3.4136111736297607,28.991188049316406,48.5717658996582,0.07129021733999252,8.120763778686523,0.3328005075454712
657,42069.97125,86289.0625,42067.128421875,1.4157125000953674,2.854569405555725,1.0,0.5,3.527815580368042,1020.5819091796875,8.002751350402832,0.1010710746049881,0.7068835496902466,4.941708087921143,0.7381551861763,31.289213180541992,1.1911548376083374,25.58233070373535,0.8644537329673767,20.491596221923828,0.6306983232498169,0.10559423267841339,5.895707607269287,18.676183700561523,1.3115153312683105,186.6724853515625,1.5180153846740723,358.2973327636719,2.9547377380367834e-06,1.1654562870333507e-09,3.274970531463623,28.046483993530273,48.35514831542969,0.07070979475975037,7.95682430267334,0.32176852226257324
658,46389.0138203125,79635.390625,46386.20949609375,1.4528551592826844,2.702510561943054,1.0,0.5,3.4416086673736572,968.8815307617188,8.1394624710083,0.10545558482408524,0.6963857412338257,4.842907905578613,0.7350943088531494,32.287681579589844,1.19692063331604,26.582311630249023,0.8515066504478455,21.09745979309082,0.6306983232498169,0.10559423267841339,5.910005569458008,18.697263717651367,1.3862055540084839,193.55908203125,1.443303108215332,367.830322265625,2.9547377380367834e-06,1.1654562870333507e-09,3.2966930866241455,28.45783805847168,48.83687973022461,0.07161425054073334,8.07331371307373,0.32761940360069275
659,41255.3763203125,86046.1328125,41252.552828125,1.4532777743339538,2.740859613418579,1.0,0.5,3.3817834854125977,1016.4088745117188,8.135408401489258,0.09669478982686996,0.6929173469543457,4.824908256530762,0.6988657712936401,29.36650276184082,1.164703607559204,25.065595626831055,0.8337661623954773,19.812210083007812,0.6306983232498169,0.10559423267841339,5.924472808837891,18.251033782958984,1.4336283206939697,192.73440551757812,1.4366282224655151,362.3643798828125,2.9547377380367834e-06,1.1654562870333507e-09,3.286595344543457,29.017786026000977,48.28229522705078,0.07061921805143356,8.2305908203125,0.33356109261512756
660,41160.4800859375,80755.6015625,41157.579859375,1.4251373600959778,2.9505759601593016,1.0,0.5,3.3854854106903076,976.3939208984375,8.161107063293457,0.10448683053255081,0.7008736729621887,4.903255939483643,0.7241809368133545,30.04593276977539,1.1933976411819458,25.962621688842773,0.8430184721946716,19.840505599975586,0.6306983232498169,0.10559423267841339,5.9520955085754395,18.30181121826172,1.3067072629928589,187.1564483642578,1.546296238899231,372.9014587402344,2.9547377380367834e-06,1.1654562870333507e-09,3.321674108505249,28.25466537475586,48.350162506103516,0.07095570862293243,7.888256072998047,0.32508108019828796
661,40469.27916015625,69762.8828125,40466.32637890625,1.418332398414612,3.0686242294311525,1.0,0.5,3.183413028717041,900.3848266601562,8.313653945922852,0.10408376157283783,0.7089055776596069,4.9331769943237305,0.7230275273323059,30.879474639892578,1.2038010358810425,26.079219818115234,0.8495538234710693,20.57530975341797,0.6306983232498169,0.10559423267841339,5.880336284637451,18.677268981933594,1.3508861064910889,187.66372680664062,1.4715017080307007,356.99609375,2.9547377380367834e-06,1.1654562870333507e-09,3.3776183128356934,29.509601593017578,48.32920455932617,0.07084845006465912,8.055658340454102,0.33243128657341003
662,39477.952703125,67120.625,39474.876921875,1.460625940322876,3.2298753509521485,1.0,0.5,2.9703941345214844,874.8126831054688,8.08835506439209,0.10333675146102905,0.700925886631012,4.891876697540283,0.6837018132209778,30.815135955810547,1.155714750289917,25.83965492248535,0.8084091544151306,20.42667579650879,0.6306983232498169,0.10559423267841339,5.489686012268066,17.65001106262207,1.3247886896133423,190.2242889404297,1.4281017780303955,367.4216613769531,2.9547377380367834e-06,1.1654562870333507e-09,3.305324077606201,28.550886154174805,48.45398712158203,0.07080533355474472,7.99261474609375,0.3266774117946625
663,42269.66437890625,89954.8984375,42266.72715234375,1.473751455783844,2.927368276596069,1.0,0.5,3.5881240367889404,1046.717041015625,8.180374145507812,0.1078544557094574,0.7129002213478088,4.944581031799316,0.733940601348877,30.355239868164062,1.136648416519165,24.994657516479492,0.8572621941566467,19.950241088867188,0.6306983232498169,0.10559423267841339,5.532069683074951,18.13206672668457,1.3492884635925293,190.92941284179688,1.4279330968856812,352.3910217285156,2.9547377380367834e-06,1.1654562870333507e-09,3.3150527477264404,28.259658813476562,48.3344841003418,0.07053811103105545,8.030501365661621,0.3293227553367615
664,48500.09053125,56320.45703125,48497.188265625,1.4422344286441804,2.920356336593628,1.0,0.5,3.3318142890930176,801.6301879882812,7.958272933959961,0.10391095280647278,0.7205806970596313,4.980879783630371,0.700912356376648,30.195825576782227,1.1305525302886963,25.08102035522461,0.8312186002731323,19.998882293701172,0.6306983232498169,0.10559423267841339,5.692206859588623,17.81020736694336,1.241576910018921,180.10060119628906,1.4119620323181152,332.22845458984375,2.9547377380367834e-06,1.1654562870333507e-09,3.273538112640381,27.533559799194336,48.512611389160156,0.0709022730588913,7.809974193572998,0.32176443934440613
665,42454.050296875,70200.3125,42451.2734609375,1.411783802986145,2.7295309228897096,1.0,0.5,3.650010824203491,902.0860595703125,8.267127990722656,0.1156238317489624,0.7171894907951355,4.944468021392822,0.7314018607139587,30.710708618164062,1.1701176166534424,25.77632713317871,0.8530666828155518,20.290403366088867,0.6306983232498169,0.10559423267841339,5.64766788482666,18.518444061279297,1.3178008794784546,178.67848205566406,1.4406635761260986,365.9293518066406,2.9547377380367834e-06,1.1654562870333507e-09,3.339306354522705,28.381486892700195,48.69249725341797,0.07128506153821945,7.815652847290039,0.3211844861507416
666,42981.687484375,64414.921875,42978.6599140625,1.4420367226600648,3.170751255989075,1.0,0.5,3.0842835903167725,860.9734497070312,8.127411842346191,0.11225412786006927,0.7232975959777832,5.036923885345459,0.7388935685157776,32.505619049072266,1.2351104021072388,26.797245025634766,0.853341281414032,21.035329818725586,0.6306983232498169,0.10559423267841339,6.346755504608154,19.05651092529297,1.3372828960418701,186.53155517578125,1.431917428970337,349.7495422363281,2.9547377380367834e-06,1.1654562870333507e-09,3.4073777198791504,28.047630310058594,48.757476806640625,0.07136426866054535,7.995359420776367,0.3242912292480469
667,44360.76921875,92821.0234375,44357.8980703125,1.4395941276550293,2.863212347984314,1.0,0.5,3.6328539848327637,1056.619384765625,8.27033805847168,0.10904254019260406,0.756543755531311,5.198958396911621,0.7187953591346741,31.181396484375,1.2704216241836548,27.111736297607422,0.8421058654785156,20.560815811157227,0.6306983232498169,0.10559423267841339,6.129650592803955,19.852420806884766,1.4450597763061523,193.7561798095703,1.481811761856079,376.776611328125,2.9547377380367834e-06,1.1654562870333507e-09,3.601149797439575,31.205564498901367,48.38094711303711,0.07076702266931534,8.114718437194824,0.3363267779350281
668,41423.9176640625,98782.21875,41421.101234375,1.4445021977424621,2.7436201992034914,1.0,0.5,3.8743820190429688,1099.23828125,8.456544876098633,0.11357224732637405,0.7694360613822937,5.414335250854492,0.7515062093734741,30.91273307800293,1.218404769897461,26.254602432250977,0.8918130993843079,20.429494857788086,0.6306983232498169,0.10559423267841339,5.746382236480713,18.90391731262207,1.4195754528045654,191.8213653564453,1.3870893716812134,366.6120910644531,2.9547377380367834e-06,1.1654562870333507e-09,3.593273401260376,30.899215698242188,48.43903350830078,0.07095451653003693,8.128870964050293,0.3330457806587219
669,43497.6571015625,79819.28125,43494.880953125,1.437217085838318,2.677883702278137,1.0,0.5,3.3194258213043213,966.9854736328125,8.203290939331055,0.1016535609960556,0.707043468952179,4.920180320739746,0.7077692747116089,29.973237991333008,1.1829655170440674,26.315099716186523,0.833159863948822,19.68495750427246,0.6306983232498169,0.10559423267841339,5.835535526275635,18.466711044311523,1.379561424255371,186.6468505859375,1.4641040563583374,379.9798583984375,2.9547377380367834e-06,1.1654562870333507e-09,3.3379223346710205,28.65540313720703,48.65682601928711,0.07141187787055969,8.059035301208496,0.32523220777511597
670,43297.2687265625,82564.6640625,43294.524,1.426674732685089,2.6360132369995117,1.0,0.5,4.050647258758545,962.41552734375,8.758289337158203,0.12380008399486542,0.7501869797706604,5.118356227874756,0.7612323760986328,32.25935745239258,1.312451958656311,28.788576126098633,0.8742744326591492,20.68171501159668,0.6306983232498169,0.10559423267841339,6.418481349945068,19.58745002746582,1.4689687490463257,205.3656768798828,1.6563810110092163,428.7445983886719,2.9547377380367834e-06,1.1654562870333507e-09,3.6906845569610596,30.57636260986328,48.68121337890625,0.07153802365064621,8.225696563720703,0.33903026580810547
671,49224.655015625,65122.0078125,49221.752359375,1.4376483221054077,2.9297781410217287,1.0,0.5,3.2153942584991455,855.6810302734375,7.76430082321167,0.09235209226608276,0.7349587082862854,5.002729415893555,0.720845639705658,29.72887420654297,1.2113022804260254,26.62798309326172,0.8522717356681824,19.48188591003418,0.6306983232498169,0.10559423267841339,5.8818254470825195,18.08169174194336,1.2453161478042603,178.88021850585938,1.5295863151550293,379.9977111816406,2.9547377380367834e-06,1.1654562870333507e-09,3.3222885131835938,27.83460807800293,48.7578239440918,0.07139226794242859,7.918755531311035,0.32397744059562683
672,48195.7671953125,58952.6484375,48192.9892109375,1.4399425501823426,2.675781223297119,1.0,0.5,3.4172348976135254,791.7894287109375,8.029738426208496,0.0987391546368599,0.7319106459617615,4.898186683654785,0.7139383554458618,30.46565055847168,1.2714780569076538,27.168262481689453,0.834403395652771,20.084230422973633,0.6306983232498169,0.10559423267841339,6.1796793937683105,18.628576278686523,1.3752999305725098,188.36367797851562,1.5761207342147827,399.4635009765625,2.9547377380367834e-06,1.1654562870333507e-09,3.3797316551208496,29.856555938720703,48.725555419921875,0.07119020819664001,7.951167106628418,0.32563963532447815
673,47250.455140625,73903.84375,47247.631359375,1.4507860839366913,2.7462097578048708,1.0,0.5,2.9363467693328857,914.1107177734375,7.754541397094727,0.08915781229734421,0.704093337059021,4.8478827476501465,0.6858660578727722,29.925514221191406,1.1751753091812134,25.87067413330078,0.8075830340385437,19.569730758666992,0.6306983232498169,0.10559423267841339,5.472352504730225,18.017154693603516,1.3934047222137451,190.358642578125,1.5689551830291748,399.61212158203125,2.9547377380367834e-06,1.1654562870333507e-09,3.2270333766937256,28.47154426574707,48.47644805908203,0.07078215479850769,7.972166538238525,0.3255886733531952
674,45553.700390625,49258.78125,45550.911640625,1.435526747226715,2.7067053651809694,1.0,0.5,3.4112448692321777,732.6839599609375,8.040526390075684,0.10396035760641098,0.7175688743591309,4.921738147735596,0.7065580487251282,28.455520629882812,1.1560410261154175,24.788272857666016,0.8339105248451233,18.996013641357422,0.6306983232498169,0.10559423267841339,5.950895309448242,17.624794006347656,1.3283079862594604,185.69357299804688,1.4304174184799194,339.70086669921875,2.9547377380367834e-06,1.1654562870333507e-09,3.1839306354522705,27.855812072753906,48.57229232788086,0.07082050293684006,7.616831302642822,0.31845325231552124
675,47915.2749296875,68590.484375,47912.5242578125,1.449096041202545,2.6033671979904174,1.0,0.5,3.630174398422241,868.1571655273438,8.482955932617188,0.1157272532582283,0.720396101474762,4.913837909698486,0.7318762540817261,32.84474563598633,1.2095385789871216,28.100229263305664,0.8300939798355103,20.81296157836914,0.6306983232498169,0.10559423267841339,5.877634048461914,19.19492530822754,1.3961912393569946,200.10491943359375,1.5972381830215454,403.6703186035156,2.9547377380367834e-06,1.1654562870333507e-09,3.517854928970337,29.351686477661133,48.609745025634766,0.07082244753837585,8.37103271484375,0.33639901876449585
676,45956.138109375,74962.6484375,45953.3471640625,1.4129767887592315,2.7565778074264524,1.0,0.5,3.290860652923584,929.9085083007812,8.065326690673828,0.09938450902700424,0.7100657224655151,4.880788326263428,0.7208225131034851,30.60225486755371,1.2147526741027832,26.44378662109375,0.839789867401123,20.243370056152344,0.6306983232498169,0.10559423267841339,5.9984025955200195,18.98984718322754,1.3426904678344727,193.2501983642578,1.4767392873764038,379.58306884765625,2.9547377380367834e-06,1.1654562870333507e-09,3.3987441062927246,29.425107955932617,48.08961868286133,0.07020684331655502,8.037370681762695,0.32955101132392883
677,46057.172234375,51878.61328125,46054.3055234375,1.4740403771400452,2.785530191421509,1.0,0.5,3.1750965118408203,763.6906127929688,7.813042640686035,0.09022411704063416,0.7317526340484619,5.050736904144287,0.6881569623947144,29.12126350402832,1.1044961214065552,24.612709045410156,0.8221424221992493,19.59317398071289,0.6306983232498169,0.10559423267841339,5.337589740753174,17.902135848999023,1.2567739486694336,175.0432891845703,1.345112681388855,330.7258605957031,2.9547377380367834e-06,1.1654562870333507e-09,3.3703696727752686,29.178855895996094,48.401729583740234,0.07104495167732239,8.027142524719238,0.3295450508594513
678,53233.870875,72207.625,53231.12575,1.4290321898460387,2.632034948348999,1.0,0.5,3.657262086868286,897.8236694335938,7.982947826385498,0.09714603424072266,0.7136074304580688,4.904722690582275,0.7444953322410583,31.15802574157715,1.2015953063964844,26.64234733581543,0.8608839511871338,20.108022689819336,0.6306983232498169,0.10559423267841339,5.823780059814453,18.243425369262695,1.431578516960144,203.65538024902344,1.5281492471694946,400.0478820800781,2.9547377380367834e-06,1.1654562870333507e-09,3.5579164028167725,29.003793716430664,47.97391128540039,0.06999357789754868,8.212507247924805,0.3283787965774536
679,45805.7692890625,102692.2265625,45802.818703125,1.4490687370300293,3.0028047485351563,1.0,0.5,3.2511160373687744,1119.6029052734375,7.819578170776367,0.09229191392660141,0.6943780183792114,4.785983085632324,0.7222704291343689,32.026058197021484,1.2025359869003296,27.624267578125,0.8379009366035461,20.62369728088379,0.6306983232498169,0.10559423267841339,5.672046661376953,18.652376174926758,1.3041117191314697,181.1153106689453,1.5298292636871338,384.6300354003906,2.9547377380367834e-06,1.1654562870333507e-09,3.351332664489746,28.803653717041016,48.34980392456055,0.07100184261798859,7.719120502471924,0.3252837359905243
680,56399.759859375,117064.234375,56397.0483984375,1.4465311770439149,2.529784429550171,1.0,0.5,3.1484744548797607,1219.25048828125,7.641754150390625,0.08932836353778839,0.729606032371521,5.199207782745361,0.7145966291427612,29.918079376220703,1.1503322124481201,25.285213470458984,0.8490797877311707,19.86080551147461,0.6306983232498169,0.10559423267841339,5.434506893157959,17.995365142822266,1.3149818181991577,181.59991455078125,1.405171513557434,340.81390380859375,2.9547377380367834e-06,1.1654562870333507e-09,3.492069959640503,29.876691818237305,47.63945770263672,0.06959395855665207,7.884915351867676,0.3292510509490967
681,48752.8865,80745.5546875,48749.954421875,1.4588155879974365,2.9470119924545286,1.0,0.5,3.058725595474243,995.2481689453125,7.72644567489624,0.09069330990314484,0.7222514748573303,4.968745231628418,0.6783414483070374,29.31000518798828,1.1150468587875366,24.755294799804688,0.8003080487251282,19.64588737487793,0.6306983232498169,0.10559423267841339,5.41858434677124,18.28126335144043,1.1863157749176025,173.96527099609375,1.3264814615249634,326.5444030761719,2.9547377380367834e-06,1.1654562870333507e-09,3.230097532272339,28.00338363647461,48.316444396972656,0.07048498839139938,7.8206071853637695,0.3214814066886902
682,46645.8731015625,109284.359375,46642.95359375,1.4499317145347594,2.938685640335083,1.0,0.5,3.486771821975708,1166.181396484375,8.277958869934082,0.09825444221496582,0.7318867444992065,5.099565029144287,0.6922191381454468,29.056137084960938,1.21211838722229,25.8780517578125,0.8050486445426941,19.22909927368164,0.6306983232498169,0.10559423267841339,5.5309038162231445,18.97269058227539,1.3652323484420776,187.0831756591797,1.473397970199585,363.0377197265625,2.9547377380367834e-06,1.1654562870333507e-09,3.289778470993042,30.216524124145508,48.110477447509766,0.07003267854452133,8.033506393432617,0.33059826493263245
683,56980.225515625,106442.3671875,56977.412109375,1.4354015769958497,2.755543575286865,1.0,0.5,3.369629383087158,1144.7708740234375,8.037768363952637,0.10151959955692291,0.7347986102104187,5.067576885223389,0.7245096564292908,31.17136001586914,1.224341630935669,26.56321144104004,0.8686540722846985,20.91101837158203,0.6306983232498169,0.10559423267841339,5.954367637634277,19.221574783325195,1.3412443399429321,195.45567321777344,1.477476716041565,371.4875793457031,2.9547377380367834e-06,1.1654562870333507e-09,3.5225603580474854,30.89887046813965,47.76777648925781,0.0698009729385376,7.919412136077881,0.33980104327201843
684,46349.2920078125,98712.59375,46346.441453125,1.4168130383491515,2.8677334690093996,1.0,0.5,3.964139223098755,1100.317626953125,8.289633750915527,0.10640708357095718,0.7602599859237671,5.170434474945068,0.7276372313499451,31.287694931030273,1.2168277502059937,26.438264846801758,0.8398597836494446,20.255767822265625,0.6306983232498169,0.10559423267841339,6.113216876983643,19.411630630493164,1.3656213283538818,185.24871826171875,1.4395241737365723,365.39276123046875,2.9547377380367834e-06,1.1654562870333507e-09,3.5603291988372803,30.56450843811035,47.800594329833984,0.06960593909025192,7.798033237457275,0.3276907503604889
685,46188.0923671875,67894.578125,46185.318359375,1.4351587634086609,2.677749557495117,1.0,0.5,3.9505136013031006,865.32080078125,7.7841386795043945,0.09519537538290024,0.6866773366928101,4.694249153137207,0.7597519159317017,32.74816131591797,1.2368545532226562,26.86052894592285,0.8721171021461487,21.326656341552734,0.6306983232498169,0.10559423267841339,5.693565845489502,18.632705688476562,1.427764654159546,203.74954223632812,1.579301118850708,395.8672180175781,2.9547377380367834e-06,1.1654562870333507e-09,3.644219398498535,29.64727783203125,47.93709945678711,0.06949854642152786,8.075711250305176,0.3285476565361023
686,51745.6614453125,105347.1171875,51742.6992265625,1.4487772762775422,3.0260478887557984,1.0,0.5,2.982971429824829,1138.524169921875,7.7361741065979,0.09119675308465958,0.7241978049278259,5.061687469482422,0.7312150001525879,33.803165435791016,1.1886186599731445,27.451581954956055,0.8574551939964294,22.050621032714844,0.6306983232498169,0.10559423267841339,5.521885871887207,19.1730899810791,1.3399722576141357,193.663330078125,1.4974194765090942,370.740478515625,2.9547377380367834e-06,1.1654562870333507e-09,3.4225988388061523,29.49435043334961,48.138153076171875,0.07035785168409348,7.926849365234375,0.33214762806892395
687,60827.0679921875,81097.7421875,60824.116875,1.4452401595115663,3.0115221939086916,1.0,0.5,3.363675594329834,972.7606201171875,7.6636223793029785,0.08637309819459915,0.7229429483413696,5.0658860206604,0.6979413628578186,30.647695541381836,1.2478668689727783,26.890390396118164,0.8133386373519897,20.18903350830078,0.6306983232498169,0.10559423267841339,6.244601726531982,19.474781036376953,1.3913633823394775,208.56436157226562,1.5370985269546509,377.1346435546875,2.9547377380367834e-06,1.1654562870333507e-09,3.6160502433776855,29.636899948120117,48.11663055419922,0.07020183652639389,7.983268737792969,0.3278180956840515
688,53727.02278125,79364.34375,53724.2612265625,1.448891090154648,2.626136308670044,1.0,0.5,4.112586498260498,963.6994018554688,8.083863258361816,0.09524738788604736,0.7488920092582703,5.096220016479492,0.7394639849662781,30.514875411987305,1.2440993785858154,26.324132919311523,0.863947331905365,20.090301513671875,0.6306983232498169,0.10559423267841339,5.639081954956055,18.347475051879883,1.450691819190979,195.11473083496094,1.5329662561416626,375.5252990722656,2.9547377380367834e-06,1.1654562870333507e-09,3.5561513900756836,29.703205108642578,48.115020751953125,0.06943245232105255,8.126747131347656,0.33416661620140076
689,54154.584296875,52346.171875,54151.6980859375,1.43658176612854,2.8994265060424804,1.0,0.5,2.879760503768921,757.4413452148438,7.285909175872803,0.08253336697816849,0.7345062494277954,5.071598529815674,0.6909600496292114,30.77461051940918,1.2252752780914307,26.690082550048828,0.8056778311729431,20.015674591064453,0.6306983232498169,0.10559423267841339,5.72659158706665,18.553213119506836,1.2526917457580566,178.89419555664062,1.4803440570831299,351.77398681640625,2.9547377380367834e-06,1.1654562870333507e-09,3.6316134929656982,30.476377487182617,48.09520721435547,0.06928880512714386,7.606421947479248,0.31716424226760864
690,52383.9666796875,143676.84375,52380.94925,1.4499907813072204,3.1348263092041018,1.0,0.5,3.7363338470458984,1346.9381103515625,8.238944053649902,0.10525282472372055,0.7076003551483154,5.005799770355225,0.738354504108429,32.75495910644531,1.2249492406845093,27.95260238647461,0.8623664379119873,21.090341567993164,0.6306983232498169,0.10559423267841339,5.87504768371582,19.018434524536133,1.3956592082977295,196.00711059570312,1.6195353269577026,393.9060974121094,2.9547377380367834e-06,1.1654562870333507e-09,3.4027035236358643,30.724763870239258,48.403465270996094,0.0701281726360321,7.751633167266846,0.3302507996559143
691,59724.4454765625,86812.875,59721.5786328125,1.4581207275390624,2.8168257446289062,1.0,0.5,3.1566083431243896,1024.47802734375,7.625771522521973,0.08889800310134888,0.7178794145584106,4.9652323722839355,0.6823738217353821,29.443178176879883,1.2035504579544067,26.300994873046875,0.7944959402084351,19.0573787689209,0.6306983232498169,0.10559423267841339,5.444550037384033,18.75732421875,1.3118036985397339,182.21966552734375,1.4397015571594238,359.6839904785156,2.9547377380367834e-06,1.1654562870333507e-09,3.351149320602417,30.461284637451172,48.4575080871582,0.07016599923372269,7.637137413024902,0.3274424374103546
692,49861.587890625,94349.84375,49858.700140625,1.4545852437019349,2.8657592868804933,1.0,0.5,3.506075143814087,1072.908447265625,7.945918083190918,0.09330200403928757,0.7393856644630432,5.08241081237793,0.7156779170036316,29.007749557495117,1.178656816482544,25.660486221313477,0.852251410484314,19.373498916625977,0.6306983232498169,0.10559423267841339,6.076659202575684,17.792449951171875,1.3884599208831787,190.24530029296875,1.3876354694366455,361.1400146484375,2.9547377380367834e-06,1.1654562870333507e-09,3.439944267272949,30.155353546142578,48.35059356689453,0.0699431300163269,7.817816734313965,0.322898805141449
693,58079.5000625,69027.109375,58076.82653125,1.4308870446681976,2.4856204042434693,1.0,0.5,4.306851863861084,885.2724609375,8.319890975952148,0.09760792553424835,0.7309359312057495,5.006266117095947,0.7249032855033875,30.924840927124023,1.2055305242538452,26.161632537841797,0.8586673736572266,20.39426040649414,0.6306983232498169,0.10559423267841339,5.816351413726807,18.20223045349121,1.283273696899414,195.21934509277344,1.5966845750808716,375.99005126953125,2.9547377380367834e-06,1.1654562870333507e-09,3.2012112140655518,27.51474952697754,47.7723274230957,0.06873679161071777,7.517609119415283,0.3176555335521698
694,53568.409921875,122734.03125,53565.6490078125,1.441621850013733,2.639084005355835,1.0,0.5,3.5450518131256104,1239.1002197265625,7.907700538635254,0.09254784137010574,0.7380459308624268,5.247782230377197,0.6673611402511597,28.621761322021484,1.2204641103744507,26.221275329589844,0.7862715125083923,19.081768035888672,0.6306983232498169,0.10559423267841339,5.599354267120361,18.807212829589844,1.4403581619262695,191.5821533203125,1.484932780265808,378.120361328125,2.9547377380367834e-06,1.1654562870333507e-09,3.324713945388794,30.875917434692383,47.97997283935547,0.06955352425575256,7.896231651306152,0.34067678451538086
695,64129.7554140625,53034.8359375,64126.9229765625,1.4278533561229705,2.8085496473312377,1.0,0.5,2.837433338165283,771.0571899414062,7.502285957336426,0.08507091552019119,0.7020320296287537,4.777623176574707,0.775311291217804,36.07746124267578,1.1620038747787476,28.46837615966797,0.9122020602226257,23.774545669555664,0.6306983232498169,0.10559423267841339,5.356992244720459,18.251659393310547,1.3578033447265625,178.26832580566406,1.4668822288513184,334.89630126953125,2.9547377380367834e-06,1.1654562870333507e-09,3.4600977897644043,31.112308502197266,47.800559997558594,0.0694539025425911,7.831540107727051,0.3234141170978546
696,59346.0372109375,123761.9375,59343.2603671875,1.424434076309204,2.704576332092285,1.0,0.5,4.1264424324035645,1262.6695556640625,7.562479496002197,0.09277410805225372,0.7234726548194885,5.106435298919678,0.7355950474739075,30.232385635375977,1.2721531391143799,26.576688766479492,0.8434572219848633,19.586284637451172,0.6306983232498169,0.10559423267841339,5.894143104553223,18.929052352905273,1.334560513496399,171.42628479003906,1.4082785844802856,324.9654541015625,2.9547377380367834e-06,1.1654562870333507e-09,3.480292558670044,30.5350341796875,47.96592330932617,0.06931062042713165,7.536098957061768,0.326705664396286
697,51997.154984375,92105.640625,51994.24283984375,1.4090906009674071,3.0061915340423586,1.0,0.5,3.4428138732910156,1051.12841796875,8.400729179382324,0.1054883673787117,0.7435840964317322,5.082327365875244,0.8117040395736694,34.884246826171875,1.3064059019088745,29.505382537841797,0.9339379072189331,22.07012176513672,0.6306983232498169,0.10559423267841339,6.334848880767822,20.431781768798828,1.3556832075119019,178.8052215576172,1.5094162225723267,385.59210205078125,2.9547377380367834e-06,1.1654562870333507e-09,3.5394012928009033,30.249889373779297,48.133033752441406,0.07052052766084671,7.94085168838501,0.33282628655433655
698,58060.737203125,61950.453125,58057.7562734375,1.462221423625946,3.0375515747070314,1.0,0.5,3.159116268157959,844.752197265625,8.122239112854004,0.11548449099063873,0.7292188405990601,5.012845993041992,0.8020477294921875,36.28989028930664,1.2190626859664917,28.187410354614258,0.9345047473907471,23.385236740112305,0.6306983232498169,0.10559423267841339,5.605957508087158,18.179996490478516,1.3792002201080322,187.35791015625,1.4090851545333862,338.71484375,2.9547377380367834e-06,1.1654562870333507e-09,3.3947489261627197,28.861648559570312,48.2748908996582,0.07044266164302826,7.778131008148193,0.3211810886859894
699,61513.422015625,131957.15625,61510.56065625,1.4095816307067872,2.903616579055786,1.0,0.5,3.3656890392303467,1297.2459716796875,7.356657981872559,0.0799577385187149,0.7245688438415527,5.09835958480835,0.7642940878868103,31.201128005981445,1.2696192264556885,26.8701171875,0.8882540464401245,20.604656219482422,0.6306983232498169,0.10559423267841339,5.780058860778809,19.724889755249023,1.5429755449295044,191.97593688964844,1.4119832515716553,352.35382080078125,2.9547377380367834e-06,1.1654562870333507e-09,3.497673511505127,31.42096710205078,47.53129959106445,0.06893731653690338,7.932275772094727,0.3344350755214691
700,59351.606703125,92932.3046875,59348.6918125,1.4312315015792847,2.9676141357421875,1.0,0.5,3.4543395042419434,1061.6951904296875,7.236190319061279,0.08043476194143295,0.7534856796264648,5.147607803344727,0.7594128847122192,31.90727424621582,1.2671655416488647,26.78973960876465,0.8771620988845825,20.84115219116211,0.6306983232498169,0.10559423267841339,5.836542129516602,18.854923248291016,1.3226351737976074,192.38768005371094,1.6601836681365967,365.3981628417969,2.9547377380367834e-06,1.1654562870333507e-09,3.2169137001037598,27.42746353149414,47.279624938964844,0.06863756477832794,7.739619731903076,0.32622596621513367
701,57033.439609375,75675.7109375,57030.617765625,1.467222795009613,2.7090690202713015,1.0,0.5,3.827439546585083,940.9327392578125,8.206365585327148,0.1108771562576294,0.7362703680992126,5.035116672515869,0.7709118127822876,33.88649368286133,1.2661076784133911,27.49073600769043,0.8826978206634521,21.917516708374023,0.6306983232498169,0.10559423267841339,5.978878498077393,19.904796600341797,1.4874628782272339,191.78253173828125,1.4755867719650269,365.53436279296875,2.9547377380367834e-06,1.1654562870333507e-09,3.4843251705169678,29.684356689453125,47.75372314453125,0.06934686005115509,7.7287211418151855,0.33015042543411255
702,59025.763046875,62249.7421875,59022.92021875,1.395408103466034,2.894630129814148,1.0,0.5,3.2505505084991455,819.11083984375,8.071268081665039,0.09617213904857635,0.697172224521637,4.736413478851318,0.726916491985321,32.76353454589844,1.242816686630249,28.486574172973633,0.8273021578788757,20.868331909179688,0.6306983232498169,0.10559423267841339,5.89713716506958,19.797245025634766,1.3984421491622925,194.72962951660156,1.5622574090957642,398.7313232421875,2.9547377380367834e-06,1.1654562870333507e-09,3.629295825958252,29.84006690979004,47.29445266723633,0.06915318220853806,7.934107780456543,0.3265531063079834
703,58127.596015625,90526.4765625,58124.823640625,1.4522210412025451,2.640389498710632,1.0,0.5,3.352250576019287,1056.805419921875,7.375011444091797,0.08383693546056747,0.7165154218673706,4.989686012268066,0.7232863903045654,29.66677474975586,1.1670798063278198,25.076112747192383,0.8187817335128784,19.544050216674805,0.6306983232498169,0.10559423267841339,5.970377445220947,19.92550277709961,1.4866596460342407,182.59547424316406,1.5594408512115479,337.6605529785156,2.9547377380367834e-06,1.1654562870333507e-09,3.4288082122802734,29.020078659057617,47.06905746459961,0.06804340332746506,7.774341106414795,0.3221536874771118
704,55789.104140625,109027.0859375,55786.24971875,1.4616758999824524,2.786189514160156,1.0,0.5,3.586622714996338,1163.7750244140625,8.317754745483398,0.10754171758890152,0.7173429131507874,5.114515781402588,0.7186983227729797,33.365638732910156,1.2316389083862305,27.804704666137695,0.845620334148407,21.631322860717773,0.6306983232498169,0.10559423267841339,6.491757392883301,18.849443435668945,1.2755903005599976,179.2093963623047,1.5397576093673706,369.18426513671875,2.9547377380367834e-06,1.1654562870333507e-09,3.288090705871582,28.905736923217773,47.62929916381836,0.06926315277814865,7.923456192016602,0.3254462778568268
705,63437.1320546875,89465.5546875,63434.384578125,1.474630473613739,2.5465385456085206,1.0,0.5,3.4849863052368164,1006.2196655273438,8.35747241973877,0.11082880198955536,0.7170596718788147,5.038778781890869,0.8106310963630676,38.222930908203125,1.4133070707321167,33.874942779541016,0.9314449429512024,24.569984436035156,0.6306983232498169,0.10559423267841339,6.16209077835083,21.49610137939453,1.6749964952468872,213.83021545410156,1.7554080486297607,435.43310546875,2.9547377380367834e-06,1.1654562870333507e-09,3.480034351348877,31.49806022644043,47.851417541503906,0.06998053193092346,7.935652732849121,0.3360125720500946
706,56944.813546875,143818.75,56942.04915625,1.4224418721199035,2.6834932804107665,1.0,0.5,3.8859565258026123,1355.234619140625,8.038344383239746,0.10009768605232239,0.7310436964035034,5.078474044799805,0.8154167532920837,32.74563980102539,1.234363317489624,26.690399169921875,0.9423269033432007,21.231380462646484,0.6306983232498169,0.10559423267841339,5.980427265167236,20.995315551757812,1.418337106704712,194.95616149902344,1.483322024345398,367.5188293457031,2.9547377380367834e-06,1.1654562870333507e-09,3.4616713523864746,31.60432243347168,47.56509780883789,0.06899461150169373,8.087586402893066,0.33688783645629883
707,57178.414484375,72351.484375,57175.651359375,1.431331983566284,2.6636081714630127,1.0,0.5,3.4716904163360596,891.5747680664062,8.722412109375,0.1214781329035759,0.7527009844779968,5.282621383666992,0.7795053720474243,33.4566535949707,1.3469033241271973,30.05259132385254,0.8735634088516235,20.829124450683594,0.6306983232498169,0.10559423267841339,6.579876899719238,20.2287654876709,1.3582558631896973,191.66131591796875,1.7005281448364258,421.3074035644531,2.9547377380367834e-06,1.1654562870333507e-09,3.3106322288513184,29.408946990966797,48.46634292602539,0.07018882781267166,8.017663955688477,0.34516358375549316
708,63608.3771640625,85783.703125,63605.607453125,1.4004115262031556,2.737547191619873,1.0,0.5,3.62631893157959,985.170654296875,8.573854446411133,0.11953893303871155,0.7152402997016907,5.480477333068848,0.791473388671875,37.9058837890625,1.2768065929412842,28.808372497558594,0.8831408619880676,23.778945922851562,0.6306983232498169,0.10559423267841339,6.258887767791748,19.649930953979492,1.4871984720230103,200.96702575683594,1.6440478563308716,431.11865234375,2.9547377380367834e-06,1.1654562870333507e-09,3.2516884803771973,29.808422088623047,47.630096435546875,0.06936326622962952,8.069500923156738,0.3384535610675812
709,61344.5114140625,121833.390625,61331.4234140625,1.426411451816559,23.322867099761964,1.0,0.5,4.294225215911865,1222.8690185546875,8.128364562988281,0.0926043689250946,0.7162454724311829,5.012718677520752,0.7883031964302063,31.998531341552734,1.320712685585022,28.597293853759766,0.9140194654464722,20.853029251098633,0.6306983232498169,0.10559423267841339,6.8594441413879395,20.21001625061035,1.4974790811538696,198.8426055908203,1.6566753387451172,408.89556884765625,2.9547377380367834e-06,1.1654562870333507e-09,3.362271308898926,28.138465881347656,46.67551803588867,0.06768728047609329,7.684073448181152,0.3200993239879608
710,63087.5426015625,78840.3515625,63084.596671875,1.4488508591651916,2.9942589435577394,1.0,0.5,3.492917537689209,961.2642822265625,7.810253143310547,0.08772405236959457,0.7225173711776733,5.009485244750977,0.6759703159332275,28.045440673828125,1.1922001838684082,25.246196746826172,0.7961589097976685,18.741928100585938,0.6306983232498169,0.10559423267841339,5.547592639923096,18.394676208496094,1.4130756855010986,192.96310424804688,1.4957150220870972,373.48944091796875,2.9547377380367834e-06,1.1654562870333507e-09,3.421715259552002,29.08216094970703,47.4978141784668,0.06883000582456589,7.972201824188232,0.3283436596393585
711,55953.1333125,57756.765625,55950.251890625,1.4492978641986847,2.864898797035217,1.0,0.5,3.3106577396392822,804.34765625,7.822398662567139,0.08939936757087708,0.7133576273918152,4.852865695953369,0.7563867568969727,30.952653884887695,1.202389121055603,26.273855209350586,0.88414067029953,20.5167236328125,0.6306983232498169,0.10559423267841339,5.656553745269775,18.949939727783203,1.3454155921936035,184.79273986816406,1.5331929922103882,352.3171081542969,2.9547377380367834e-06,1.1654562870333507e-09,3.40462589263916,29.48891258239746,47.10859680175781,0.06802432239055634,7.794672966003418,0.3173859119415283
712,61353.448625,67006.3671875,61350.314109375,1.4485556988716126,3.372568602561951,1.0,0.5,4.002758026123047,863.392822265625,7.993870258331299,0.09224902838468552,0.7412549257278442,5.0897603034973145,0.725525438785553,30.588680267333984,1.2589603662490845,26.421424865722656,0.8664710521697998,20.147981643676758,0.6306983232498169,0.10559423267841339,6.018319129943848,18.8712158203125,1.494053840637207,201.5532684326172,1.7017176151275635,385.66766357421875,2.9547377380367834e-06,1.1654562870333507e-09,3.413120985031128,28.891681671142578,47.16696548461914,0.06812968850135803,7.853740692138672,0.3258928656578064
713,61075.18621875,153821.25,61072.197078125,1.4343186168670654,3.109494038581848,1.0,0.5,3.932619094848633,1399.59912109375,8.154711723327637,0.09709441661834717,0.7888752222061157,5.554598808288574,0.7208636999130249,31.372636795043945,1.3369652032852173,28.067100524902344,0.8104632496833801,19.985321044921875,0.6306983232498169,0.10559423267841339,6.336442947387695,19.341554641723633,1.4467475414276123,189.01547241210938,1.6093995571136475,393.9517517089844,2.9547377380367834e-06,1.1654562870333507e-09,3.6691911220550537,33.10057830810547,47.51553726196289,0.06951527297496796,7.869741439819336,0.3252963423728943
714,64525.9505859375,101804.5859375,64523.1768828125,1.3742315177917481,2.799329337120056,1.0,0.5,3.817188262939453,1115.55517578125,7.09097957611084,0.07654068619012833,0.7729125022888184,5.1821699142456055,0.7665373682975769,30.705059051513672,1.2083635330200195,26.055484771728516,0.8839610815048218,20.024456024169922,0.6306983232498169,0.10559423267841339,5.666991233825684,18.781505584716797,1.362349033355713,192.76986694335938,1.5766706466674805,374.5588073730469,2.9547377380367834e-06,1.1654562870333507e-09,3.6962103843688965,30.365123748779297,47.551422119140625,0.06847837567329407,7.6251044273376465,0.3169200122356415
715,68469.111984375,81698.9609375,68466.1150859375,1.4635578408241272,3.0661362657546998,1.0,0.5,3.5154075622558594,989.3982543945312,7.898412704467773,0.09653472900390625,0.7385136485099792,5.062844753265381,0.7599422335624695,30.337783813476562,1.2981120347976685,26.16902732849121,0.8564181327819824,19.608001708984375,0.6306983232498169,0.10559423267841339,6.161944389343262,19.805524826049805,1.4116432666778564,188.65679931640625,1.5065820217132568,354.8522033691406,2.9547377380367834e-06,1.1654562870333507e-09,3.577185869216919,30.584205627441406,46.82115173339844,0.06815938651561737,7.917180061340332,0.33822256326675415
716,68404.569078125,97729.046875,68401.64975,1.4181334247589112,3.0028069467544554,1.0,0.5,4.3729424476623535,1065.9945068359375,8.2205171585083,0.09687134623527527,0.7294456362724304,5.040441036224365,0.7689559459686279,31.151050567626953,1.3572129011154175,30.147279739379883,0.8654705286026001,19.899391174316406,0.6306983232498169,0.10559423267841339,6.736401557922363,20.775320053100586,1.3373106718063354,188.51063537597656,1.7486549615859985,439.0264892578125,2.9547377380367834e-06,1.1654562870333507e-09,3.1777307987213135,28.755596160888672,46.68405532836914,0.06769585609436035,7.550316333770752,0.3187088966369629
717,71592.96846875,55265.8203125,71590.1610703125,1.4282773413658143,2.7570352821350097,1.0,0.5,4.15329122543335,769.705078125,8.622550964355469,0.12020830810070038,0.7597804665565491,5.114012718200684,0.7104974389076233,29.7476863861084,1.2426643371582031,25.621294021606445,0.8193087577819824,19.769533157348633,0.6306983232498169,0.10559423267841339,5.712925434112549,18.568561553955078,1.4755412340164185,199.1510009765625,1.5733517408370972,372.09429931640625,2.9547377380367834e-06,1.1654562870333507e-09,3.745537281036377,28.885068893432617,47.26449966430664,0.0682184025645256,7.950454235076904,0.3284737765789032
718,61649.907328125,58071.5625,61647.0235625,1.4418909697532654,2.8837401418685915,1.0,0.5,3.144399404525757,804.1846313476562,7.250761032104492,0.08116388320922852,0.7551933526992798,5.151933670043945,0.76214998960495,31.313261032104492,1.2471506595611572,26.61859130859375,0.8685793876647949,19.86673355102539,0.6306983232498169,0.10559423267841339,5.592257022857666,18.50691795349121,1.4154959917068481,185.47007751464844,1.6067359447479248,358.55999755859375,2.9547377380367834e-06,1.1654562870333507e-09,3.628993511199951,29.14352798461914,47.090694427490234,0.0677015483379364,7.709631443023682,0.3301243484020233
719,72691.946359375,76690.84375,72689.06759375,1.4483673343658447,2.8607397508621215,1.0,0.5,3.448603630065918,902.6338500976562,8.163700103759766,0.09319354593753815,0.7193238735198975,4.809003829956055,0.7310060262680054,30.582927703857422,1.2767564058303833,29.377164840698242,0.8253108859062195,18.99671745300293,0.6306983232498169,0.10559423267841339,6.051452159881592,19.74884796142578,1.5191227197647095,203.53335571289062,1.8670045137405396,462.7486877441406,2.9547377380367834e-06,1.1654562870333507e-09,3.3147518634796143,27.689533233642578,47.30515670776367,0.06862460821866989,7.70279598236084,0.3210200071334839
720,56557.1624609375,117074.3671875,56554.1393671875,1.4115782461166382,3.2234121408462526,1.0,0.5,4.639036178588867,1196.62060546875,8.02190113067627,0.09623891860246658,0.7714399695396423,5.244795322418213,0.8511915802955627,34.736045837402344,1.3016963005065918,29.422395706176758,0.9556708931922913,21.692276000976562,0.6306983232498169,0.10559423267841339,6.026796817779541,19.388141632080078,1.4051555395126343,183.61669921875,1.6208313703536987,411.68017578125,2.9547377380367834e-06,1.1654562870333507e-09,3.7029247283935547,31.229040145874023,46.93986892700195,0.0680861622095108,7.808610916137695,0.3256888687610626
721,66250.20465625,80513.7734375,66247.324859375,1.4390978746414185,2.8806760234832764,1.0,0.5,3.891944169998169,956.161376953125,8.784708976745605,0.1107262596487999,0.758897602558136,5.102445125579834,0.7712013721466064,34.40325164794922,1.434709072113037,30.337671279907227,0.8678727149963379,21.979034423828125,0.6306983232498169,0.10559423267841339,7.062044620513916,21.502016067504883,1.4242572784423828,199.2313232421875,1.8366236686706543,411.1617431640625,2.9547377380367834e-06,1.1654562870333507e-09,3.7176198959350586,33.2165412902832,47.048187255859375,0.0677804946899414,8.275445938110352,0.34082818031311035
722,64756.375296875,68024.171875,64753.55371875,1.462616858482361,2.718678002357483,1.0,0.5,3.6366019248962402,855.413818359375,7.7840471267700195,0.09093616902828217,0.7266037464141846,4.925866603851318,0.7644457817077637,30.83852195739746,1.3293464183807373,28.111629486083984,0.8877626657485962,20.255184173583984,0.6306983232498169,0.10559423267841339,6.1723527908325195,20.382230758666992,1.5479316711425781,209.46463012695312,1.6703602075576782,416.0694580078125,2.9547377380367834e-06,1.1654562870333507e-09,3.5346519947052,31.670148849487305,46.58424377441406,0.06712798029184341,7.622486114501953,0.3257271945476532
723,73304.955203125,58819.3515625,73302.1225,1.4719327530860902,2.7209910573959353,1.0,0.5,3.3288166522979736,741.7801513671875,8.50864315032959,0.10570715367794037,0.6898647546768188,4.690320014953613,0.7723349332809448,32.760711669921875,1.332575798034668,30.095413208007812,0.8664472103118896,20.025617599487305,0.6306983232498169,0.10559423267841339,5.991416931152344,19.983869552612305,1.5008132457733154,216.71139526367188,1.7831236124038696,471.77508544921875,2.9547377380367834e-06,1.1654562870333507e-09,3.7401952743530273,29.561717987060547,47.18357849121094,0.06812133640050888,7.817205905914307,0.3278030753135681
724,81495.3394296875,155965.75,81492.5493359375,1.4312274990081788,2.71716810798645,1.0,0.5,3.685415267944336,1416.5494384765625,8.002740859985352,0.10399878770112991,0.7482642531394958,5.254993915557861,0.6874204874038696,32.46078109741211,1.255326509475708,28.10283660888672,0.792154848575592,21.017261505126953,0.6306983232498169,0.10559423267841339,5.7345051765441895,21.008092880249023,1.447293758392334,198.0220184326172,1.4858828783035278,366.04071044921875,2.9547377380367834e-06,1.1654562870333507e-09,3.5947301387786865,30.538061141967773,46.848045349121094,0.06807450205087662,7.772584438323975,0.3284628689289093
725,69972.5998515625,75321.9609375,69969.8034296875,1.4285284631252289,2.73609734916687,1.0,0.5,4.401199817657471,902.979248046875,8.983344078063965,0.12152493000030518,0.7094912528991699,4.740553379058838,0.7483082413673401,31.93762969970703,1.3598355054855347,30.16360855102539,0.8468074798583984,19.702749252319336,0.6306983232498169,0.10559423267841339,5.99973726272583,19.70549774169922,1.5709919929504395,210.82623291015625,1.7391254901885986,437.1419372558594,2.9547377380367834e-06,1.1654562870333507e-09,3.6117970943450928,29.047544479370117,47.06555938720703,0.06842190027236938,7.938610553741455,0.3354542851448059
726,66931.96503125,65176.34765625,66929.098078125,1.438257736682892,2.856570693016052,1.0,0.5,3.08683705329895,843.0592651367188,7.40505313873291,0.07922721654176712,0.7097232341766357,4.742123126983643,0.7284685969352722,32.80919647216797,1.2355334758758545,27.752500534057617,0.8599214553833008,21.546552658081055,0.6306983232498169,0.10559423267841339,5.5141520500183105,19.345041275024414,1.3597805500030518,200.82052612304688,1.740747332572937,397.24737548828125,2.9547377380367834e-06,1.1654562870333507e-09,3.372539520263672,29.252946853637695,46.56692886352539,0.0675121620297432,7.867376327514648,0.3253704905509949
727,69851.031,119995.5703125,69848.2565625,1.4510256497859955,2.6463458433151246,1.0,0.5,4.500162601470947,1219.864501953125,8.168582916259766,0.11978253722190857,0.7476910352706909,5.238300323486328,0.7325513958930969,32.804195404052734,1.3274266719818115,28.077449798583984,0.8961769938468933,21.890323638916016,0.6306983232498169,0.10559423267841339,6.359931945800781,21.36858558654785,1.465636968612671,196.9948272705078,1.5944010019302368,386.2984313964844,2.9547377380367834e-06,1.1654562870333507e-09,3.807905673980713,31.37733268737793,46.1877555847168,0.06706526130437851,8.064833641052246,0.3403194844722748
728,80414.7953828125,139528.609375,80412.01065625,1.4827551617622377,2.604594877243042,1.0,0.5,3.6259782314300537,1326.7586669921875,7.337245464324951,0.07860815525054932,0.7547889351844788,5.254796504974365,0.7947837710380554,31.57416343688965,1.3090434074401855,27.291091918945312,0.9571502804756165,21.50542640686035,0.6306983232498169,0.10559423267841339,5.958348751068115,19.888620376586914,1.4308024644851685,205.0286407470703,1.644368290901184,383.9939270019531,2.9547377380367834e-06,1.1654562870333507e-09,3.904588460922241,31.208526611328125,45.96807861328125,0.06643523275852203,7.935336112976074,0.33570414781570435
729,67493.0134140625,78341.28125,67490.225546875,1.4463485312461852,2.683356908798218,1.0,0.5,3.5763070583343506,933.7584228515625,8.096254348754883,0.09997349232435226,0.8255659341812134,5.586899280548096,0.8220961093902588,34.27287673950195,1.3941609859466553,29.94173812866211,0.9297657608985901,21.675689697265625,0.6306983232498169,0.10559423267841339,6.178373336791992,20.13041877746582,1.6868032217025757,216.27566528320312,1.8644232749938965,417.2286682128906,2.9547377380367834e-06,1.1654562870333507e-09,3.8462090492248535,31.916309356689453,45.95810317993164,0.0662437230348587,8.401056289672852,0.3399050533771515
730,76645.40121875,103214.6328125,76642.0790859375,1.464263710975647,3.715745364189148,1.0,0.5,4.098855495452881,1092.7515869140625,8.923218727111816,0.13283972442150116,0.7641727328300476,5.2121710777282715,0.7974462509155273,38.927940368652344,1.5411306619644165,36.25343704223633,0.9027529358863831,24.780414581298828,0.6306983232498169,0.10559423267841339,7.0383524894714355,21.985795974731445,1.685163974761963,218.52407836914062,1.9511446952819824,445.0435791015625,2.9547377380367834e-06,1.1654562870333507e-09,3.5707969665527344,33.25164794921875,47.585716247558594,0.06854944676160812,8.044769287109375,0.3373584747314453
731,75106.689875,91148.9375,75103.8447890625,1.4440880613327027,2.8015310621261595,1.0,0.5,3.667999029159546,1034.6126708984375,20.263975143432617,2.6185462474823,0.7643572688102722,6.246293067932129,0.7298839092254639,37.671051025390625,1.2294337749481201,28.04591178894043,0.8291918635368347,23.605295181274414,0.6306983232498169,0.10559423267841339,5.422987937927246,18.33228302001953,1.4151731729507446,195.15248107910156,1.7489367723464966,404.30792236328125,2.9547377380367834e-06,1.1654562870333507e-09,3.53851580619812,30.742826461791992,46.27383041381836,0.06667587906122208,7.861291408538818,0.32690009474754333
732,75047.5128359375,132520.703125,75044.83396875,1.4220934057235717,2.5132734203338623,1.0,0.5,4.009481430053711,1264.1907958984375,7.0893988609313965,0.07735041528940201,0.7357685565948486,5.067627429962158,0.7954713106155396,33.54473114013672,1.4568127393722534,30.61684226989746,0.9208124279975891,21.7166805267334,0.6306983232498169,0.10559423267841339,6.582110404968262,22.68976402282715,1.6531788110733032,223.0635528564453,2.0079147815704346,450.8354187011719,2.9547377380367834e-06,1.1654562870333507e-09,3.7719361782073975,31.695676803588867,46.028629302978516,0.06611647456884384,8.182387351989746,0.3446281850337982
733,84504.034671875,112457.984375,84501.2128125,1.446951711654663,2.749310359954834,1.0,0.5,3.814319610595703,1162.2030029296875,7.8359270095825195,0.09539588540792465,0.8292776346206665,5.808877944946289,0.8077520132064819,31.282562255859375,1.3385915756225586,28.402400970458984,0.9474910497665405,20.15093231201172,0.6306983232498169,0.10559423267841339,6.436227321624756,21.082847595214844,1.7461326122283936,204.8195037841797,1.711174488067627,421.9915466308594,2.9547377380367834e-06,1.1654562870333507e-09,3.7392239570617676,31.235692977905273,46.72846984863281,0.06692329049110413,7.9553751945495605,0.3319826126098633
734,76203.8934140625,141154.8125,76199.3180234375,1.465448042869568,6.220608756065369,1.0,0.5,3.9991226196289062,1323.644287109375,7.728806972503662,0.08195282518863678,0.7629097700119019,5.281792640686035,0.7319032549858093,30.939863204956055,1.3594927787780762,29.454126358032227,0.8340145349502563,19.99344825744629,0.6306983232498169,0.10559423267841339,6.32646369934082,19.466323852539062,1.5243574380874634,204.22474670410156,1.774389624595642,422.78173828125,2.9547377380367834e-06,1.1654562870333507e-09,3.7585861682891846,32.049530029296875,45.59189987182617,0.06506042927503586,8.306595802307129,0.336867094039917
735,70995.595734375,96592.7109375,70992.9571484375,1.422105260848999,2.4331214866638184,1.0,0.5,3.2310187816619873,1087.3138427734375,7.561737060546875,0.0887298658490181,0.7378545999526978,5.037330627441406,0.6744289398193359,28.452674865722656,1.2095462083816528,25.246986389160156,0.7952197194099426,18.918798446655273,0.6306983232498169,0.10559423267841339,6.012991905212402,20.075239181518555,1.361490249633789,194.48622131347656,1.5301260948181152,359.3447570800781,2.9547377380367834e-06,1.1654562870333507e-09,3.6597747802734375,28.936899185180664,46.2511100769043,0.06621620059013367,7.955756187438965,0.32458189129829407
736,71542.241796875,69626.96875,71539.50746875,1.4724990639686584,2.52360733795166,1.0,0.5,3.202195882797241,886.1099243164062,7.954013347625732,0.0894576907157898,0.7411108613014221,5.241516590118408,0.7551330327987671,30.264041900634766,1.3371831178665161,27.41151237487793,0.858721137046814,19.506555557250977,0.6306983232498169,0.10559423267841339,6.142590045928955,19.846370697021484,1.4774175882339478,194.3920440673828,1.7193267345428467,385.1141357421875,2.9547377380367834e-06,1.1654562870333507e-09,3.709590435028076,31.532262802124023,46.23784637451172,0.0661998987197876,8.206931114196777,0.33950483798980713
737,72749.527234375,142033.609375,72746.91125,1.4193794059753417,2.3936385507583617,1.0,0.5,3.876811981201172,1323.2401123046875,8.508716583251953,0.11309389770030975,0.7907562851905823,5.508122444152832,0.8375737071037292,35.47858810424805,1.3450777530670166,29.862363815307617,0.9710237383842468,22.6688289642334,0.6306983232498169,0.10559423267841339,5.831903457641602,19.39690589904785,1.6022741794586182,216.06192016601562,1.8860366344451904,432.030517578125,2.9547377380367834e-06,1.1654562870333507e-09,3.9338338375091553,32.84859848022461,46.140132904052734,0.06639064103364944,8.396102905273438,0.33924704790115356
738,63561.8074921875,59538.3203125,63558.9702890625,1.4530758171081544,2.7681184349060057,1.0,0.5,4.074443817138672,800.106689453125,8.906566619873047,0.10754609107971191,0.7230123281478882,4.897007465362549,0.6733739376068115,27.61404037475586,1.1909183263778687,25.85942268371582,0.7887195944786072,17.911052703857422,0.6306983232498169,0.10559423267841339,5.403335094451904,18.054828643798828,1.3814618587493896,194.83273315429688,1.5899336338043213,390.5405578613281,2.9547377380367834e-06,1.1654562870333507e-09,3.422104597091675,27.559072494506836,46.18499755859375,0.06573225557804108,7.79326057434082,0.3153223693370819
739,62265.7976328125,99347.5546875,62263.0557265625,1.425462227344513,2.631854380607605,1.0,0.5,3.6221251487731934,1099.56396484375,8.56303882598877,0.10661254078149796,0.7376875877380371,5.118363380432129,0.7247932553291321,32.013031005859375,1.2806293964385986,30.026622772216797,0.8605970144271851,21.16625213623047,0.6306983232498169,0.10559423267841339,6.207485198974609,20.53384780883789,1.4335254430770874,195.7809600830078,1.4996229410171509,373.8056945800781,2.9547377380367834e-06,1.1654562870333507e-09,3.7546725273132324,30.328330993652344,46.49618911743164,0.0671255886554718,8.286528587341309,0.3414594531059265
740,70813.295546875,45157.18359375,70810.2895625,1.4670828108787537,3.077619767189026,1.0,0.5,3.3503427505493164,678.4808349609375,7.3744401931762695,0.08015325665473938,0.7304239273071289,5.010685443878174,0.7773570418357849,32.45508575439453,1.2697147130966187,27.969675064086914,0.8764064908027649,20.682289123535156,0.6306983232498169,0.10559423267841339,6.3666462898254395,19.762582778930664,1.4792875051498413,186.0868682861328,1.583350658416748,365.6235656738281,2.9547377380367834e-06,1.1654562870333507e-09,3.7156708240509033,29.22840690612793,46.103023529052734,0.06555262207984924,7.952343463897705,0.32155200839042664
741,81369.765640625,61425.5078125,81366.61409375,1.439229353904724,3.424549039840698,1.0,0.5,3.5977180004119873,815.7076416015625,7.869204044342041,0.09100839495658875,0.7478166222572327,5.13673734664917,0.7321565747261047,30.52962875366211,1.308059811592102,28.430675506591797,0.8453333973884583,19.838245391845703,0.6306983232498169,0.10559423267841339,5.743170738220215,20.187406539916992,1.5261168479919434,190.6765899658203,1.7372548580169678,393.28314208984375,2.9547377380367834e-06,1.1654562870333507e-09,3.442885398864746,30.963685989379883,46.3197021484375,0.0655755028128624,7.737528324127197,0.33294975757598877
742,69167.2299453125,60308.8203125,69164.3900625,1.4096040697097778,2.8599383382797243,1.0,0.5,3.6865663528442383,804.599609375,8.504462242126465,0.10194690525531769,0.7456209063529968,5.3269877433776855,0.7637073397636414,33.967803955078125,1.38426673412323,30.370506286621094,0.8714677691459656,21.46670913696289,0.6306983232498169,0.10559423267841339,5.524105072021484,19.0708065032959,1.5176056623458862,191.40184020996094,1.701253890991211,395.44659423828125,2.9547377380367834e-06,1.1654562870333507e-09,3.6376912593841553,31.28468132019043,45.833274841308594,0.06576275080442429,8.0391845703125,0.3312729597091675
743,71838.902828125,145353.203125,71836.092359375,1.452488781452179,2.7159420890808104,1.0,0.5,4.387686252593994,1347.2586669921875,7.939766883850098,0.08880183845758438,0.7778832316398621,5.351650238037109,0.7687800526618958,31.638864517211914,1.4801559448242188,30.121213912963867,0.892709493637085,20.79996109008789,0.6306983232498169,0.10559423267841339,7.192031383514404,22.67047119140625,1.682131052017212,214.90280151367188,1.794838309288025,411.9602355957031,2.9547377380367834e-06,1.1654562870333507e-09,3.7987442016601562,32.21754455566406,45.65974426269531,0.06508146971464157,7.841418743133545,0.32584771513938904
744,79176.4836796875,129574.0703125,79173.729125,1.4644427399635316,2.581227663040161,1.0,0.5,4.624325275421143,1244.6552734375,7.849021911621094,0.0883292630314827,0.740372896194458,4.900369167327881,0.7927079796791077,33.255523681640625,1.4539411067962646,31.817174911499023,0.8724209070205688,20.44264030456543,0.6306983232498169,0.10559423267841339,7.4083709716796875,23.399181365966797,1.5547640323638916,213.92579650878906,1.9500097036361694,463.67388916015625,2.9547377380367834e-06,1.1654562870333507e-09,3.6668598651885986,31.359054565429688,45.685546875,0.06482799351215363,8.441363334655762,0.343501478433609
745,85242.21153125,218669.90625,85239.46603125,1.4377470836639403,2.6145230178833008,1.0,0.5,4.456399440765381,1677.2540283203125,7.409850597381592,0.08392812311649323,0.8510391116142273,5.6950178146362305,0.8822060823440552,34.445587158203125,1.361600637435913,30.746061325073242,0.9981600642204285,21.621807098388672,0.6306983232498169,0.10559423267841339,6.0182576179504395,22.4921932220459,1.603196620941162,198.75079345703125,1.7248799800872803,452.0975646972656,2.9547377380367834e-06,1.1654562870333507e-09,4.060369491577148,33.814544677734375,46.08506774902344,0.0661613717675209,7.9034857749938965,0.3467773199081421
746,75051.968359375,167809.890625,75049.023796875,1.4891759157180786,2.9113672914505004,1.0,0.5,3.7970192432403564,1454.8321533203125,7.9540863037109375,0.08896321803331375,0.7612507939338684,5.196226596832275,0.7779370546340942,32.64308547973633,1.3763442039489746,31.416322708129883,0.8656402826309204,20.197505950927734,0.6306983232498169,0.10559423267841339,6.247890949249268,21.39881706237793,1.4782109260559082,189.31248474121094,1.7526010274887085,439.3611755371094,2.9547377380367834e-06,1.1654562870333507e-09,3.7423770427703857,30.928571701049805,45.861000061035156,0.06605459004640579,7.9289116859436035,0.3279135823249817
747,91620.66428125,208465.046875,91617.4599375,1.4297587394714355,3.5486382694244383,1.0,0.5,3.6996352672576904,1636.086669921875,7.498434066772461,0.08720402419567108,0.7883371710777283,5.499781131744385,0.8362611532211304,35.77334976196289,1.422737717628479,30.412349700927734,0.9612627029418945,22.886579513549805,0.6306983232498169,0.10559423267841339,6.621514320373535,22.700973510742188,1.630576491355896,226.22402954101562,1.8790497779846191,431.39422607421875,2.9547377380367834e-06,1.1654562870333507e-09,4.025845050811768,33.99846267700195,46.70117950439453,0.06655091047286987,7.72930908203125,0.328346848487854
748,83942.639703125,69369.4453125,83939.884421875,1.4009816255569458,2.708363913536072,1.0,0.5,4.137418270111084,871.647705078125,8.722429275512695,0.1168457493185997,0.741615355014801,5.131495952606201,0.8592234253883362,38.84370422363281,1.4085729122161865,31.305755615234375,0.9803342819213867,24.649272918701172,0.6306983232498169,0.10559423267841339,5.8401288986206055,19.306621551513672,1.6710573434829712,203.64755249023438,1.7803730964660645,406.71685791015625,2.9547377380367834e-06,1.1654562870333507e-09,3.493642807006836,31.516643524169922,46.108646392822266,0.06614019721746445,8.02580451965332,0.3295312225818634
749,76620.42790625,129868.0078125,76617.519984375,1.441704498767853,2.9319903001785277,1.0,0.5,3.5965919494628906,1288.0738525390625,7.888855934143066,0.08922485262155533,0.7789425849914551,5.372828006744385,0.7237088680267334,29.47125244140625,1.254389762878418,26.812715530395508,0.8647521734237671,19.493703842163086,0.6306983232498169,0.10559423267841339,5.662330150604248,21.077823638916016,1.4080699682235718,188.67750549316406,1.5584913492202759,346.3092346191406,2.9547377380367834e-06,1.1654562870333507e-09,3.9447574615478516,32.024383544921875,45.745994567871094,0.06516500562429428,7.981301784515381,0.3266375660896301
750,77553.371078125,357959.75,77550.562671875,1.4293608531951905,2.75750074672699,1.0,0.5,5.013922214508057,2198.57958984375,8.579163551330566,0.0973990187048912,0.8487090468406677,6.26548957824707,0.7534153461456299,30.52847671508789,1.4007177352905273,29.00140953063965,0.8529694080352783,19.666797637939453,0.6306983232498169,0.10559423267841339,6.298871994018555,20.33987808227539,1.524591326713562,190.88800048828125,1.7135789394378662,370.8993225097656,2.9547377380367834e-06,1.1654562870333507e-09,3.749528408050537,32.317604064941406,46.15058517456055,0.06582395732402802,7.974828243255615,0.33367544412612915
751,77177.74628125,92338.2421875,77175.0468046875,1.4441170229911804,2.5102276954650877,1.0,0.5,3.8487937450408936,1046.5399169921875,7.984977722167969,0.09576594829559326,0.781262218952179,5.200165748596191,0.7439516186714172,30.74542236328125,1.326271891593933,28.45579719543457,0.8430618643760681,19.864667892456055,0.6306983232498169,0.10559423267841339,6.002547740936279,20.47233772277832,1.5348016023635864,193.14637756347656,1.6928925514221191,395.7571716308594,2.9547377380367834e-06,1.1654562870333507e-09,3.609654664993286,30.69292449951172,45.99879837036133,0.06547225266695023,8.018370628356934,0.3341371417045593
752,73916.901875,137667.75,73914.2188125,1.4747500267028808,2.4165030708312987,1.0,0.5,4.151142597198486,1299.114501953125,8.021804809570312,0.09044011682271957,0.7292147874832153,5.014575004577637,0.7936140298843384,34.613582611083984,1.5187227725982666,34.46818161010742,0.8965649604797363,22.009077072143555,0.6306983232498169,0.10559423267841339,6.598865032196045,21.09458351135254,1.6486587524414062,218.29327392578125,1.9251552820205688,433.2598571777344,2.9547377380367834e-06,1.1654562870333507e-09,3.643521308898926,30.345478057861328,45.602054595947266,0.06466346979141235,8.219980239868164,0.3287241756916046
753,73242.1783984375,128184.4921875,73239.5021171875,1.4371482057571412,2.478349281311035,1.0,0.5,4.582098960876465,1251.989990234375,8.095255851745605,0.09331604093313217,0.7738986015319824,5.151968479156494,0.8759937286376953,38.296146392822266,1.5924694538116455,37.95528030395508,1.0166765451431274,24.880022048950195,0.6306983232498169,0.10559423267841339,6.804300785064697,22.323118209838867,1.5982574224472046,212.063720703125,2.0790793895721436,420.60015869140625,2.9547377380367834e-06,1.1654562870333507e-09,4.045586109161377,33.97997283935547,45.807037353515625,0.06490252912044525,8.374160766601562,0.3283974528312683
754,78349.89121875,100333.1484375,78347.054984375,1.421219684123993,2.830369526863098,1.0,0.5,4.129035472869873,1097.3172607421875,8.920756340026855,0.11529997736215591,0.7710478901863098,5.315271854400635,0.7579048871994019,31.88197898864746,1.3165885210037231,29.471837997436523,0.8653074502944946,20.004470825195312,0.6306983232498169,0.10559423267841339,6.127528190612793,20.231454849243164,1.3632763624191284,196.32627868652344,1.713610291481018,398.0263366699219,2.9547377380367834e-06,1.1654562870333507e-09,3.431464672088623,29.057598114013672,46.07026672363281,0.06592172384262085,7.923563480377197,0.31747129559516907
755,75571.4564375,141725.125,75568.55490625,1.4638013143539428,2.87544149684906,1.0,0.5,4.34633207321167,1331.6241455078125,8.25008487701416,0.09232716262340546,0.8186408281326294,5.80897331237793,0.8450390696525574,32.55879592895508,1.461564302444458,28.507530212402344,0.9386119246482849,20.650833129882812,0.6306983232498169,0.10559423267841339,6.666289329528809,22.101598739624023,1.8100361824035645,217.05430603027344,1.6716957092285156,399.740234375,2.9547377380367834e-06,1.1654562870333507e-09,4.172954559326172,34.35285949707031,46.275760650634766,0.06590820103883743,8.410911560058594,0.340145081281662
756,90217.50340625,66357.0703125,90214.63325,1.4602342948913574,2.8197050380706785,1.0,0.5,3.6965389251708984,851.694580078125,8.165070533752441,0.09017398208379745,0.725260853767395,4.816339015960693,0.7209665775299072,30.106098175048828,1.3024860620498657,27.673364639282227,0.8225857019424438,19.845930099487305,0.6306983232498169,0.10559423267841339,6.062380790710449,20.29936408996582,1.6179488897323608,204.4484100341797,1.7266604900360107,398.0032958984375,2.9547377380367834e-06,1.1654562870333507e-09,3.6390814781188965,29.770092010498047,45.80710983276367,0.06499709188938141,8.090929985046387,0.3227528929710388
757,79096.4766953125,88958.015625,79093.6879453125,1.4466741218566894,2.684348070144653,1.0,0.5,3.4729573726654053,1024.3466796875,7.967513084411621,0.09749428927898407,0.7589723467826843,5.264845848083496,0.7033172249794006,28.9560546875,1.2013394832611084,26.341524124145508,0.819566011428833,19.00247573852539,0.6306983232498169,0.10559423267841339,5.417006969451904,18.812707901000977,1.416130781173706,197.59814453125,1.6857329607009888,392.3143615722656,2.9547377380367834e-06,1.1654562870333507e-09,3.5763566493988037,29.541873931884766,45.804805755615234,0.0655675008893013,7.813261985778809,0.3180581331253052
758,79389.17053125,64641.73828125,79386.384078125,1.403483407974243,2.766455683708191,1.0,0.5,3.396013021469116,845.5620727539062,7.552306175231934,0.08219418674707413,0.7661072611808777,5.197160243988037,0.8375169038772583,31.520992279052734,1.2820789813995361,27.31776237487793,0.9351531863212585,19.955236434936523,0.6306983232498169,0.10559423267841339,5.523845672607422,19.800025939941406,1.5768686532974243,203.20811462402344,1.6722679138183594,381.05517578125,2.9547377380367834e-06,1.1654562870333507e-09,3.747898817062378,30.54911231994629,44.886024475097656,0.06387346237897873,8.138465881347656,0.32570043206214905
759,81373.030390625,128368.453125,81370.2484765625,1.443046182155609,2.6775170288085937,1.0,0.5,3.3628318309783936,1271.2213134765625,7.417352676391602,0.0789027288556099,0.7516883015632629,5.514958381652832,0.7444949150085449,31.077665328979492,1.2554686069488525,27.559743881225586,0.8425361514091492,19.87195587158203,0.6306983232498169,0.10559423267841339,5.966287612915039,19.300687789916992,1.5093300342559814,188.69137573242188,1.641108512878418,376.8431091308594,2.9547377380367834e-06,1.1654562870333507e-09,3.595097780227661,31.524227142333984,45.76444625854492,0.06538630276918411,7.84596061706543,0.3248075246810913
760,78247.905671875,89328.21875,78245.200171875,1.4374333968162536,2.5368698320388794,1.0,0.5,3.6003940105438232,992.12548828125,7.957801818847656,0.08252207934856415,0.746749222278595,5.071420192718506,0.7066306471824646,30.46758460998535,1.4085906744003296,30.2296142578125,0.7985602021217346,18.816404342651367,0.6306983232498169,0.10559423267841339,6.09714412689209,19.793479919433594,1.5048487186431885,209.50271606445312,1.9719696044921875,467.8341979980469,2.9547377380367834e-06,1.1654562870333507e-09,3.6935806274414062,29.76725196838379,44.186241149902344,0.06381990015506744,8.052319526672363,0.32777851819992065
761,79401.514390625,79186.96875,79398.6786875,1.444406286239624,2.7820643444061277,1.0,0.5,3.529762029647827,951.3531494140625,8.288485527038574,0.09212745726108551,0.7217221260070801,5.134570598602295,0.7123708128929138,30.169227600097656,1.2926561832427979,28.06777572631836,0.8094168901443481,19.748044967651367,0.6306983232498169,0.10559423267841339,5.4190216064453125,19.50841522216797,1.448198914527893,202.95785522460938,1.7136255502700806,398.636474609375,2.9547377380367834e-06,1.1654562870333507e-09,3.51174259185791,30.403778076171875,45.52713394165039,0.06507379561662674,8.394636154174805,0.32567888498306274
762,75149.1168125,87426.1875,75146.443078125,1.412358582019806,2.523289447784424,1.0,0.5,3.8976426124572754,1001.0182495117188,8.24193286895752,0.0947524905204773,0.7219476103782654,4.998915195465088,0.8086037039756775,34.12477111816406,1.4299205541610718,30.901256561279297,0.9198615550994873,21.59484100341797,0.6306983232498169,0.10559423267841339,5.937423229217529,19.78976058959961,1.52903151512146,200.66143798828125,1.7689999341964722,421.5455627441406,2.9547377380367834e-06,1.1654562870333507e-09,3.5204858779907227,30.63385581970215,44.62455749511719,0.06386715173721313,8.226357460021973,0.32842105627059937
763,98862.946390625,224194.71875,98860.05625,1.4097271320819855,2.9607861824035644,1.0,0.5,3.791818141937256,1723.6776123046875,7.738068580627441,0.08330874890089035,0.780764102935791,5.633350849151611,0.6949904561042786,27.89134979248047,1.2710609436035156,27.162717819213867,0.8140386939048767,18.57498550415039,0.6306983232498169,0.10559423267841339,5.58677864074707,19.135242462158203,1.3825880289077759,191.78822326660156,1.538865327835083,357.255615234375,2.9547377380367834e-06,1.1654562870333507e-09,3.625894069671631,31.07394790649414,45.507713317871094,0.06458214670419693,7.999107360839844,0.3201645016670227
764,68470.7921640625,161429.109375,68467.971390625,1.4509169311523438,2.740336560249329,1.0,0.5,3.8543283939361572,1444.9925537109375,7.332909107208252,0.08200608938932419,0.7736018300056458,5.252009868621826,0.72894287109375,30.20279884338379,1.273934245109558,28.657625198364258,0.8191031217575073,18.46896743774414,0.6306983232498169,0.10559423267841339,5.875999927520752,21.766597747802734,1.4735779762268066,185.3716583251953,1.534982681274414,366.1681823730469,2.9547377380367834e-06,1.1654562870333507e-09,3.7754099369049072,31.05022621154785,45.072086334228516,0.06411126255989075,7.750823974609375,0.32559341192245483
765,80187.4326875,132690.96875,80184.618484375,1.4665242500305176,2.695510362625122,1.0,0.5,3.601311445236206,1292.9339599609375,7.889613628387451,0.08663185685873032,0.7461804151535034,5.087433338165283,0.7241243124008179,31.56584358215332,1.3274760246276855,28.54522705078125,0.8226780891418457,19.985729217529297,0.6306983232498169,0.10559423267841339,5.601616382598877,19.567771911621094,1.39641273021698,189.2859649658203,1.736738920211792,382.87860107421875,2.9547377380367834e-06,1.1654562870333507e-09,3.6011078357696533,30.463544845581055,44.82129669189453,0.06374239921569824,8.217694282531738,0.32885032892227173
766,74448.366921875,100371.8046875,74445.54428125,1.4502890090942382,2.7436336336135865,1.0,0.5,3.6349470615386963,1108.256103515625,8.028027534484863,0.08995899558067322,0.7669208645820618,5.261844635009766,0.6928390860557556,28.893959045410156,1.2906688451766968,27.310213088989258,0.7829604744911194,18.20233917236328,0.6306983232498169,0.10559423267841339,6.589225769042969,19.73680305480957,1.5081011056900024,195.93104553222656,1.5724490880966187,367.9024658203125,2.9547377380367834e-06,1.1654562870333507e-09,3.8056671619415283,29.680156707763672,44.740177154541016,0.06365964561700821,7.80202054977417,0.32129353284835815
767,85837.00978125,215668.546875,85834.2826171875,1.435714382648468,2.5826915044784546,1.0,0.5,3.8898115158081055,1683.8123779296875,7.91525411605835,0.08455967158079147,0.8071260452270508,5.411975383758545,0.8009862303733826,31.802101135253906,1.3070979118347168,28.07840347290039,0.9160884618759155,20.593612670898438,0.6306983232498169,0.10559423267841339,5.851113796234131,21.550933837890625,1.4522558450698853,188.21316528320312,1.5976601839065552,380.65911865234375,2.9547377380367834e-06,1.1654562870333507e-09,3.8353421688079834,32.706199645996094,45.132476806640625,0.06428201496601105,8.052531242370605,0.3352149426937103
768,83825.43771875,185933.609375,83822.784828125,1.4225086517333985,2.460938883781433,1.0,0.5,5.584511756896973,1521.1575927734375,8.895174026489258,0.10515096783638,0.8769733905792236,5.715147972106934,0.9896444082260132,41.27638244628906,1.8555303812026978,39.652923583984375,1.0602092742919922,24.772321701049805,0.6306983232498169,0.10559423267841339,8.496868133544922,26.064842224121094,1.9487075805664062,229.38531494140625,2.0457003116607666,480.14642333984375,2.9547377380367834e-06,1.1654562870333507e-09,4.380397796630859,36.98633575439453,44.5205078125,0.06317213922739029,8.087824821472168,0.3407878279685974
769,95827.075234375,74188.234375,95824.275734375,1.4190921187400818,2.76156995677948,1.0,0.5,4.005621910095215,897.130615234375,8.231416702270508,0.09723949432373047,0.7454233765602112,5.171670913696289,0.8196892142295837,33.31291580200195,1.4317740201950073,29.809640884399414,0.9230679869651794,21.283510208129883,0.6306983232498169,0.10559423267841339,6.511491775512695,20.908716201782227,1.6200648546218872,219.1014862060547,1.8379536867141724,426.39373779296875,2.9547377380367834e-06,1.1654562870333507e-09,4.004149436950684,32.20364761352539,44.92976760864258,0.06384886801242828,8.275206565856934,0.34254685044288635
770,87000.6830234375,79771.5625,86997.88703125,1.422483033657074,2.7476790494918824,1.0,0.5,4.719644546508789,957.4266357421875,8.441500663757324,0.10329169034957886,0.7278057932853699,4.800187110900879,0.7769731879234314,32.206581115722656,1.3824782371520996,31.402441024780273,0.8724780678749084,20.34694480895996,0.6306983232498169,0.10559423267841339,6.069356918334961,19.767860412597656,1.6888889074325562,204.01145935058594,1.7355399131774902,393.4064025878906,2.9547377380367834e-06,1.1654562870333507e-09,3.455545425415039,29.553043365478516,44.20179748535156,0.06248926743865013,7.9058451652526855,0.3216533362865448
771,75024.61621875,106533.8671875,75021.897109375,1.42585023021698,2.586160545349121,1.0,0.5,4.2477922439575195,1145.6165771484375,8.434322357177734,0.10780774056911469,0.7711600661277771,5.261939525604248,0.681014895439148,27.257551193237305,1.260903000831604,26.185863494873047,0.7791165113449097,17.8693790435791,0.6306983232498169,0.10559423267841339,5.496731281280518,19.764490127563477,1.6535298824310303,191.5150909423828,1.9121530055999756,373.2235412597656,2.9547377380367834e-06,1.1654562870333507e-09,3.6654305458068848,29.56622886657715,44.866065979003906,0.06387316435575485,7.917025566101074,0.3262113928794861
772,86120.83390625,181508.109375,86118.0336953125,1.4616946268081665,2.6783074436187744,1.0,0.5,3.960252523422241,1521.291015625,8.731732368469238,0.10345199704170227,0.7609145641326904,5.389029502868652,0.7598077058792114,30.909149169921875,1.377659797668457,29.00853157043457,0.8852516412734985,20.08392906188965,0.6306983232498169,0.10559423267841339,6.453865051269531,21.633949279785156,1.5666218996047974,206.01901245117188,1.8294360637664795,424.8884582519531,2.9547377380367834e-06,1.1654562870333507e-09,3.7024476528167725,33.0648307800293,44.675167083740234,0.06372866779565811,8.487239837646484,0.34701332449913025
773,76989.352921875,211952.640625,76986.70734375,1.4458046975135803,2.399557463645935,1.0,0.5,4.069845676422119,1656.68359375,7.591595649719238,0.0819881409406662,0.789721667766571,5.386227130889893,0.8777398467063904,34.28126907348633,1.324880838394165,28.60015106201172,0.9599012136459351,21.240427017211914,0.6306983232498169,0.10559423267841339,6.54150390625,22.195117950439453,1.6472270488739014,207.70822143554688,2.0290284156799316,418.7191467285156,2.9547377380367834e-06,1.1654562870333507e-09,4.301361560821533,35.760948181152344,45.062644958496094,0.06403074413537979,8.21632194519043,0.3438606560230255
774,89093.30871875,113652.25,89090.5945625,1.4263379583358764,2.575172978401184,1.0,0.5,3.8732728958129883,1178.29345703125,7.506923198699951,0.08597805351018906,0.7639986276626587,5.244270324707031,0.8011465668678284,32.976959228515625,1.3324949741363525,29.948535919189453,0.9309934377670288,20.88330078125,0.6306983232498169,0.10559423267841339,5.994513511657715,20.763267517089844,1.572152018547058,209.43919372558594,1.6909277439117432,393.71990966796875,2.9547377380367834e-06,1.1654562870333507e-09,3.8668997287750244,31.225753784179688,44.24165725708008,0.06304790079593658,7.8667120933532715,0.3197402358055115
775,82941.861859375,177844.546875,82939.140515625,1.483847912788391,2.4759844131469726,1.0,0.5,4.98106575012207,1490.8056640625,9.150136947631836,0.1391734480857849,0.8167212009429932,5.660041332244873,0.847051203250885,33.48258972167969,1.4797834157943726,31.18096923828125,0.9715398550033569,21.667234420776367,0.6306983232498169,0.10559423267841339,7.72873592376709,25.52968406677246,1.7358170747756958,218.17684936523438,1.9985440969467163,463.980712890625,2.9547377380367834e-06,1.1654562870333507e-09,4.064274311065674,34.26362991333008,44.360382080078125,0.0630352795124054,7.9772820472717285,0.33647119998931885
776,89139.740734375,83247.703125,89136.84646875,1.4513975811004638,2.8858491983413694,1.0,0.5,4.232837200164795,950.8050537109375,8.132111549377441,0.09396910667419434,0.7275797128677368,4.890110492706299,0.7544915080070496,32.354976654052734,1.4548962116241455,30.951324462890625,0.8779398202896118,21.39067268371582,0.6306983232498169,0.10559423267841339,6.041718482971191,20.53706932067871,1.8032786846160889,236.77354431152344,1.8856823444366455,448.92010498046875,2.9547377380367834e-06,1.1654562870333507e-09,3.746699571609497,30.26398468017578,45.331783294677734,0.06388428062200546,8.684883117675781,0.349457323551178
777,79896.412171875,81159.4296875,79893.528203125,1.4687333607673645,2.831473906517029,1.0,0.5,4.280545711517334,958.6878662109375,8.42735481262207,0.10211920738220215,0.7422013878822327,5.149252891540527,0.7923449277877808,32.02394104003906,1.4132987260818481,28.866979598999023,0.9068942666053772,20.762042999267578,0.6306983232498169,0.10559423267841339,5.671083927154541,19.299020767211914,1.6279677152633667,210.89398193359375,1.7269527912139893,411.13836669921875,2.9547377380367834e-06,1.1654562870333507e-09,3.6790757179260254,30.44775390625,45.031620025634766,0.06394711881875992,8.305176734924316,0.33574599027633667
778,80524.701515625,242101.640625,80521.763296875,1.4462714681625366,2.9836696853637696,1.0,0.5,4.718367576599121,1776.97900390625,7.8416876792907715,0.0938086286187172,0.7913220524787903,5.56066370010376,0.8276994228363037,35.570926666259766,1.4629411697387695,30.61018180847168,0.9450258612632751,22.816770553588867,0.6306983232498169,0.10559423267841339,6.370733737945557,21.32120704650879,1.7841601371765137,227.3658905029297,1.7475917339324951,419.0995788574219,2.9547377380367834e-06,1.1654562870333507e-09,3.9145193099975586,34.606201171875,44.83464050292969,0.06363821774721146,8.241479873657227,0.35199517011642456
779,80762.107,141329.59375,80759.2618359375,1.4422575507164002,2.804779239654541,1.0,0.5,4.770197868347168,1328.146728515625,7.540736198425293,0.08410506695508957,0.7649020552635193,5.050386428833008,0.8456555008888245,35.3789176940918,1.4228219985961914,30.911596298217773,0.9624386429786682,22.883068084716797,0.6306983232498169,0.10559423267841339,6.443302154541016,21.467151641845703,1.5292030572891235,200.07102966308594,2.0535202026367188,412.7997131347656,2.9547377380367834e-06,1.1654562870333507e-09,3.6900546550750732,31.11547088623047,44.64167022705078,0.06295587867498398,8.149598121643066,0.3344000279903412
780,89298.984671875,121792.4140625,89296.16315625,1.415221076488495,2.811949760437012,1.0,0.5,4.132707118988037,1219.3209228515625,8.32129192352295,0.09809177368879318,0.7456891536712646,4.988929748535156,0.7718402743339539,30.54716682434082,1.3771919012069702,29.336305618286133,0.8940198421478271,19.89584732055664,0.6306983232498169,0.10559423267841339,6.270990371704102,21.96626853942871,1.6369892358779907,210.46913146972656,1.7948521375656128,412.6053161621094,2.9547377380367834e-06,1.1654562870333507e-09,3.6718666553497314,33.019371032714844,44.789756774902344,0.06363368779420853,8.03579330444336,0.3398701548576355
781,84538.312640625,152684.53125,84535.4734609375,1.4547904062271118,2.7693657474517823,1.0,0.5,4.435521125793457,1375.8939208984375,8.170740127563477,0.08912379294633865,0.78304123878479,5.327918529510498,0.8160996437072754,33.69702911376953,1.5126084089279175,32.42366409301758,0.9292645454406738,21.961143493652344,0.6306983232498169,0.10559423267841339,7.062932014465332,23.003934860229492,1.7362946271896362,224.71922302246094,1.843561053276062,435.4075622558594,2.9547377380367834e-06,1.1654562870333507e-09,3.9489409923553467,34.229129791259766,44.064483642578125,0.0622129887342453,8.305667877197266,0.3455611765384674
782,84956.267296875,81115.9765625,84953.270796875,1.4459169585704803,3.102411079406738,1.0,0.5,4.047190189361572,977.29052734375,8.58735179901123,0.10399877279996872,0.699456512928009,4.856040954589844,0.8038038611412048,31.305919647216797,1.3629422187805176,28.099172592163086,0.9190834164619446,20.069623947143555,0.6306983232498169,0.10559423267841339,6.243524074554443,19.43731117248535,1.483206868171692,181.4824981689453,1.7910414934158325,379.65960693359375,2.9547377380367834e-06,1.1654562870333507e-09,3.4688730239868164,29.20825958251953,44.09383010864258,0.06253890693187714,8.065269470214844,0.3200872242450714
783,75959.6252578125,218869.59375,75956.92184375,1.4188747897148133,2.5694671459197997,1.0,0.5,4.676896572113037,1695.5704345703125,8.550684928894043,0.1199902668595314,0.8165823221206665,5.491430759429932,1.100475549697876,52.972286224365234,1.6205145120620728,41.94736862182617,1.2305853366851807,32.11851119995117,0.6306983232498169,0.10559423267841339,6.942695617675781,24.91193389892578,1.9077397584915161,210.8480987548828,1.7999038696289062,370.5928039550781,2.9547377380367834e-06,1.1654562870333507e-09,3.987483263015747,33.8902587890625,45.4327278137207,0.0651303306221962,8.57686996459961,0.3397747874259949
784,96542.6665625,138826.96875,96539.951703125,1.4341044855117797,2.5617463665008544,1.0,0.5,4.077362060546875,1328.4691162109375,7.809277534484863,0.08600359410047531,0.796633243560791,5.43558406829834,0.8023235201835632,32.70370101928711,1.3631484508514404,28.4677677154541,0.9627314209938049,21.72142219543457,0.6306983232498169,0.10559423267841339,5.935360908508301,21.29347801208496,1.593761920928955,198.09231567382812,1.6291025876998901,368.5409851074219,2.9547377380367834e-06,1.1654562870333507e-09,3.6369469165802,28.76116943359375,43.72128677368164,0.06200492009520531,8.186376571655273,0.330128014087677
785,88971.401203125,133850.625,88968.464796875,1.48309255027771,2.905261957168579,1.0,0.5,4.738936424255371,1266.5989990234375,9.624199867248535,0.10925740003585815,0.7422683238983154,5.015317440032959,0.8748490214347839,34.88176727294922,1.5011693239212036,33.29290008544922,0.9797899127006531,21.198415756225586,0.6306983232498169,0.10559423267841339,6.669916152954102,23.246538162231445,1.7152173519134521,204.48841857910156,1.7563925981521606,472.6421203613281,2.9547377380367834e-06,1.1654562870333507e-09,3.822011947631836,32.674957275390625,44.21542739868164,0.06303858011960983,8.294746398925781,0.33661770820617676
786,74065.387015625,120865.953125,74062.6905859375,1.4489582648277284,2.495018594741821,1.0,0.5,3.66161847114563,1211.0906982421875,7.822538375854492,0.0861048549413681,0.7817587852478027,5.396541118621826,0.9401594400405884,39.43414306640625,1.4661442041397095,33.98674011230469,1.0560736656188965,24.926509857177734,0.6306983232498169,0.10559423267841339,6.2969183921813965,20.78912353515625,1.6676623821258545,200.9812469482422,1.901916742324829,424.4196472167969,2.9547377380367834e-06,1.1654562870333507e-09,3.921557903289795,32.27925109863281,44.072357177734375,0.06325861811637878,8.75221061706543,0.3389822542667389
787,79146.970265625,126154.8046875,79144.23575,1.4703878359794618,2.5281038465499877,1.0,0.5,4.136607646942139,1238.50927734375,7.882390022277832,0.11759190261363983,0.7286491990089417,5.1257643699646,0.840531587600708,34.805458068847656,1.4734399318695068,30.666301727294922,0.969965398311615,22.460895538330078,0.6306983232498169,0.10559423267841339,6.464741230010986,21.147560119628906,1.590893030166626,213.65196228027344,1.9151723384857178,427.2060241699219,2.9547377380367834e-06,1.1654562870333507e-09,3.759812831878662,30.94891929626465,44.763954162597656,0.06321702897548676,8.426824569702148,0.33415141701698303
788,75739.676,159292.734375,75736.882203125,1.4922863969802855,2.603201133728027,1.0,0.5,5.256368160247803,1408.5692138671875,8.388882637023926,0.1049070656299591,0.7994433641433716,5.370259761810303,0.9939616322517395,41.88867950439453,1.7401330471038818,39.483219146728516,1.0891209840774536,25.24209976196289,0.6306983232498169,0.10559423267841339,8.200616836547852,23.8144474029541,1.9354746341705322,221.7986297607422,2.0591611862182617,437.2532043457031,2.9547377380367834e-06,1.1654562870333507e-09,3.9598941802978516,32.8204345703125,43.73332977294922,0.06119269132614136,8.11204719543457,0.3308005630970001
789,78611.1361875,112798.0390625,78608.3096328125,1.4321759343147278,2.7888440732955933,1.0,0.5,4.194263935089111,1147.6055908203125,8.375720024108887,0.0997740775346756,0.7438643574714661,5.328268527984619,0.932634174823761,35.0839958190918,1.4195455312728882,29.744281768798828,1.057125210762024,21.833406448364258,0.6306983232498169,0.10559423267841339,7.027273654937744,21.60702133178711,1.8378243446350098,206.58726501464844,2.1805076599121094,464.2124328613281,2.9547377380367834e-06,1.1654562870333507e-09,3.596090793609619,29.86764144897461,43.83806610107422,0.06260792911052704,8.282186508178711,0.33403146266937256
790,86370.611046875,97289.2734375,86367.8194375,1.4487608294487,2.6870848541259766,1.0,0.5,3.8783459663391113,1058.40673828125,8.40406608581543,0.09583912789821625,0.7711037397384644,5.298642158508301,0.9180896878242493,35.05022048950195,1.5341646671295166,31.000520706176758,0.9775913953781128,21.151323318481445,0.6306983232498169,0.10559423267841339,6.527848720550537,20.125720977783203,1.6469296216964722,207.00784301757812,2.1922290325164795,441.5999450683594,2.9547377380367834e-06,1.1654562870333507e-09,3.5416860580444336,29.488954544067383,43.92534637451172,0.06222919747233391,8.43437385559082,0.3320063054561615
791,87533.4928125,106463.3203125,87530.7435,1.4370596690177917,2.624622735977173,1.0,0.5,4.738340854644775,1140.061279296875,7.6705732345581055,0.08691193163394928,0.8396281599998474,5.743791103363037,0.8723119497299194,34.50008010864258,1.376163125038147,29.85985565185547,1.0298017263412476,22.26283073425293,0.6306983232498169,0.10559423267841339,6.399642467498779,21.066204071044922,1.3203275203704834,181.8751678466797,1.7123702764511108,391.97705078125,2.9547377380367834e-06,1.1654562870333507e-09,3.735323190689087,30.736968994140625,44.619239807128906,0.06256686896085739,7.834377765655518,0.3183385729789734
792,74180.0714375,103177.3046875,74177.06334375,1.468631278514862,3.0780890140533446,1.0,0.5,3.858668088912964,1103.3824462890625,8.00483512878418,0.09110356867313385,0.8164788484573364,5.515501499176025,0.9135836958885193,36.98967361450195,1.523537039756775,32.99372482299805,1.0032689571380615,22.378496170043945,0.6306983232498169,0.10559423267841339,7.136021614074707,22.011045455932617,1.5795905590057373,196.3042755126953,1.9919384717941284,429.10430908203125,2.9547377380367834e-06,1.1654562870333507e-09,3.6586318016052246,29.467788696289062,43.99394226074219,0.06271816045045853,7.919190883636475,0.3256799280643463
793,92318.573984375,133618.265625,92315.8999375,1.4354345245361328,2.4765698928833006,1.0,0.5,4.133627414703369,1266.8773193359375,8.030569076538086,0.096233069896698,0.7859237194061279,5.350327491760254,0.8372939229011536,35.6036262512207,1.5138548612594604,35.279502868652344,0.9246958494186401,22.543922424316406,0.6306983232498169,0.10559423267841339,7.266193389892578,24.41560935974121,1.6704944372177124,214.1166229248047,1.9973294734954834,463.7774658203125,2.9547377380367834e-06,1.1654562870333507e-09,3.6937880516052246,32.780059814453125,44.4552001953125,0.06301423907279968,8.192131996154785,0.34975549578666687
794,81485.978625,108971.765625,81483.182609375,1.4287645330429077,2.733771922111511,1.0,0.5,4.010081768035889,1157.6787109375,8.719647407531738,0.11454854905605316,0.7536664009094238,5.069584369659424,0.8469380140304565,35.82725524902344,1.3625497817993164,28.751102447509766,0.9808934926986694,22.904781341552734,0.6306983232498169,0.10559423267841339,5.921157360076904,20.95125961303711,1.6652919054031372,202.0958709716797,1.6262755393981934,374.8322448730469,2.9547377380367834e-06,1.1654562870333507e-09,3.6346800327301025,30.341140747070312,43.76688766479492,0.06236652657389641,8.198911666870117,0.33169135451316833
795,83397.977203125,107598.921875,83395.23615625,1.4196504271030426,2.643533540725708,1.0,0.5,4.9827561378479,1111.4862060546875,8.329850196838379,0.11079232394695282,0.764655351638794,5.211354732513428,0.9946300387382507,41.86727523803711,1.6171786785125732,34.361602783203125,1.1483651399612427,26.895343780517578,0.6306983232498169,0.10559423267841339,6.983908176422119,23.55389976501465,1.8683536052703857,235.51234436035156,2.0022644996643066,458.39007568359375,2.9547377380367834e-06,1.1654562870333507e-09,3.673630952835083,33.67323684692383,44.03371810913086,0.06222027912735939,8.555649757385254,0.36060264706611633
796,86785.141234375,128503.2421875,86782.3206015625,1.4132268753051758,2.8145678882598877,1.0,0.5,4.073423862457275,1250.72705078125,7.767215251922607,0.08317084610462189,0.7188007831573486,4.965480804443359,0.9348614811897278,38.7747688293457,1.3488588333129883,30.923612594604492,1.0729992389678955,24.811573028564453,0.6306983232498169,0.10559423267841339,6.368525505065918,21.997934341430664,1.707086205482483,224.69557189941406,1.898553729057312,423.74310302734375,2.9547377380367834e-06,1.1654562870333507e-09,3.6953318119049072,32.779972076416016,43.783233642578125,0.06178366392850876,8.571895599365234,0.34581562876701355
797,96205.84646875,89214.5546875,96203.075984375,1.445591797351837,2.649718683242798,1.0,0.5,4.581161022186279,1021.6861572265625,8.586930274963379,0.10203934460878372,0.7096951603889465,4.911412715911865,0.8002100586891174,32.89875793457031,1.4212031364440918,30.972158432006836,0.921008288860321,21.216655731201172,0.6306983232498169,0.10559423267841339,6.7212982177734375,21.06696128845215,1.651450753211975,202.5959930419922,1.7423980236053467,400.1318359375,2.9547377380367834e-06,1.1654562870333507e-09,3.837724447250366,32.078041076660156,43.34437942504883,0.06100006401538849,8.343765258789062,0.34055250883102417
798,74332.256,115553.4765625,74329.437046875,1.4565706911087035,2.7242408418655395,1.0,0.5,3.7470765113830566,1212.44970703125,7.100977897644043,0.07387293130159378,0.750305712223053,5.097023010253906,0.8071656227111816,34.754844665527344,1.289428949356079,27.116357803344727,0.9365310668945312,22.579265594482422,0.6306983232498169,0.10559423267841339,6.071589469909668,19.966833114624023,1.4236950874328613,184.92420959472656,1.539317011833191,331.0259704589844,2.9547377380367834e-06,1.1654562870333507e-09,3.9018540382385254,32.243858337402344,43.526710510253906,0.061780743300914764,8.149760246276855,0.3311743140220642
799,87384.49715625,126540.6328125,87381.722015625,1.4644450812339782,2.62002761554718,1.0,0.5,4.792624473571777,1243.069091796875,7.615918159484863,0.08501259982585907,0.7854074239730835,5.467906951904297,0.9206766486167908,36.945926666259766,1.4592128992080688,31.42069435119629,1.0257714986801147,22.785905838012695,0.6306983232498169,0.10559423267841339,6.409304618835449,20.76299285888672,1.595295786857605,195.53994750976562,1.9098987579345703,428.7491760253906,2.9547377380367834e-06,1.1654562870333507e-09,3.6828722953796387,30.513748168945312,43.040855407714844,0.060632430016994476,8.18908405303955,0.34042102098464966
800,79660.752875,61038.1875,79657.9611953125,1.4446263341903687,2.693948676109314,1.0,0.5,3.608520984649658,839.1527709960938,7.754255771636963,0.08789005875587463,0.8334441184997559,5.538186550140381,0.8327793478965759,33.554847717285156,1.426422357559204,28.55872344970703,0.9660392999649048,21.30214500427246,0.6306983232498169,0.10559423267841339,6.004148483276367,21.262975692749023,1.4394128322601318,182.35394287109375,1.5873780250549316,336.34954833984375,2.9547377380367834e-06,1.1654562870333507e-09,3.8332841396331787,32.750301361083984,43.50284957885742,0.06151462718844414,7.889651298522949,0.33718374371528625
801,78906.064140625,338577.40625,78903.240921875,1.4542633163928986,2.737484726905823,1.0,0.5,3.579537868499756,2129.613037109375,8.486042022705078,0.09565889835357666,0.7717005014419556,5.544447422027588,0.8662185668945312,38.89189910888672,1.3816051483154297,31.535615921020508,0.9906758666038513,24.442739486694336,0.6306983232498169,0.10559423267841339,5.865326404571533,21.70389747619629,1.6428736448287964,195.41477966308594,1.7976535558700562,402.27764892578125,2.9547377380367834e-06,1.1654562870333507e-09,3.8298003673553467,34.46578598022461,44.40742111206055,0.06281092017889023,8.331212043762207,0.34111467003822327
802,85947.727921875,87525.8359375,85944.9540625,1.4253211340904235,2.6979873542785646,1.0,0.5,4.310788631439209,1026.301025390625,8.57512378692627,0.11268617957830429,0.7301323413848877,5.172542095184326,0.7321717739105225,31.525466918945312,1.5160703659057617,33.645931243896484,0.8238111734390259,20.08832359313965,0.6306983232498169,0.10559423267841339,6.8401641845703125,21.156801223754883,1.7138878107070923,191.9371337890625,1.7442429065704346,362.24700927734375,2.9547377380367834e-06,1.1654562870333507e-09,3.4881181716918945,31.29330825805664,42.43194580078125,0.05987462028861046,8.51478385925293,0.3325263559818268
803,96299.42653125,124213.4765625,96296.769453125,1.4233633646965027,2.4668365144729614,1.0,0.5,4.724626541137695,1251.517578125,9.186408042907715,0.1280127763748169,0.8813651204109192,5.851069450378418,0.9787532687187195,39.789974212646484,1.4857451915740967,30.658231735229492,1.11250901222229,24.808584213256836,0.6306983232498169,0.10559423267841339,7.274879455566406,23.37938690185547,1.7289085388183594,198.8759307861328,1.618579387664795,358.2034606933594,2.9547377380367834e-06,1.1654562870333507e-09,4.293911457061768,32.99443435668945,43.313507080078125,0.061590902507305145,8.170695304870605,0.3356788754463196
804,94347.054375,97169.2890625,94344.4057109375,1.4436363215446473,2.410820306777954,1.0,0.5,5.130031585693359,1069.0521240234375,8.709003448486328,0.11280301958322525,0.7913260459899902,5.340426445007324,0.8282480835914612,32.6264533996582,1.4865000247955322,30.213367462158203,0.9033133387565613,20.281864166259766,0.6306983232498169,0.10559423267841339,6.343064308166504,22.2097110748291,1.533437728881836,197.48818969726562,1.739870548248291,417.8585205078125,2.9547377380367834e-06,1.1654562870333507e-09,3.4164280891418457,30.935245513916016,43.18258285522461,0.06104940176010132,8.166787147521973,0.34726423025131226
805,76785.122109375,139668.296875,76782.34665625,1.476468535900116,2.5985814838409422,1.0,0.5,4.11586856842041,1299.4444580078125,9.072986602783203,0.10958673059940338,0.7823343276977539,5.5273308753967285,0.8152732849121094,33.51469802856445,1.5051190853118896,32.676815032958984,0.8865604400634766,19.97077751159668,0.6306983232498169,0.10559423267841339,6.958766460418701,22.085468292236328,1.5041698217391968,181.46646118164062,2.0374820232391357,479.3965759277344,2.9547377380367834e-06,1.1654562870333507e-09,3.637281894683838,30.299434661865234,43.52153015136719,0.061974380165338516,8.085901260375977,0.32398661971092224
806,75961.65903125,200432.90625,75958.8200390625,1.4672023901939393,2.7434871377944945,1.0,0.5,4.808929920196533,1613.720703125,9.250785827636719,0.09807998687028885,0.8010819554328918,5.7396979331970215,0.7762492895126343,32.038578033447266,1.338279128074646,27.18877601623535,0.8931201100349426,20.807437896728516,0.6306983232498169,0.10559423267841339,6.12506628036499,20.967227935791016,1.5378446578979492,208.79823303222656,1.7406007051467896,393.2311096191406,2.9547377380367834e-06,1.1654562870333507e-09,3.666368007659912,32.32905960083008,43.32474899291992,0.06127637252211571,8.403984069824219,0.3282337486743927
807,77184.743109375,96620.4296875,77182.008546875,1.4372358722686767,2.5945945892333984,1.0,0.5,4.564754009246826,1074.266845703125,8.065879821777344,0.08747128397226334,0.8132607936859131,5.631557941436768,0.7574822902679443,30.362695693969727,1.4152473211288452,28.359241485595703,0.8942888379096985,20.427804946899414,0.6306983232498169,0.10559423267841339,6.9471845626831055,20.320056915283203,1.623507022857666,210.25245666503906,1.7026348114013672,388.3006591796875,2.9547377380367834e-06,1.1654562870333507e-09,4.252864837646484,32.283416748046875,43.492767333984375,0.061308395117521286,8.037922859191895,0.3291989862918854
808,83362.236234375,105867.15625,83359.60984375,1.421257716178894,2.409286184310913,1.0,0.5,3.8098130226135254,1133.98388671875,8.07608413696289,0.09473186731338501,0.8615881204605103,5.642399311065674,0.7558790445327759,30.085079193115234,1.2904398441314697,27.304393768310547,0.8922971487045288,20.08820343017578,0.6306983232498169,0.10559423267841339,6.560421943664551,22.186206817626953,1.4275057315826416,201.68011474609375,1.6924984455108643,389.65203857421875,2.9547377380367834e-06,1.1654562870333507e-09,4.203466892242432,33.41936111450195,42.96112060546875,0.06080414727330208,8.185479164123535,0.3210720121860504
809,84533.52171875,167159.03125,84530.862171875,1.4543813881874084,2.4098893575668336,1.0,0.5,5.048505783081055,1459.88232421875,9.296980857849121,0.11864231526851654,0.8137602210044861,5.488095760345459,0.7997117042541504,31.90116310119629,1.4954913854599,30.13064956665039,0.9385402202606201,20.928009033203125,0.6306983232498169,0.10559423267841339,7.020008563995361,21.65495491027832,1.6389137506484985,211.04437255859375,1.7341067790985107,400.8096008300781,2.9547377380367834e-06,1.1654562870333507e-09,3.8710508346557617,29.943683624267578,43.2862548828125,0.06100175902247429,8.170015335083008,0.3322529196739197
810,86854.41003125,142775.328125,86851.682265625,1.4447467293739318,2.5673506860733033,1.0,0.5,4.572922706604004,1335.33251953125,7.699609756469727,0.08110245317220688,0.7692961692810059,5.209233283996582,0.7242873907089233,30.651958465576172,1.3975635766983032,29.741840362548828,0.8389027118682861,20.011348724365234,0.6306983232498169,0.10559423267841339,6.5686116218566895,21.70522117614746,1.5899511575698853,208.956298828125,1.8592522144317627,410.3312072753906,2.9547377380367834e-06,1.1654562870333507e-09,3.763465642929077,31.0213623046875,42.3193473815918,0.05977766960859299,8.365150451660156,0.32946547865867615
811,86593.4725625,104698.4921875,86590.784953125,1.4353421404361726,2.505135805130005,1.0,0.5,4.335449695587158,1126.398681640625,7.847477436065674,0.08831257373094559,0.8111591339111328,5.443779945373535,1.0365113019943237,40.577781677246094,1.449311375617981,31.536998748779297,1.1725714206695557,25.64170265197754,0.6306983232498169,0.10559423267841339,6.27363395690918,21.014720916748047,1.6963809728622437,199.26095581054688,1.7535243034362793,390.6142578125,2.9547377380367834e-06,1.1654562870333507e-09,3.678898572921753,30.469396591186523,42.83119583129883,0.06040358915925026,9.20748233795166,0.3443479835987091
812,83905.263578125,132438.828125,83902.57609375,1.4106804375648498,2.5530068635940553,1.0,0.5,3.825543165206909,1275.78515625,7.95349645614624,0.08359014987945557,0.7641550898551941,5.22064208984375,0.8115158677101135,32.450103759765625,1.5256506204605103,30.883630752563477,0.9451581239700317,21.29376983642578,0.6306983232498169,0.10559423267841339,6.044903755187988,22.126277923583984,1.5121331214904785,218.2681427001953,1.957971215248108,418.2148132324219,2.9547377380367834e-06,1.1654562870333507e-09,3.7539422512054443,31.171899795532227,43.08987808227539,0.0605669729411602,8.333075523376465,0.33242782950401306
813,75237.870140625,116967.1796875,75235.08428125,1.4475811138153076,2.676665816307068,1.0,0.5,4.090982913970947,1194.717041015625,8.182476043701172,0.09487877041101456,0.7610273361206055,5.19262170791626,0.8955948948860168,35.789241790771484,1.4734477996826172,29.382434844970703,1.0358814001083374,23.501787185668945,0.6306983232498169,0.10559423267841339,5.6022820472717285,19.499895095825195,1.6867462396621704,207.49172973632812,1.868978500366211,403.8811950683594,2.9547377380367834e-06,1.1654562870333507e-09,3.6240334510803223,29.87623405456543,42.56296157836914,0.060079291462898254,8.269103050231934,0.33511674404144287
814,72548.1568125,153784.421875,72545.45478125,1.4491664233207702,2.50534289932251,1.0,0.5,4.197479724884033,1409.5421142578125,8.26196002960205,0.09782931953668594,0.8024997711181641,5.600305080413818,0.7445579171180725,31.507925033569336,1.431975245475769,28.535383224487305,0.8350294828414917,20.311954498291016,0.6306983232498169,0.10559423267841339,6.550879955291748,19.860044479370117,1.7180945873260498,186.7997589111328,1.6751056909561157,357.20745849609375,2.9547377380367834e-06,1.1654562870333507e-09,3.760225296020508,31.83455467224121,43.31104278564453,0.06108628213405609,7.995250701904297,0.32678940892219543
815,79381.168140625,156935.09375,79378.451765625,1.426595921754837,2.579245668411255,1.0,0.5,4.057803153991699,1400.2344970703125,9.246088027954102,0.10139673948287964,0.7394391298294067,5.266351222991943,0.7799646258354187,33.27241134643555,1.4715495109558105,31.335567474365234,0.8483033776283264,20.196422576904297,0.6306983232498169,0.10559423267841339,6.985591888427734,21.664154052734375,1.5874488353729248,200.91317749023438,1.9356963634490967,438.1532897949219,2.9547377380367834e-06,1.1654562870333507e-09,3.8117787837982178,32.768123626708984,42.778865814208984,0.06005115061998367,8.815650939941406,0.3434349000453949
816,70474.540421875,92354.1875,70471.83228125,1.4675058569908142,2.4811753425598146,1.0,0.5,3.3917057514190674,1027.4097900390625,7.73869514465332,0.0851726159453392,0.7574201822280884,5.1920976638793945,0.7839620113372803,34.74981689453125,1.3933969736099243,30.27771759033203,0.9183886647224426,22.559492111206055,0.6306983232498169,0.10559423267841339,6.482149124145508,20.52996826171875,1.7950810194015503,226.9091796875,1.82548987865448,426.3809509277344,2.9547377380367834e-06,1.1654562870333507e-09,3.886470317840576,31.547252655029297,42.938865661621094,0.060729242861270905,8.319389343261719,0.33489423990249634
817,73419.5859296875,113248.7734375,73416.845890625,1.455319125175476,2.5708127012252806,1.0,0.5,4.5473785400390625,1194.288330078125,8.63992691040039,0.09053727984428406,0.7749142646789551,5.331705093383789,0.8217453956604004,34.17367935180664,1.3843300342559814,29.292327880859375,0.9132832288742065,21.111495971679688,0.6306983232498169,0.10559423267841339,6.139698028564453,19.92995834350586,1.4799026250839233,189.40545654296875,1.5589251518249512,345.5680847167969,2.9547377380367834e-06,1.1654562870333507e-09,3.879086971282959,30.763673782348633,42.90370178222656,0.06030736863613129,8.117731094360352,0.32317641377449036
818,78708.53875,84148.6953125,78705.782453125,1.432744649887085,2.6463165254592895,1.0,0.5,3.4163825511932373,986.033447265625,8.802286148071289,0.1168387234210968,0.7130602598190308,5.089860439300537,0.7786555886268616,34.78502655029297,1.3729009628295898,29.422393798828125,0.8734792470932007,21.394529342651367,0.6306983232498169,0.10559423267841339,5.7187652587890625,19.883590698242188,1.5534216165542603,194.68226623535156,1.7193251848220825,405.01995849609375,2.9547377380367834e-06,1.1654562870333507e-09,3.5460572242736816,30.006216049194336,42.76861572265625,0.06069360300898552,8.401832580566406,0.3307366967201233
819,81526.335046875,144999.125,81523.5986875,1.4220583376884461,2.6285824575424193,1.0,0.5,3.6532342433929443,1364.88525390625,8.114792823791504,0.09051673859357834,0.7677672505378723,5.1930766105651855,0.7701365351676941,30.832168579101562,1.3232795000076294,28.770343780517578,0.9155198931694031,20.653106689453125,0.6306983232498169,0.10559423267841339,6.255713939666748,21.670984268188477,1.5381394624710083,189.6857147216797,1.5291846990585327,356.9368896484375,2.9547377380367834e-06,1.1654562870333507e-09,3.6600561141967773,31.107563018798828,42.45914077758789,0.06008439511060715,8.194150924682617,0.33637094497680664
820,80764.930890625,84840.5703125,80762.0960390625,1.411334643125534,2.847278205871582,1.0,0.5,4.2074785232543945,1011.8740234375,7.942747116088867,0.08709080517292023,0.7193560600280762,4.957156658172607,0.8114373087882996,34.21246337890625,1.2892558574676514,27.283559799194336,0.9208665490150452,21.786836624145508,0.6306983232498169,0.10559423267841339,6.2105207443237305,20.649627685546875,1.4388625621795654,194.1180419921875,1.522849440574646,349.9415588378906,2.9547377380367834e-06,1.1654562870333507e-09,3.6139183044433594,29.57752227783203,42.60124206542969,0.06011028215289116,7.9067888259887695,0.3186192512512207
821,68457.25,80274.046875,68454.3266875,1.46567777967453,2.9146486835479735,1.0,0.5,3.500225782394409,945.4121704101562,7.3246307373046875,0.0788557305932045,0.7632361054420471,5.006606101989746,0.8944446444511414,33.94804763793945,1.4192087650299072,29.290420532226562,1.0131475925445557,21.434926986694336,0.6306983232498169,0.10559423267841339,5.96791410446167,20.91923713684082,1.6299721002578735,204.6173095703125,1.8686145544052124,429.45965576171875,2.9547377380367834e-06,1.1654562870333507e-09,3.4380979537963867,27.828983306884766,42.31076431274414,0.05989200994372368,8.244345664978027,0.33266445994377136
822,67810.902625,95870.296875,67808.097,1.4849769172668457,2.6411127853393555,1.0,0.5,3.811985969543457,1014.8782348632812,7.522070407867432,0.08253667503595352,0.7039986848831177,4.875075340270996,0.8380558490753174,34.257545471191406,1.497355341911316,33.38939666748047,0.9195331335067749,20.784486770629883,0.6306983232498169,0.10559423267841339,6.384072303771973,20.42682456970215,1.755492925643921,234.67640686035156,1.9909707307815552,503.0343933105469,2.9547377380367834e-06,1.1654562870333507e-09,3.408663272857666,30.095394134521484,43.017478942871094,0.06055024266242981,8.417299270629883,0.34766456484794617
823,98039.907515625,160743.578125,98037.00740625,1.460226984977722,2.8805499696731567,1.0,0.5,4.606523513793945,1421.6710205078125,8.87093448638916,0.14148825407028198,0.7491161227226257,5.14361572265625,0.8996226787567139,40.39504623413086,1.5549949407577515,35.210262298583984,1.0103504657745361,25.188016891479492,0.6306983232498169,0.10559423267841339,6.447981834411621,22.74010467529297,1.7879564762115479,216.833740234375,1.9109961986541748,420.8858337402344,2.9547377380367834e-06,1.1654562870333507e-09,3.7143666744232178,32.054656982421875,42.33235168457031,0.06037592887878418,8.214244842529297,0.3313177227973938
824,92626.779265625,162339.875,92624.0335,1.435111873626709,2.621705569267273,1.0,0.5,3.7493956089019775,1429.04052734375,7.917306423187256,0.09178779274225235,0.7365972995758057,5.085710048675537,0.7354169487953186,30.77567481994629,1.3266628980636597,28.621171951293945,0.8625242114067078,20.308504104614258,0.6306983232498169,0.10559423267841339,5.791751384735107,20.51099967956543,1.858760952949524,223.510498046875,1.6985303163528442,420.7735900878906,2.9547377380367834e-06,1.1654562870333507e-09,3.625950336456299,30.77547836303711,42.32106018066406,0.06030702590942383,8.20647144317627,0.33603474497795105
825,85335.01790625,66105.9921875,85332.2299375,1.406620171546936,2.7619246320724486,1.0,0.5,3.5482563972473145,868.427001953125,7.818684101104736,0.08844760060310364,0.6958373785018921,4.736577987670898,0.7009314298629761,28.838088989257812,1.2284303903579712,26.19261932373047,0.8149780035018921,19.104310989379883,0.6306983232498169,0.10559423267841339,5.578497409820557,19.543386459350586,1.3839176893234253,193.45921325683594,1.550632357597351,361.563232421875,2.9547377380367834e-06,1.1654562870333507e-09,3.5444557666778564,29.231884002685547,42.56076431274414,0.05970514193177223,7.899068832397461,0.31941866874694824
826,67268.80975,101376.3828125,67265.988296875,1.410624231338501,2.8222527875900267,1.0,0.5,4.207653999328613,1100.3115234375,8.932613372802734,0.13868406414985657,0.7474144697189331,5.09434175491333,0.8226974606513977,35.176849365234375,1.3736724853515625,28.900836944580078,0.938406229019165,22.153392791748047,0.6306983232498169,0.10559423267841339,7.60782527923584,21.565637588500977,1.7012794017791748,211.83963012695312,1.653456687927246,399.5827941894531,2.9547377380367834e-06,1.1654562870333507e-09,3.916443109512329,31.0466365814209,42.99701690673828,0.06107071787118912,8.21199893951416,0.3282693326473236
827,75129.2418828125,122169.390625,75126.3248359375,1.481388367176056,2.8710565452575683,1.0,0.5,3.322061538696289,1243.3438720703125,7.760528564453125,0.09028023481369019,0.7689840197563171,5.185946464538574,0.715680718421936,31.472318649291992,1.2256882190704346,27.212038040161133,0.806640625,19.99197769165039,0.6306983232498169,0.10559423267841339,5.369434833526611,19.68947410583496,1.4182015657424927,190.9918212890625,1.5981249809265137,352.8828125,2.9547377380367834e-06,1.1654562870333507e-09,3.6515309810638428,29.930435180664062,42.49477005004883,0.06015670299530029,8.099993705749512,0.322873592376709
828,91302.704078125,114004.2109375,91299.82834375,1.4319835524559021,2.888846781730652,1.0,0.5,4.278859615325928,1162.021240234375,8.524325370788574,0.09589047729969025,0.7647136449813843,5.220367908477783,0.810197114944458,35.054718017578125,1.3619003295898438,29.36949920654297,0.8900152444839478,21.540130615234375,0.6306983232498169,0.10559423267841339,7.0034332275390625,21.185325622558594,1.606818437576294,216.97352600097656,1.7069813013076782,441.24603271484375,2.9547377380367834e-06,1.1654562870333507e-09,3.787022352218628,30.604982376098633,42.16642379760742,0.05984145402908325,8.00524616241455,0.3277064263820648
829,76226.4375390625,55882.83984375,76223.62578125,1.4608982982635499,2.7019066076278686,1.0,0.5,3.1721551418304443,768.69384765625,7.870904922485352,0.08690910041332245,0.7102196216583252,4.904545307159424,0.7699518203735352,32.93238830566406,1.2562038898468018,27.78239631652832,0.8881080150604248,21.447786331176758,0.6306983232498169,0.10559423267841339,6.323658466339111,19.398813247680664,1.5562255382537842,204.4591827392578,1.5746768712997437,382.2066955566406,2.9547377380367834e-06,1.1654562870333507e-09,3.506542444229126,29.067317962646484,42.93941879272461,0.06062430143356323,8.153265953063965,0.3164704144001007
830,86345.653734375,241464.328125,86342.93525,1.4146422746181488,2.6074862155914307,1.0,0.5,4.872585296630859,1776.8502197265625,8.621776580810547,0.11041820049285889,0.785659909248352,5.496011257171631,0.7802261710166931,31.27717399597168,1.410752296447754,29.243778228759766,0.8989181518554688,20.136539459228516,0.6306983232498169,0.10559423267841339,5.555411338806152,21.457077026367188,1.6266865730285645,214.38687133789062,1.780382752418518,416.58294677734375,2.9547377380367834e-06,1.1654562870333507e-09,3.745774269104004,32.37343978881836,42.98414611816406,0.060928795486688614,7.9100236892700195,0.3324839472770691
831,92994.14809375,147584.390625,92991.34440625,1.4461988067626954,2.7139495067596435,1.0,0.5,3.3814423084259033,1375.479248046875,8.030410766601562,0.08283840119838715,0.7366311550140381,5.183020114898682,0.8769791722297668,34.37769317626953,1.3189430236816406,27.134347915649414,1.0211031436920166,22.465261459350586,0.6306983232498169,0.10559423267841339,5.6550798416137695,19.745094299316406,1.5605034828186035,193.04820251464844,1.5948586463928223,364.9667053222656,2.9547377380367834e-06,1.1654562870333507e-09,3.5024497509002686,30.1308650970459,42.30888748168945,0.059733565896749496,8.417230606079102,0.32706621289253235
832,80280.7850625,58036.71875,80277.9561015625,1.4535945377349853,2.7491837778091432,1.0,0.5,3.883932113647461,798.1739501953125,7.853001594543457,0.08690934628248215,0.7110932469367981,4.815151214599609,0.8820035457611084,36.038780212402344,1.3380393981933594,29.541236877441406,1.0061609745025635,23.1550350189209,0.6306983232498169,0.10559423267841339,5.998388290405273,19.160324096679688,1.5159404277801514,192.25332641601562,1.6501482725143433,366.61065673828125,2.9547377380367834e-06,1.1654562870333507e-09,3.5792458057403564,30.779726028442383,42.17191696166992,0.05939261242747307,8.250330924987793,0.3285970091819763
833,68485.7931015625,109975.4609375,68483.060671875,1.4118968539237977,2.6406581392288206,1.0,0.5,4.602417945861816,1158.812744140625,8.059455871582031,0.09442532062530518,0.748284101486206,5.05033540725708,0.906454861164093,39.525047302246094,1.4586310386657715,33.458805084228516,1.0222015380859375,24.5778865814209,0.6306983232498169,0.10559423267841339,7.001620292663574,22.294885635375977,1.7156349420547485,200.37664794921875,1.6894012689590454,389.5707702636719,2.9547377380367834e-06,1.1654562870333507e-09,3.7886972427368164,32.59693908691406,42.07635498046875,0.058739084750413895,7.788749694824219,0.3223404884338379
834,74492.428875,85094.40625,74489.68365625,1.4299961161613464,2.6306904697418214,1.0,0.5,3.527994155883789,995.835693359375,7.8058624267578125,0.09203588217496872,0.7405197024345398,5.021556854248047,0.7656545639038086,31.471019744873047,1.3242881298065186,28.85443878173828,0.86984783411026,19.946958541870117,0.6306983232498169,0.10559423267841339,6.337096691131592,22.632186889648438,1.5034435987472534,196.801025390625,1.6274468898773193,396.44091796875,2.9547377380367834e-06,1.1654562870333507e-09,3.5236399173736572,30.92706871032715,42.026954650878906,0.059339579194784164,8.349788665771484,0.33317288756370544
835,73162.5014375,100529.3671875,73159.697046875,1.4511652822494507,2.705984716415405,1.0,0.5,3.6967933177948,1095.8475341796875,8.461494445800781,0.08859949558973312,0.7273053526878357,5.084200859069824,0.7348546981811523,31.075471878051758,1.350996732711792,29.34034538269043,0.8262861371040344,19.58711051940918,0.6306983232498169,0.10559423267841339,6.519161224365234,20.67021942138672,1.6581356525421143,205.14512634277344,1.6937313079833984,401.0684509277344,2.9547377380367834e-06,1.1654562870333507e-09,3.4623425006866455,30.052400588989258,42.343772888183594,0.05961563438177109,8.494993209838867,0.3344542384147644
836,82860.6209453125,145876.234375,82857.7352890625,1.4805896439552306,2.8101040449142456,1.0,0.5,3.9019007682800293,1363.8642578125,8.46607780456543,0.10610934346914291,0.6845394372940063,4.8461503982543945,0.7908183336257935,32.90127944946289,1.2664859294891357,29.165725708007812,0.9108961820602417,20.604188919067383,0.6306983232498169,0.10559423267841339,5.682828426361084,21.311256408691406,1.4319404363632202,193.53504943847656,1.5598852634429932,375.5073547363281,2.9547377380367834e-06,1.1654562870333507e-09,3.3457443714141846,28.670488357543945,42.377628326416016,0.06002911552786827,8.237649917602539,0.3282364010810852
837,85106.4723125,53825.92578125,85103.554671875,1.4485517864227295,2.939394853591919,1.0,0.5,3.2520248889923096,741.652099609375,7.706240653991699,0.08290022611618042,0.6855586171150208,4.691069602966309,0.7967551350593567,32.6820182800293,1.3887220621109009,29.95158576965332,0.9089213013648987,20.43834686279297,0.6306983232498169,0.10559423267841339,6.234630107879639,20.721393585205078,1.6121020317077637,188.890869140625,1.6907681226730347,405.08807373046875,2.9547377380367834e-06,1.1654562870333507e-09,3.653548240661621,29.7063045501709,42.2708740234375,0.05985107645392418,8.362618446350098,0.326346755027771
838,63276.1390078125,169672.21875,63273.1383515625,1.4450454788208007,3.111187719345093,1.0,0.5,4.198064804077148,1468.3607177734375,9.11572265625,0.09619058668613434,0.754656970500946,5.2080206871032715,0.764983594417572,32.02867889404297,1.420526385307312,29.811805725097656,0.8925918340682983,21.03183364868164,0.6306983232498169,0.10559423267841339,6.5921149253845215,21.945798873901367,1.6132503747940063,203.84451293945312,1.7429630756378174,416.94219970703125,2.9547377380367834e-06,1.1654562870333507e-09,3.8726887702941895,32.340267181396484,41.77983093261719,0.05905371904373169,8.806312561035156,0.34663647413253784
839,77172.1795625,103562.875,77169.25146875,1.4934225249290467,2.8693736238479612,1.0,0.5,4.223588943481445,1114.56005859375,8.478717803955078,0.09316648542881012,0.7442440986633301,5.25541353225708,0.770100474357605,33.563499450683594,1.3406531810760498,30.179548263549805,0.8838990926742554,21.52202796936035,0.6306983232498169,0.10559423267841339,6.318788051605225,20.91721534729004,1.6079283952713013,205.49281311035156,1.6697496175765991,401.6627502441406,2.9547377380367834e-06,1.1654562870333507e-09,3.8782906532287598,32.976531982421875,41.76045227050781,0.05892987176775932,8.296563148498535,0.33291134238243103
840,78481.04728125,110504.9921875,78478.150953125,1.4299397087097168,2.931916579246521,1.0,0.5,3.9903924465179443,1167.8089599609375,8.272992134094238,0.09674222767353058,0.7135117053985596,5.174891471862793,0.862183690071106,35.31914520263672,1.4458454847335815,31.11150360107422,0.9740973114967346,22.17729949951172,0.6306983232498169,0.10559423267841339,6.4917097091674805,22.28848648071289,1.5568419694900513,186.3159637451172,1.5757147073745728,379.85638427734375,2.9547377380367834e-06,1.1654562870333507e-09,3.4959022998809814,32.15843200683594,42.0431022644043,0.059333618730306625,8.173611640930176,0.3274671733379364
841,67115.92,79726.421875,67113.1278046875,1.4193183312416076,2.745680122375488,1.0,0.5,4.373181343078613,953.139892578125,9.261037826538086,0.13463178277015686,0.7304022908210754,5.1075358390808105,0.8285779356956482,35.67652130126953,1.3816983699798584,32.013370513916016,0.9416329860687256,21.816967010498047,0.6306983232498169,0.10559423267841339,5.948721408843994,20.5142879486084,1.4422537088394165,186.84439086914062,1.610332727432251,410.5942077636719,2.9547377380367834e-06,1.1654562870333507e-09,3.472364664077759,30.86575698852539,42.450294494628906,0.06013966351747513,8.02397346496582,0.32417482137680054
842,78998.623578125,123035.3046875,78995.753578125,1.4312051963806152,2.876119894981384,1.0,0.5,3.9645581245422363,1231.21240234375,8.349403381347656,0.0956830158829689,0.7203503251075745,5.065454959869385,0.7259933948516846,30.137271881103516,1.3471317291259766,29.601953506469727,0.8401380181312561,19.751726150512695,0.6306983232498169,0.10559423267841339,5.985611915588379,20.984487533569336,1.5504180192947388,203.6051788330078,1.5878723859786987,402.0721130371094,2.9547377380367834e-06,1.1654562870333507e-09,3.407485008239746,28.80437660217285,41.61578369140625,0.05849777162075043,7.992663860321045,0.32795852422714233
843,72724.0028515625,164356.96875,72721.1172890625,1.445170816898346,2.8810459060668947,1.0,0.5,4.036183834075928,1464.5975341796875,8.690237998962402,0.09309203177690506,0.7383122444152832,5.144749641418457,0.8703950643539429,35.411285400390625,1.3491371870040894,28.892045974731445,0.9718137979507446,22.170682907104492,0.6306983232498169,0.10559423267841339,5.9333062171936035,21.983285903930664,1.6388155221939087,183.11582946777344,1.5453789234161377,344.05230712890625,2.9547377380367834e-06,1.1654562870333507e-09,3.533902406692505,30.58390998840332,41.61540603637695,0.058754678815603256,8.382962226867676,0.3335380256175995
844,68705.7221875,100465.0703125,68703.012484375,1.4198060767650604,2.5801739349365236,1.0,0.5,3.6901447772979736,1114.0926513671875,7.942325592041016,0.09105369448661804,0.7516464591026306,5.281423568725586,0.8155127763748169,32.48798751831055,1.2998472452163696,26.365419387817383,0.9491788148880005,21.31644630432129,0.6306983232498169,0.10559423267841339,6.050206184387207,20.482969284057617,1.5875481367111206,195.4857177734375,1.4753994941711426,351.3209533691406,2.9547377380367834e-06,1.1654562870333507e-09,3.766643524169922,31.501821517944336,42.16432189941406,0.059396062046289444,7.9722514152526855,0.31993913650512695
845,79775.40153125,209026.578125,79772.5491796875,1.4669640607833863,2.7709948062896728,1.0,0.5,4.204768180847168,1657.9888916015625,9.22326946258545,0.10778150707483292,0.7979177236557007,5.5451555252075195,0.7921831607818604,33.11201858520508,1.3585829734802246,28.62618064880371,0.9069775938987732,21.01935386657715,0.6306983232498169,0.10559423267841339,5.794566631317139,20.89790153503418,1.5494866371154785,204.7571258544922,1.5440833568572998,362.8562316894531,2.9547377380367834e-06,1.1654562870333507e-09,3.8067917823791504,31.73673439025879,42.989112854003906,0.06054122745990753,8.570335388183594,0.3262050151824951
846,74575.8795,98583.8515625,74573.027859375,1.4333303027153015,2.8372831983566282,1.0,0.5,3.4766714572906494,1101.0260009765625,7.622665882110596,0.08206921815872192,0.7033655047416687,4.896871566772461,0.7147051095962524,29.200029373168945,1.3311340808868408,27.838361740112305,0.7984062433242798,18.273035049438477,0.6306983232498169,0.10559423267841339,6.123312950134277,20.27129554748535,1.6252495050430298,187.50660705566406,1.5087685585021973,359.93804931640625,2.9547377380367834e-06,1.1654562870333507e-09,3.265662908554077,27.976802825927734,41.84634780883789,0.058943137526512146,7.643628120422363,0.3109654188156128
847,62024.77515625,166349.875,62021.9217421875,1.4436955242156981,2.8193428592681884,1.0,0.5,4.08276891708374,1463.189208984375,8.611411094665527,0.09543219208717346,0.7658448219299316,5.153038024902344,0.8054565787315369,33.425514221191406,1.3336430788040161,27.490468978881836,0.9379199743270874,21.473257064819336,0.6306983232498169,0.10559423267841339,6.555093765258789,21.973419189453125,1.443739652633667,207.96905517578125,1.5741655826568604,375.2686462402344,2.9547377380367834e-06,1.1654562870333507e-09,3.890993118286133,32.1278190612793,41.72877502441406,0.05927702412009239,8.339557647705078,0.32876476645469666
848,70453.0063125,76052.21875,70450.0233125,1.459396194934845,3.046257501602173,1.0,0.5,4.398240566253662,915.3430786132812,8.944279670715332,0.11134377866983414,0.708881139755249,4.893418312072754,0.787744402885437,32.99742126464844,1.3824944496154785,30.338022232055664,0.9108377695083618,21.25347900390625,0.6306983232498169,0.10559423267841339,6.281744480133057,19.5750675201416,1.633707046508789,209.0582733154297,1.715657114982605,423.5986022949219,2.9547377380367834e-06,1.1654562870333507e-09,3.448275089263916,29.087434768676758,42.63622283935547,0.060014430433511734,8.073179244995117,0.32287922501564026
849,66885.11434375,146637.65625,66882.2947734375,1.4142441282272338,2.8100551328659056,1.0,0.5,4.194024085998535,1354.55078125,8.713529586791992,0.10372743755578995,0.7720776200294495,5.300746917724609,0.8196011185646057,35.209747314453125,1.556295394897461,34.299659729003906,0.8895905613899231,21.371952056884766,0.6306983232498169,0.10559423267841339,7.014405727386475,21.297672271728516,1.4854297637939453,191.53851318359375,1.8036490678787231,420.7246398925781,2.9547377380367834e-06,1.1654562870333507e-09,3.8048393726348877,32.336097717285156,42.95903015136719,0.06003040820360184,8.101649284362793,0.3222348093986511
850,60792.265921875,76241.609375,60789.3824140625,1.4287284145355224,2.910850481033325,1.0,0.5,3.2785680294036865,957.8336791992188,7.965446472167969,0.0943303108215332,0.7154032588005066,4.903565883636475,0.7445288896560669,31.775131225585938,1.2712280750274658,26.436187744140625,0.8659160733222961,20.788114547729492,0.6306983232498169,0.10559423267841339,5.642840385437012,19.867835998535156,1.436971664428711,180.85519409179688,1.4559756517410278,337.4129333496094,2.9547377380367834e-06,1.1654562870333507e-09,3.260239601135254,28.275102615356445,42.54774475097656,0.06011022627353668,7.904263496398926,0.3158204257488251
851,64005.472421875,162475.265625,64002.588890625,1.443937099456787,2.8785198373794554,1.0,0.5,4.111859321594238,1427.165283203125,8.288442611694336,0.08927629888057709,0.7608157396316528,5.234587669372559,0.7868096232414246,32.442562103271484,1.3476717472076416,28.578615188598633,0.8954728841781616,20.719133377075195,0.6306983232498169,0.10559423267841339,6.474138259887695,20.498550415039062,1.649535059928894,215.84542846679688,1.8318030834197998,433.0932922363281,2.9547377380367834e-06,1.1654562870333507e-09,3.761427402496338,30.408262252807617,42.85709762573242,0.05971483513712883,8.285792350769043,0.32811248302459717
852,64310.1586953125,73844.078125,64307.3550234375,1.4163167555332183,2.774898317337036,1.0,0.5,3.5109288692474365,908.4584350585938,8.265789985656738,0.08944635838270187,0.7364941835403442,5.062046527862549,0.7706746459007263,30.870698928833008,1.29658842086792,26.81230926513672,0.8687175512313843,19.570369720458984,0.6306983232498169,0.10559423267841339,5.7303924560546875,19.541030883789062,1.5466790199279785,212.18397521972656,1.5739408731460571,399.99005126953125,2.9547377380367834e-06,1.1654562870333507e-09,3.8837854862213135,31.96183204650879,42.602657318115234,0.05957750976085663,8.234424591064453,0.3287458121776581
853,56286.822765625,79365.25,56284.012421875,1.4837693481445313,2.6532383823394774,1.0,0.5,3.972097396850586,919.6954345703125,8.080859184265137,0.09833864867687225,0.7041122317314148,4.989407062530518,0.7765398025512695,35.661781311035156,1.4858057498931885,34.93192672729492,0.8589656949043274,21.401142120361328,0.6306983232498169,0.10559423267841339,6.542498588562012,21.110403060913086,1.490033745765686,196.26649475097656,1.808326005935669,471.4869384765625,2.9547377380367834e-06,1.1654562870333507e-09,3.6899843215942383,31.78451919555664,42.311256408691406,0.05990764498710632,7.8607916831970215,0.32626330852508545
854,63306.83690625,130780.15625,63304.0316171875,1.466933251619339,2.6768483715057374,1.0,0.5,3.7447831630706787,1266.1138916015625,7.395895481109619,0.07871033996343613,0.6965001225471497,4.9146881103515625,0.8430199027061462,35.39199447631836,1.3490543365478516,30.0186710357666,0.9504079818725586,22.415002822875977,0.6306983232498169,0.10559423267841339,5.952229022979736,20.448719024658203,1.7618238925933838,220.4981689453125,1.7423791885375977,418.61737060546875,2.9547377380367834e-06,1.1654562870333507e-09,3.2457022666931152,29.9502010345459,42.17031478881836,0.059072095900774,8.071587562561035,0.3253422975540161
855,60386.47221875,165187.625,60383.6393046875,1.4099043340682984,2.8455961446762084,1.0,0.5,4.2064008712768555,1421.5491943359375,8.194141387939453,0.09459269046783447,0.7572005391120911,5.435544013977051,0.8170074820518494,34.75824737548828,1.5106604099273682,33.46807861328125,0.9119527339935303,21.55385971069336,0.6306983232498169,0.10559423267841339,7.167125701904297,22.237852096557617,1.645738124847412,217.517578125,1.9184410572052002,489.8936767578125,2.9547377380367834e-06,1.1654562870333507e-09,3.8589425086975098,34.277496337890625,42.07773971557617,0.059437405318021774,8.370929718017578,0.3635287582874298
856,67664.3398671875,98745.546875,67661.4740078125,1.4291675691604615,2.873429606437683,1.0,0.5,3.15008544921875,1070.1605224609375,8.427994728088379,0.09451121091842651,0.7444788217544556,5.129906177520752,0.7820408940315247,33.108821868896484,1.3414452075958252,28.900196075439453,0.8600195646286011,20.583208084106445,0.6306983232498169,0.10559423267841339,5.97152853012085,20.1071720123291,1.4129844903945923,202.5947265625,1.696401596069336,438.6240234375,2.9547377380367834e-06,1.1654562870333507e-09,3.6497249603271484,30.827592849731445,42.54645538330078,0.059917278587818146,8.548446655273438,0.33040276169776917
857,66118.721359375,90359.75,66115.8978359375,1.4757591314315797,2.694511178970337,1.0,0.5,4.471063137054443,1024.1092529296875,8.528482437133789,0.1014016717672348,0.7410394549369812,4.986026287078857,0.8582039475440979,33.54916763305664,1.3862872123718262,29.334091186523438,0.9843129515647888,21.45424461364746,0.6306983232498169,0.10559423267841339,6.235854625701904,19.942607879638672,1.5265796184539795,200.49374389648438,1.7241792678833008,414.9303894042969,2.9547377380367834e-06,1.1654562870333507e-09,3.8427486419677734,31.30405044555664,42.29960632324219,0.059384919703006744,8.139715194702148,0.3234710991382599
858,70891.194921875,134439.03125,70888.497796875,1.4329369835853576,2.5286934022903442,1.0,0.5,3.8577356338500977,1307.8939208984375,7.904778480529785,0.09531359374523163,0.7983264327049255,5.549083709716797,0.8036252856254578,34.91937255859375,1.3151568174362183,31.25360870361328,0.9017074704170227,21.824037551879883,0.6306983232498169,0.10559423267841339,6.115658760070801,21.914146423339844,1.4285670518875122,184.171875,1.602954626083374,365.1122131347656,2.9547377380367834e-06,1.1654562870333507e-09,3.742748975753784,33.58697509765625,42.17506790161133,0.05984801426529884,8.005918502807617,0.3244842290878296
859,56321.6576171875,79683.453125,56318.9500078125,1.4251225476264953,2.56471985912323,1.0,0.5,3.8232195377349854,942.121337890625,7.396342754364014,0.07993665337562561,0.7644418478012085,5.186346530914307,0.8494523167610168,34.32893371582031,1.449000358581543,31.774269104003906,0.9909225702285767,22.082490921020508,0.6306983232498169,0.10559423267841339,7.9598846435546875,21.88063621520996,1.815139889717102,210.23973083496094,1.9441412687301636,423.722412109375,2.9547377380367834e-06,1.1654562870333507e-09,4.303137302398682,32.102943420410156,41.487220764160156,0.05867752432823181,8.117321968078613,0.32497522234916687
860,78599.7878125,117540.4375,78589.50784375,8.981049144268036,2.5965566091537475,1.0,0.5,4.195338249206543,1167.2391357421875,8.488887786865234,0.10502665489912033,0.8263678550720215,5.693477630615234,0.901029646396637,36.56376266479492,1.4069674015045166,31.22138023376465,1.011777400970459,22.475364685058594,0.6306983232498169,0.10559423267841339,6.654778957366943,21.091840744018555,1.5640116930007935,210.3573760986328,1.747085690498352,484.2354736328125,2.9547377380367834e-06,1.1654562870333507e-09,3.684769630432129,32.67890167236328,41.738651275634766,0.0595787838101387,8.302889823913574,0.33655422925949097
861,69829.943421875,151663.109375,69827.144828125,1.4493168640136718,2.6986684112548827,1.0,0.5,3.648679256439209,1397.10205078125,7.622947692871094,0.07902239263057709,0.815513014793396,5.696830749511719,0.7759584188461304,30.720285415649414,1.3148090839385986,28.161903381347656,0.8700346350669861,19.770517349243164,0.6306983232498169,0.10559423267841339,6.1924238204956055,21.900732040405273,1.522528052330017,186.0439910888672,1.5358846187591553,364.84967041015625,2.9547377380367834e-06,1.1654562870333507e-09,3.8515236377716064,31.617294311523438,41.311378479003906,0.05829714238643646,8.059479713439941,0.32106587290763855
862,68196.6761015625,84969.3359375,68193.877125,1.4778341488838196,2.641439688682556,1.0,0.5,3.130436420440674,1009.3501586914062,7.8446149826049805,0.08546566963195801,0.7128578424453735,4.9374260902404785,0.6717022657394409,29.89719009399414,1.179925560951233,26.18430519104004,0.7935648560523987,19.53078842163086,0.6306983232498169,0.10559423267841339,5.4900431632995605,18.498249053955078,1.4498296976089478,194.580322265625,1.4374916553497314,360.2076721191406,2.9547377380367834e-06,1.1654562870333507e-09,3.46574068069458,28.669954299926758,41.45429992675781,0.05882696807384491,7.969974040985107,0.314547061920166
863,62278.92915625,69519.5625,62276.101921875,1.451534957408905,2.7518670082092287,1.0,0.5,3.4071993827819824,880.781494140625,7.920942306518555,0.08338426798582077,0.72178053855896,4.962394714355469,0.7470961809158325,30.808982849121094,1.2823666334152222,27.38533592224121,0.8911962509155273,20.593170166015625,0.6306983232498169,0.10559423267841339,6.3225908279418945,19.48779296875,1.5850732326507568,208.8017120361328,1.4757064580917358,387.87158203125,2.9547377380367834e-06,1.1654562870333507e-09,3.7346043586730957,30.09145164489746,41.56727981567383,0.058632731437683105,8.33098030090332,0.3352743983268738
864,56539.6178828125,79624.3203125,56536.876484375,1.4417663402557372,2.5991920976638796,1.0,0.5,4.219883441925049,977.1634521484375,8.494961738586426,0.09543313086032867,0.6873032450675964,4.703832626342773,0.7474193572998047,29.891908645629883,1.2969231605529785,27.07417869567871,0.8618682622909546,19.59467887878418,0.6306983232498169,0.10559423267841339,6.539340496063232,19.196327209472656,1.4420491456985474,185.47499084472656,1.4685423374176025,349.6064758300781,2.9547377380367834e-06,1.1654562870333507e-09,3.399733781814575,29.031620025634766,41.76939010620117,0.05895127356052399,8.119741439819336,0.3217741549015045
865,59334.569140625,91706.3984375,59331.8280234375,1.4843178234100343,2.513907922744751,1.0,0.5,3.5842907428741455,1044.1602783203125,7.931954383850098,0.08466878533363342,0.6860177516937256,4.7642011642456055,0.722362756729126,29.27620506286621,1.3648004531860352,28.442764282226562,0.8346443176269531,19.05411720275879,0.6306983232498169,0.10559423267841339,6.174452781677246,19.447895050048828,1.4812740087509155,195.0906982421875,1.6134265661239624,390.3382263183594,2.9547377380367834e-06,1.1654562870333507e-09,3.157404899597168,27.239717483520508,41.58198165893555,0.058435872197151184,7.897624492645264,0.3138223886489868
866,62573.956515625,175194.234375,62571.215671875,1.43080144739151,2.6202864542007447,1.0,0.5,3.6946210861206055,1499.9891357421875,8.147285461425781,0.11550241708755493,0.7376137375831604,5.209804058074951,0.7988954782485962,37.399627685546875,1.4799511432647705,34.83235549926758,0.9247499704360962,23.356773376464844,0.6306983232498169,0.10559423267841339,6.0961713790893555,21.678874969482422,1.7898144721984863,207.15859985351562,1.7778956890106201,393.88714599609375,2.9547377380367834e-06,1.1654562870333507e-09,3.3152143955230713,31.822040557861328,42.58095169067383,0.0603565089404583,8.042929649353027,0.3265611529350281
867,58680.6326796875,120082.1640625,58677.83496875,1.4518757891654968,2.691051094055176,1.0,0.5,3.6201727390289307,1234.169677734375,8.275542259216309,0.09255412220954895,0.7583129405975342,5.299918174743652,0.6871388554573059,29.29921531677246,1.2991300821304321,28.232254028320312,0.7945364117622375,19.23032569885254,0.6306983232498169,0.10559423267841339,5.923748970031738,20.163909912109375,1.3786824941635132,181.99632263183594,1.5076353549957275,348.4203186035156,2.9547377380367834e-06,1.1654562870333507e-09,3.474825620651245,31.2032527923584,42.02042770385742,0.05875224620103836,7.915283203125,0.31194788217544556
868,56128.141859375,98285.8984375,56125.1926328125,1.479378226518631,2.9397778129577636,1.0,0.5,3.954467296600342,1105.212646484375,7.623252868652344,0.08255069702863693,0.7404944896697998,5.048660755157471,0.7336552739143372,30.149797439575195,1.385207176208496,28.909019470214844,0.8371103405952454,19.878782272338867,0.6306983232498169,0.10559423267841339,5.882158279418945,20.96712303161621,1.6879442930221558,185.8222198486328,1.5032331943511963,341.18817138671875,2.9547377380367834e-06,1.1654562870333507e-09,3.6622278690338135,30.670019149780273,41.9248161315918,0.058652132749557495,7.789144515991211,0.32528674602508545
869,62868.53934375,102493.84375,62865.729234375,1.4457702193260193,2.7278698110580444,1.0,0.5,3.846346855163574,1123.438232421875,7.694058895111084,0.0872727781534195,0.7145821452140808,4.959166049957275,0.7512900233268738,32.875003814697266,1.2764296531677246,26.689329147338867,0.8739211559295654,21.503753662109375,0.6306983232498169,0.10559423267841339,6.157661437988281,20.974475860595703,1.4723979234695435,194.1912384033203,1.5593292713165283,362.57989501953125,2.9547377380367834e-06,1.1654562870333507e-09,3.666940212249756,29.720094680786133,41.74061965942383,0.0587913803756237,7.9051947593688965,0.31501173973083496
870,61130.250125,71829.515625,61127.377140625,1.4835207862854003,2.7786732482910157,1.0,0.5,3.1899490356445312,909.332763671875,8.451690673828125,0.09091212600469589,0.6780502200126648,4.6636199951171875,0.7503929138183594,31.84132194519043,1.2737927436828613,28.29631996154785,0.8606362342834473,20.53212547302246,0.6306983232498169,0.10559423267841339,6.244536876678467,20.115352630615234,1.399080514907837,189.3074493408203,1.5965739488601685,373.36993408203125,2.9547377380367834e-06,1.1654562870333507e-09,3.372741460800171,28.282255172729492,42.10690689086914,0.059130001813173294,8.458355903625488,0.3227923512458801
871,63703.418390625,84071.828125,63700.633296875,1.4357258868217468,2.6983432636260987,1.0,0.5,4.519768238067627,1000.8936157226562,9.339082717895508,0.11143741011619568,0.6960527300834656,4.787501335144043,0.7838335633277893,31.768901824951172,1.2512648105621338,26.08907699584961,0.8881382942199707,20.375818252563477,0.6306983232498169,0.10559423267841339,6.208702087402344,20.3001766204834,1.497010588645935,192.67800903320312,1.4906365871429443,367.0773620605469,2.9547377380367834e-06,1.1654562870333507e-09,3.41837215423584,27.999736785888672,42.29206848144531,0.05965651571750641,8.13838005065918,0.3141881227493286
872,56295.7755,106319.5234375,56293.02978125,1.4350604043006896,2.6216153831481934,1.0,0.5,4.015718936920166,1125.7802734375,7.981739044189453,0.08981543034315109,0.7758333683013916,5.353216648101807,0.7832658290863037,32.72951126098633,1.3166496753692627,28.323720932006836,0.8817927241325378,20.69179344177246,0.6306983232498169,0.10559423267841339,5.879218101501465,19.95734214782715,1.671716570854187,205.85537719726562,1.6909366846084595,418.32989501953125,2.9547377380367834e-06,1.1654562870333507e-09,3.601294755935669,31.058015823364258,41.59394073486328,0.058956291526556015,8.1338529586792,0.3299929201602936
873,55887.125078125,142636.953125,55883.7474375,1.9861868529319764,2.783451431274414,1.0,0.5,3.6467700004577637,1351.624267578125,7.924798011779785,0.09294062107801437,0.8297355771064758,5.772341728210449,0.7156238555908203,30.342670440673828,1.2677620649337769,25.795963287353516,0.8471896648406982,20.025489807128906,0.6306983232498169,0.10559423267841339,5.807174205780029,18.660404205322266,1.4121099710464478,192.4141845703125,1.4523401260375977,360.06884765625,2.9547377380367834e-06,1.1654562870333507e-09,3.6165218353271484,31.06756591796875,41.76485824584961,0.05915674939751625,7.86815881729126,0.32169216871261597
874,59036.2801484375,79451.5625,59033.5235078125,1.4715987577438354,2.569905255317688,1.0,0.5,3.4526853561401367,960.6663818359375,8.409942626953125,0.09712716192007065,0.7243943214416504,4.97910213470459,0.7260391116142273,31.052324295043945,1.2168285846710205,25.86628532409668,0.8432204127311707,20.175132751464844,0.6306983232498169,0.10559423267841339,6.483395576477051,18.73257827758789,1.3569681644439697,196.78225708007812,1.4840937852859497,383.8430480957031,2.9547377380367834e-06,1.1654562870333507e-09,3.4211478233337402,30.739755630493164,41.70265579223633,0.05904300883412361,8.182558059692383,0.3216431736946106
875,55823.230828125,86745.8828125,55820.555046875,1.472943025112152,2.405635766029358,1.0,0.5,3.536475896835327,1015.8273315429688,8.99207878112793,0.1273377388715744,0.7189001441001892,4.927673816680908,0.671760082244873,30.752670288085938,1.2558374404907227,28.3456974029541,0.7598967552185059,19.06500244140625,0.6306983232498169,0.10559423267841339,5.726578712463379,18.95069122314453,1.3235931396484375,195.83055114746094,1.5825251340866089,375.35205078125,2.9547377380367834e-06,1.1654562870333507e-09,3.2783873081207275,27.925127029418945,42.125030517578125,0.0597158744931221,8.267976760864258,0.3144703507423401
876,47466.761390625,78384.953125,47464.0394609375,1.4723807048797608,2.499253830909729,1.0,0.5,3.5057637691497803,963.2273559570312,8.216814994812012,0.09851560741662979,0.7208191156387329,4.891855716705322,0.707137405872345,29.12677001953125,1.2333089113235474,26.67512321472168,0.815192699432373,18.95390510559082,0.6306983232498169,0.10559423267841339,6.188748359680176,18.808393478393555,1.37053382396698,187.52317810058594,1.5746263265609741,362.2096862792969,2.9547377380367834e-06,1.1654562870333507e-09,3.2858877182006836,30.03491973876953,42.15335464477539,0.05949343740940094,7.793981552124023,0.31361275911331177
877,55284.716890625,92501.7265625,55281.9492578125,1.4074575257301332,2.7199815063476565,1.0,0.5,3.8312594890594482,1037.176513671875,8.4356050491333,0.10191038250923157,0.750066876411438,5.076219081878662,0.7333321571350098,32.624244689941406,1.350644826889038,29.02080535888672,0.8439613580703735,20.58608627319336,0.6306983232498169,0.10559423267841339,6.669086933135986,20.75849151611328,1.4964416027069092,209.5042266845703,1.6347243785858154,414.3381652832031,2.9547377380367834e-06,1.1654562870333507e-09,3.6028239727020264,30.18571662902832,41.9228630065918,0.05950230360031128,8.489943504333496,0.3349437415599823
878,54611.225078125,82671.2890625,54608.5133359375,1.4292513580322266,2.5650899801254274,1.0,0.5,4.2759599685668945,992.7118530273438,8.985367774963379,0.11167991906404495,0.7363234758377075,5.142035484313965,0.7661545872688293,31.871042251586914,1.2546217441558838,28.19053840637207,0.9030275940895081,20.63789176940918,0.6306983232498169,0.10559423267841339,6.066839694976807,19.914827346801758,1.3939586877822876,197.63116455078125,1.470247745513916,359.5965881347656,2.9547377380367834e-06,1.1654562870333507e-09,3.6302952766418457,29.51865577697754,41.8692741394043,0.05894891545176506,8.213896751403809,0.3167913258075714
879,58677.9858203125,101302.625,58675.23703125,1.4529194848537446,2.5921199159622192,1.0,0.5,2.9215950965881348,1085.4146728515625,7.692424297332764,0.08390357345342636,0.7271751761436462,5.090423107147217,0.7382256388664246,32.805641174316406,1.3289191722869873,29.936891555786133,0.8277007341384888,19.823081970214844,0.6306983232498169,0.10559423267841339,6.775317192077637,21.3472900390625,1.4873569011688232,208.05111694335938,1.7098079919815063,439.4986572265625,2.9547377380367834e-06,1.1654562870333507e-09,3.3644356727600098,28.24071502685547,41.8449821472168,0.059171631932258606,7.928125381469727,0.3171823024749756
880,53809.2973828125,78434.46875,53806.6119921875,1.438793046951294,2.493000862121582,1.0,0.5,3.581557512283325,941.1121826171875,8.259021759033203,0.09553135186433792,0.7401033043861389,5.092896938323975,0.7182244062423706,30.893335342407227,1.2641923427581787,27.733667373657227,0.8012971878051758,19.235292434692383,0.6306983232498169,0.10559423267841339,6.0310845375061035,19.115934371948242,1.3961294889450073,198.47332763671875,1.6233761310577393,411.84954833984375,2.9547377380367834e-06,1.1654562870333507e-09,3.460245132446289,29.51539421081543,42.41408920288086,0.05996399372816086,8.042624473571777,0.3199436068534851
881,52773.55071875,80698.1640625,52770.7581171875,1.4521249237060547,2.681382305145264,1.0,0.5,3.330414295196533,976.029541015625,7.5095906257629395,0.07740489393472672,0.711346447467804,4.9851484298706055,0.7648661136627197,31.042224884033203,1.2556116580963135,27.014711380004883,0.8854175209999084,20.253276824951172,0.6306983232498169,0.10559423267841339,6.099884986877441,19.35051918029785,1.4338325262069702,193.24359130859375,1.5368715524673462,369.50274658203125,2.9547377380367834e-06,1.1654562870333507e-09,3.305079698562622,27.20306968688965,42.35240936279297,0.059478532522916794,7.925848484039307,0.31380999088287354
882,49651.0747421875,153656.71875,49648.33115625,1.4103100595474243,2.666550832748413,1.0,0.5,5.2995076179504395,1321.763916015625,8.895594596862793,0.10220829397439957,0.7052056789398193,4.932866096496582,0.7915036082267761,34.594879150390625,1.6782833337783813,37.760414123535156,0.8471238613128662,20.16428565979004,0.6306983232498169,0.10559423267841339,7.965595245361328,23.239517211914062,2.0125138759613037,243.2387237548828,2.498098134994507,583.1795654296875,2.9547377380367834e-06,1.1654562870333507e-09,3.8118388652801514,35.41739273071289,41.87789535522461,0.05876685678958893,8.77816104888916,0.35924965143203735
883,53786.845546875,196738.453125,53783.9825703125,1.452367910385132,2.8210385904312134,1.0,0.5,4.041928768157959,1598.49267578125,8.034598350524902,0.08689875155687332,0.7527245879173279,5.254998683929443,0.7386623024940491,29.87022590637207,1.2976540327072144,27.598087310791016,0.820600688457489,18.417396545410156,0.6306983232498169,0.10559423267841339,6.244241237640381,20.1776180267334,1.4506012201309204,196.15243530273438,1.6160249710083008,396.7939758300781,2.9547377380367834e-06,1.1654562870333507e-09,3.351389169692993,28.06711769104004,41.67197036743164,0.058912280946969986,7.687559604644775,0.3081742823123932
884,47402.81736328125,47854.0859375,47400.12696875,1.4100851855278016,2.5607208042144776,1.0,0.5,3.0220563411712646,681.8740234375,7.741213798522949,0.08298107981681824,0.6533277034759521,4.671234607696533,0.719076931476593,31.176362991333008,1.2401214838027954,26.741544723510742,0.839095950126648,20.326406478881836,0.6306983232498169,0.10559423267841339,5.806007385253906,18.49126625061035,1.6477961540222168,211.16464233398438,1.5209672451019287,396.3945617675781,2.9547377380367834e-06,1.1654562870333507e-09,3.331725597381592,28.27903938293457,42.11285400390625,0.0594913624227047,8.130425453186035,0.31830915808677673
885,52627.07340625,158826.5,52624.3621875,1.4504081311225892,2.5220428266525268,1.0,0.5,3.61565899848938,1418.12060546875,7.223300457000732,0.0750700831413269,0.6473981738090515,4.6298747062683105,0.6912533640861511,29.95218849182129,1.2961918115615845,28.05717658996582,0.7970927953720093,19.295942306518555,0.6306983232498169,0.10559423267841339,6.293223857879639,20.48590850830078,1.5835788249969482,196.24607849121094,1.634473204612732,412.9313049316406,2.9547377380367834e-06,1.1654562870333507e-09,3.3293380737304688,30.973390579223633,42.25907516479492,0.05932376906275749,7.942210674285889,0.3308873772621155
886,54939.0226640625,83639.15625,54936.2798984375,1.4472739663124083,2.590194220542908,1.0,0.5,3.5380818843841553,989.0700073242188,7.826895236968994,0.08229551464319229,0.6589193344116211,4.561723709106445,0.7290579676628113,30.125595092773438,1.1839560270309448,25.61127281188965,0.8280777335166931,19.342914581298828,0.6306983232498169,0.10559423267841339,5.508515357971191,19.792985916137695,1.5171442031860352,195.6852569580078,1.51581871509552,388.8875427246094,2.9547377380367834e-06,1.1654562870333507e-09,3.271393060684204,28.095293045043945,42.23795700073242,0.059350818395614624,7.91541862487793,0.31780996918678284
887,54159.4503828125,71350.6640625,54156.7141953125,1.4257989959716797,2.6203218030929567,1.0,0.5,2.9081690311431885,908.0392456054688,7.632577419281006,0.08261977136135101,0.6769306659698486,4.5659403800964355,0.7029323577880859,28.910051345825195,1.2126535177230835,25.62839698791504,0.8065263628959656,18.78241729736328,0.6306983232498169,0.10559423267841339,5.881407260894775,19.608863830566406,1.2968207597732544,182.606201171875,1.4866446256637573,371.3670349121094,2.9547377380367834e-06,1.1654562870333507e-09,3.462982654571533,29.02271270751953,41.92912292480469,0.05896473675966263,7.877993583679199,0.3202770948410034
888,49140.3080390625,67369.9296875,49137.5570703125,1.4588208384513854,2.5843820629119874,1.0,0.5,4.279139518737793,871.5983276367188,8.458892822265625,0.10202775150537491,0.6950169205665588,4.907210350036621,0.7570075988769531,31.400650024414062,1.3023852109909058,27.68130874633789,0.8474752306938171,19.378904342651367,0.6306983232498169,0.10559423267841339,6.573233127593994,20.003385543823242,1.4194707870483398,189.69102478027344,1.558000087738037,379.6036071777344,2.9547377380367834e-06,1.1654562870333507e-09,3.373037338256836,28.97049331665039,41.9870719909668,0.05891355499625206,7.488676071166992,0.3190850615501404
889,54151.17759375,49994.5078125,54148.4455,1.4257386269569396,2.612576063156128,1.0,0.5,3.186129093170166,715.0916748046875,7.542760848999023,0.08177796006202698,0.6922075152397156,4.751068592071533,0.7750312089920044,31.94829559326172,1.2466168403625488,27.622989654541016,0.895930826663971,20.487407684326172,0.6306983232498169,0.10559423267841339,6.179462432861328,18.135982513427734,1.330746054649353,194.5863037109375,1.5822749137878418,383.7799072265625,2.9547377380367834e-06,1.1654562870333507e-09,3.4272406101226807,28.963626861572266,41.960723876953125,0.059079695492982864,7.886197566986084,0.309696227312088
890,49122.8968046875,218617.859375,49120.1802734375,1.457406992673874,2.518657525062561,1.0,0.5,4.120687961578369,1682.771240234375,7.939405918121338,0.1009243056178093,0.8073506951332092,5.619568824768066,0.8197689652442932,33.9719123840332,1.444653034210205,30.61935043334961,0.9537551403045654,21.73697280883789,0.6306983232498169,0.10559423267841339,6.639551162719727,23.002511978149414,1.6081852912902832,221.95437622070312,1.6866101026535034,418.9145202636719,2.9547377380367834e-06,1.1654562870333507e-09,3.8845572471618652,32.10536575317383,42.02851486206055,0.05981305614113808,8.116796493530273,0.3293941020965576
891,52420.760375,62279.1875,52418.0980234375,1.4285772385597229,2.4674971380233766,1.0,0.5,4.01514196395874,826.6284790039062,8.255365371704102,0.0935981422662735,0.7386804223060608,5.020843982696533,0.748139500617981,31.4969539642334,1.26382315158844,28.232851028442383,0.8596904277801514,20.388246536254883,0.6306983232498169,0.10559423267841339,6.010671138763428,18.854928970336914,1.6490942239761353,202.4781494140625,1.5512875318527222,379.5903625488281,2.9547377380367834e-06,1.1654562870333507e-09,3.5165317058563232,29.997093200683594,41.69880676269531,0.05885269492864609,8.13021183013916,0.32698532938957214
892,45097.3215234375,68315.2421875,45094.6376640625,1.4467395133972167,2.4734077959060667,1.0,0.5,3.997150421142578,871.12060546875,8.169048309326172,0.10445640236139297,0.734564483165741,4.983299732208252,0.780705451965332,31.357908248901367,1.2701330184936523,27.352035522460938,0.8822317123413086,19.909412384033203,0.6306983232498169,0.10559423267841339,6.737368583679199,19.79951286315918,1.4641841650009155,200.43167114257812,1.553349256515503,392.4463195800781,2.9547377380367834e-06,1.1654562870333507e-09,3.4179937839508057,28.421804428100586,42.326961517333984,0.05948958918452263,7.998445510864258,0.3192790448665619
893,50859.1444375,136043.6875,50856.3724609375,1.4831797466278076,2.577976245880127,1.0,0.5,3.368851900100708,1312.67822265625,7.5332136154174805,0.08812136948108673,0.6933519244194031,4.807427406311035,0.705647885799408,29.56952667236328,1.204852819442749,26.019712448120117,0.8144456744194031,19.157169342041016,0.6306983232498169,0.10559423267841339,5.848170280456543,19.929101943969727,1.449365496635437,196.14297485351562,1.5246518850326538,373.9449768066406,2.9547377380367834e-06,1.1654562870333507e-09,3.3206517696380615,28.624624252319336,42.52648162841797,0.059741999953985214,7.6974897384643555,0.3162667453289032
894,45085.0217109375,93546.5703125,45082.296296875,1.448386986732483,2.5546670818328856,1.0,0.5,4.092400550842285,1049.6912841796875,8.471888542175293,0.09703085571527481,0.7086148858070374,4.896492958068848,0.7286155819892883,31.760848999023438,1.2857534885406494,28.69725799560547,0.8227143287658691,20.5263729095459,0.6306983232498169,0.10559423267841339,6.220004558563232,19.357105255126953,1.6165947914123535,203.13247680664062,1.5242801904678345,403.73480224609375,2.9547377380367834e-06,1.1654562870333507e-09,3.4435737133026123,29.33755111694336,42.18590545654297,0.05934121832251549,8.242264747619629,0.3346203863620758
895,45987.867640625,109737.0625,45985.0384921875,1.4618279509544372,2.7344801416397093,1.0,0.5,4.6514739990234375,1133.66064453125,8.801339149475098,0.11417471617460251,0.7101494073867798,4.966526985168457,0.7596156597137451,32.91922378540039,1.3681387901306152,29.70660400390625,0.8773444294929504,21.03566551208496,0.6306983232498169,0.10559423267841339,6.259439945220947,20.852319717407227,1.590063452720642,217.5692138671875,1.7364634275436401,447.18292236328125,2.9547377380367834e-06,1.1654562870333507e-09,3.4487457275390625,30.5362491607666,42.428287506103516,0.05958404392004013,8.163421630859375,0.33887815475463867
896,47590.897703125,82490.65625,47588.046015625,1.4407469964027404,2.822016351699829,1.0,0.5,2.918323040008545,965.8175048828125,7.750438213348389,0.09567771852016449,0.695237398147583,4.883998394012451,0.7517011761665344,31.550703048706055,1.2432069778442383,27.5059757232666,0.861892580986023,19.78441047668457,0.6306983232498169,0.10559423267841339,6.148508548736572,18.66411018371582,1.5490621328353882,198.1641387939453,1.5751596689224243,423.58465576171875,2.9547377380367834e-06,1.1654562870333507e-09,3.2711386680603027,28.88690185546875,42.445884704589844,0.05992041155695915,8.007503509521484,0.3265710473060608
897,47184.84825,64691.76953125,47182.07321875,1.4455873227119447,2.6588653230667116,1.0,0.5,3.723672389984131,847.8187255859375,8.161301612854004,0.09753071516752243,0.7003621459007263,4.800131797790527,0.6947076916694641,28.982885360717773,1.3720980882644653,27.762168884277344,0.7977536916732788,18.910348892211914,0.6306983232498169,0.10559423267841339,6.489720344543457,20.51307487487793,1.485557198524475,196.22665405273438,1.5638306140899658,380.91351318359375,2.9547377380367834e-06,1.1654562870333507e-09,3.3240225315093994,29.211360931396484,42.130523681640625,0.05927024036645889,7.911140441894531,0.3297744691371918
898,41913.603375,86894.796875,41910.85878125,1.4318352365493774,2.6253648414611814,1.0,0.5,4.06627082824707,1009.8922729492188,8.774343490600586,0.11344140022993088,0.7511002421379089,5.10220193862915,0.7295644879341125,30.803752899169922,1.2831857204437256,27.809450149536133,0.8537912964820862,20.22475242614746,0.6306983232498169,0.10559423267841339,5.773828983306885,19.816450119018555,1.3362269401550293,200.21804809570312,1.5502225160598755,391.149658203125,2.9547377380367834e-06,1.1654562870333507e-09,3.4640767574310303,31.40987205505371,42.530364990234375,0.05997054651379585,7.8614182472229,0.32482871413230896
899,47153.359921875,63073.4140625,47150.6985625,1.4345335311889649,2.4534122476577758,1.0,0.5,3.7202491760253906,843.3630981445312,8.191767692565918,0.10867186635732651,0.7579421997070312,5.073845863342285,0.7042911648750305,29.795883178710938,1.2576614618301392,27.83890151977539,0.802603542804718,18.84605598449707,0.6306983232498169,0.10559423267841339,6.734911918640137,19.24992561340332,1.3026427030563354,182.47079467773438,1.4603915214538574,367.6498107910156,2.9547377380367834e-06,1.1654562870333507e-09,3.588204860687256,29.45111656188965,42.3515510559082,0.05994291231036186,7.870498180389404,0.31991496682167053
900,41152.486078125,78011.8125,41149.7567734375,1.4974219136238098,2.4637614641189574,1.0,0.5,3.115140199661255,966.720703125,7.747010231018066,0.08919308334589005,0.7006842494010925,4.788290500640869,0.6972723603248596,29.56723976135254,1.1644675731658936,25.423051834106445,0.805344820022583,19.134870529174805,0.6306983232498169,0.10559423267841339,6.4503326416015625,18.871814727783203,1.4185651540756226,179.1270294189453,1.3774441480636597,349.8004455566406,2.9547377380367834e-06,1.1654562870333507e-09,3.3959784507751465,29.682544708251953,42.311702728271484,0.05987391248345375,7.77908182144165,0.316794753074646
901,47652.13834375,57944.734375,47649.4079765625,1.4618723540306091,2.5374393148422243,1.0,0.5,3.1567764282226562,797.140869140625,7.98250150680542,0.10841293632984161,0.6849327087402344,4.656928539276123,0.7358283996582031,30.958141326904297,1.2951403856277466,27.500768661499023,0.8398305773735046,19.728961944580078,0.6306983232498169,0.10559423267841339,6.251128196716309,18.552385330200195,1.415263056755066,190.30459594726562,1.48665189743042,369.0810241699219,2.9547377380367834e-06,1.1654562870333507e-09,3.3526008129119873,29.390188217163086,42.56232452392578,0.05987291783094406,7.8313679695129395,0.3148750066757202
902,41097.5462578125,77234.3984375,41094.8698203125,1.4418411507606506,2.469099190711975,1.0,0.5,4.186117649078369,962.4012451171875,9.341434478759766,0.15396620333194733,0.7107318043708801,4.9156646728515625,0.6961032152175903,31.40647315979004,1.2487796545028687,29.967987060546875,0.8088378310203552,19.725948333740234,0.6306983232498169,0.10559423267841339,6.305648326873779,19.175382614135742,1.4149665832519531,187.2610626220703,1.336321473121643,341.1445617675781,2.9547377380367834e-06,1.1654562870333507e-09,3.441816568374634,30.507434844970703,42.70998764038086,0.06037307158112526,7.994271278381348,0.32194453477859497
903,47966.96203125,53571.375,47964.1859375,1.4776754593849182,2.5963967666625978,1.0,0.5,3.024813175201416,755.1033325195312,7.793371200561523,0.09454766660928726,0.6743370890617371,4.673884391784668,0.6725084185600281,29.568443298339844,1.1866376399993896,26.842437744140625,0.7931262254714966,19.226348876953125,0.6306983232498169,0.10559423267841339,5.999995231628418,18.56624984741211,1.3645614385604858,199.26416015625,1.3961601257324219,370.17950439453125,2.9547377380367834e-06,1.1654562870333507e-09,3.276756763458252,26.938331604003906,42.77326583862305,0.060120612382888794,8.011364936828613,0.3149000108242035
904,43523.75124609375,67801.34375,43520.98101953125,1.4492144012451171,2.6421981534957886,1.0,0.5,3.5865116119384766,878.9943237304688,8.253314971923828,0.10033074021339417,0.7223923802375793,4.998408317565918,0.7370143532752991,31.265104293823242,1.2829618453979492,28.13105010986328,0.8437044024467468,19.78948211669922,0.6306983232498169,0.10559423267841339,6.087727069854736,18.895145416259766,1.3329170942306519,191.97439575195312,1.512134313583374,369.2114562988281,2.9547377380367834e-06,1.1654562870333507e-09,3.4447762966156006,29.175167083740234,42.4460334777832,0.05988964065909386,7.825804710388184,0.30819186568260193
905,41551.1595625,120559.6171875,41548.4599609375,1.4433602643013002,2.512443181991577,1.0,0.5,3.2769858837127686,1232.8641357421875,7.700913429260254,0.09039682894945145,0.6888165473937988,4.839138507843018,0.6403502821922302,29.01804542541504,1.158146619796753,26.391925811767578,0.7490050792694092,18.823814392089844,0.6306983232498169,0.10559423267841339,5.783318519592285,18.076732635498047,1.2565752267837524,185.55323791503906,1.4389578104019165,361.1009216308594,2.9547377380367834e-06,1.1654562870333507e-09,3.1700034141540527,28.12114143371582,42.27642822265625,0.059534355998039246,7.759998798370361,0.3137221038341522
906,43805.76091015625,83786.8828125,43802.9816640625,1.4407744717597961,2.6776042470932007,1.0,0.5,3.1287152767181396,992.7491455078125,7.552176475524902,0.08954350650310516,0.6871694326400757,4.780606269836426,0.7372248768806458,31.32984161376953,1.239465594291687,28.175853729248047,0.8417377471923828,19.78594207763672,0.6306983232498169,0.10559423267841339,5.690127372741699,19.256832122802734,1.2482589483261108,189.53807067871094,1.5382347106933594,384.8641662597656,2.9547377380367834e-06,1.1654562870333507e-09,3.3180410861968994,28.934938430786133,42.433387756347656,0.05976363271474838,7.970067024230957,0.3122756779193878
907,39349.4997890625,87024.3671875,39346.7936796875,1.4319831175804139,2.5485096635818483,1.0,0.5,3.1623733043670654,995.915771484375,7.6045074462890625,0.09067512303590775,0.6903336048126221,4.810168743133545,0.6861487627029419,30.027992248535156,1.2739505767822266,28.488664627075195,0.77492755651474,18.814552307128906,0.6306983232498169,0.10559423267841339,6.346158027648926,19.016490936279297,1.4127392768859863,200.52249145507812,1.6142975091934204,427.7414245605469,2.9547377380367834e-06,1.1654562870333507e-09,3.3235695362091064,29.091567993164062,42.151668548583984,0.05924693122506142,7.787186622619629,0.3209329843521118
908,46049.9812265625,85059.2421875,46047.3410546875,1.45070982837677,2.3784657707214354,1.0,0.5,3.5064644813537598,986.5895385742188,8.150064468383789,0.09484797716140747,0.6794187426567078,4.763906478881836,0.6391245126724243,28.82470703125,1.2294937372207642,27.30092430114746,0.7370856404304504,18.78309440612793,0.6306983232498169,0.10559423267841339,5.682234287261963,18.24273109436035,1.5432989597320557,216.01156616210938,1.4702762365341187,409.44427490234375,2.9547377380367834e-06,1.1654562870333507e-09,3.447685480117798,29.28571891784668,42.27811813354492,0.05961374193429947,8.139034271240234,0.3268336355686188
909,44601.502515625,66830.2890625,44598.815953125,1.4260443234443665,2.5211219425201414,1.0,0.5,3.763444423675537,856.9656982421875,7.985562801361084,0.09168395400047302,0.7065615057945251,4.90353536605835,0.6972963213920593,29.74700355529785,1.2740870714187622,27.91746711730957,0.7851800918579102,19.09011459350586,0.6306983232498169,0.10559423267841339,5.7140326499938965,18.437570571899414,1.4180035591125488,200.93495178222656,1.6150660514831543,396.9934387207031,2.9547377380367834e-06,1.1654562870333507e-09,3.3344194889068604,28.980302810668945,42.40934371948242,0.05958190932869911,7.7327070236206055,0.30448848009109497
910,40556.131171875,64408.0,40553.4776796875,1.438663465499878,2.4298856515884397,1.0,0.5,3.5943069458007812,854.2904052734375,8.205803871154785,0.10771144926548004,0.6883639097213745,4.701150417327881,0.7361213564872742,30.921911239624023,1.2251032590866089,27.478294372558594,0.8658148050308228,19.92205047607422,0.6306983232498169,0.10559423267841339,6.211135387420654,19.14410972595215,1.2968976497650146,186.8287811279297,1.4325953722000122,365.5517272949219,2.9547377380367834e-06,1.1654562870333507e-09,3.306957244873047,29.11083221435547,42.27104949951172,0.05971533805131912,7.693534851074219,0.31166350841522217
911,41724.892921875,66009.890625,41722.247890625,1.4331185293197632,2.4237886934280395,1.0,0.5,3.4609134197235107,850.7944946289062,8.102291107177734,0.09797323495149612,0.6956009864807129,4.744963645935059,0.7361646890640259,31.607868194580078,1.2262144088745117,27.232263565063477,0.8586556911468506,20.330368041992188,0.6306983232498169,0.10559423267841339,6.554313659667969,19.22274398803711,1.3775360584259033,206.4146270751953,1.5061742067337036,392.71392822265625,2.9547377380367834e-06,1.1654562870333507e-09,3.600447177886963,29.786609649658203,42.48069763183594,0.05990644916892052,7.974555969238281,0.3158037066459656
912,38984.9468203125,72175.609375,38982.3119765625,1.4352970447540283,2.3993448295593263,1.0,0.5,3.469609498977661,923.4843139648438,7.958155632019043,0.09566574543714523,0.7022427916526794,4.857738494873047,0.6837778091430664,29.19852066040039,1.140843391418457,24.6290225982666,0.8065813183784485,19.1237735748291,0.6306983232498169,0.10559423267841339,5.887571811676025,18.693016052246094,1.295082688331604,184.78878784179688,1.3930296897888184,347.12481689453125,2.9547377380367834e-06,1.1654562870333507e-09,3.277791738510132,27.784685134887695,42.60026550292969,0.059974927455186844,8.028972625732422,0.31184569001197815
913,37715.0920625,95435.25,37712.40459375,1.4624407243728639,2.4503789567947387,1.0,0.5,3.0725185871124268,1079.569091796875,7.589985370635986,0.08571048080921173,0.6773461103439331,4.68668270111084,0.6629396080970764,30.36066436767578,1.1626554727554321,25.37689208984375,0.783678412437439,19.808120727539062,0.6306983232498169,0.10559423267841339,5.786431789398193,18.90944480895996,1.3061083555221558,189.57925415039062,1.4383571147918701,362.5749206542969,2.9547377380367834e-06,1.1654562870333507e-09,3.3573694229125977,29.375783920288086,42.50748825073242,0.059918515384197235,7.735105514526367,0.30876192450523376
914,40840.09971875,53605.4375,40837.454609375,1.4006549634933472,2.4884840993881228,1.0,0.5,3.084155559539795,755.0512084960938,7.875298500061035,0.09648425132036209,0.6671210527420044,4.587959289550781,0.6725426912307739,29.782697677612305,1.1767375469207764,26.331317901611328,0.7819315195083618,19.03679084777832,0.6306983232498169,0.10559423267841339,5.70703125,18.29488754272461,1.3256573677062988,187.0988311767578,1.4192556142807007,377.2602233886719,2.9547377380367834e-06,1.1654562870333507e-09,3.250359058380127,26.86556625366211,42.38373947143555,0.059827275574207306,7.824165344238281,0.3062003552913666
915,44595.0672421875,69529.671875,44592.2839921875,1.452804175376892,2.6609842262268066,1.0,0.5,2.9875497817993164,890.8213500976562,7.488708972930908,0.08738266676664352,0.6795920133590698,4.678287029266357,0.6241843700408936,27.735044479370117,1.1479225158691406,25.19382095336914,0.7363101243972778,17.972265243530273,0.6306983232498169,0.10559423267841339,5.902717590332031,17.688364028930664,1.3132191896438599,183.00048828125,1.4598394632339478,378.9346008300781,2.9547377380367834e-06,1.1654562870333507e-09,3.032499313354492,26.223003387451172,42.442134857177734,0.059732675552368164,7.64541482925415,0.30072346329689026
916,41270.77936328125,54911.84765625,41268.06820703125,1.4605357422828675,2.5012418956756592,1.0,0.5,3.542365550994873,772.1815795898438,8.23798942565918,0.1090017706155777,0.7381958961486816,5.10044002532959,0.7172898650169373,30.867795944213867,1.2397363185882568,27.60289192199707,0.8281154632568359,19.471303939819336,0.6306983232498169,0.10559423267841339,6.037558078765869,19.124530792236328,1.2758952379226685,184.62509155273438,1.3861935138702393,367.5146484375,2.9547377380367834e-06,1.1654562870333507e-09,3.342719793319702,28.97943687438965,42.54429244995117,0.05996016040444374,7.817788600921631,0.31438595056533813
917,41369.7988515625,99313.078125,41367.06878125,1.4706524810791015,2.519041018486023,1.0,0.5,3.206085681915283,1084.9716796875,7.61250114440918,0.09301956743001938,0.6865630745887756,4.754916191101074,0.7063003778457642,31.26333236694336,1.2469673156738281,28.713212966918945,0.8034759163856506,19.307844161987305,0.6306983232498169,0.10559423267841339,6.051011085510254,19.51700210571289,1.2547663450241089,189.92274475097656,1.7142468690872192,416.7133483886719,2.9547377380367834e-06,1.1654562870333507e-09,3.31620192527771,29.968576431274414,42.69121551513672,0.06028071790933609,7.898357391357422,0.31711557507514954
918,36207.6391796875,94335.6640625,36204.9001484375,1.4608911521434784,2.556397410392761,1.0,0.5,3.443480968475342,1074.0133056640625,7.681710243225098,0.09348353743553162,0.6941647529602051,4.799399375915527,0.6826529502868652,30.03364372253418,1.2185566425323486,26.445798873901367,0.7865132093429565,19.295814514160156,0.6306983232498169,0.10559423267841339,5.916199684143066,18.606586456298828,1.4758226871490479,188.1958770751953,1.391032099723816,358.61334228515625,2.9547377380367834e-06,1.1654562870333507e-09,3.3003077507019043,28.423015594482422,42.70224380493164,0.06017443165183067,7.663456916809082,0.30882200598716736
919,37540.4150078125,73633.140625,37537.6656953125,1.465446035861969,2.567740140914917,1.0,0.5,3.2708425521850586,896.8829345703125,7.565343379974365,0.08785317838191986,0.7153853178024292,4.898041248321533,0.7234792113304138,31.743080139160156,1.2753058671951294,29.7924861907959,0.8103780746459961,19.22552490234375,0.6306983232498169,0.10559423267841339,6.125030994415283,19.424829483032227,1.2341593503952026,188.68455505371094,1.6767373085021973,432.84210205078125,2.9547377380367834e-06,1.1654562870333507e-09,3.293839454650879,28.675745010375977,42.571510314941406,0.06023598834872246,7.806847095489502,0.3165348768234253
920,40762.34128125,66155.484375,40759.6967578125,1.4048841149806977,2.479217221260071,1.0,0.5,3.1538703441619873,885.7135009765625,7.4122233390808105,0.08594762533903122,0.6850548982620239,4.786336898803711,0.6617425084114075,28.072357177734375,1.1833724975585938,25.35192108154297,0.7846488356590271,18.50499725341797,0.6306983232498169,0.10559423267841339,5.817709445953369,18.130064010620117,1.3611341714859009,176.20411682128906,1.3312737941741943,328.2421569824219,2.9547377380367834e-06,1.1654562870333507e-09,3.271061658859253,27.389846801757812,42.79869842529297,0.06024409830570221,7.476362705230713,0.30389106273651123
921,35540.0775390625,68789.2109375,35537.3827265625,1.4434780974388122,2.5025537061691283,1.0,0.5,3.0405423641204834,881.3690185546875,7.679625034332275,0.08842942863702774,0.6801276206970215,4.667937278747559,0.6524274945259094,29.94451332092285,1.2061887979507446,27.07794189453125,0.7247791886329651,18.274707794189453,0.6306983232498169,0.10559423267841339,5.829103469848633,18.802112579345703,1.3625781536102295,182.8529815673828,1.4505670070648193,386.9211120605469,2.9547377380367834e-06,1.1654562870333507e-09,3.177055835723877,27.068859100341797,42.55491256713867,0.060092128813266754,7.513304233551025,0.30470117926597595
922,36786.5556953125,60569.296875,36783.9231796875,1.4403557062149048,2.3845417499542236,1.0,0.5,2.9275455474853516,816.1978149414062,7.731293678283691,0.0962110087275505,0.675589382648468,4.632737636566162,0.6707379221916199,29.53404426574707,1.1485939025878906,25.930744171142578,0.7906386852264404,19.171659469604492,0.6306983232498169,0.10559423267841339,5.506008625030518,18.215145111083984,1.2804912328720093,197.513671875,1.4347941875457764,373.8650207519531,2.9547377380367834e-06,1.1654562870333507e-09,3.238736867904663,26.76996421813965,42.93039321899414,0.060555350035429,7.803727626800537,0.31054356694221497
923,34593.9086875,55051.921875,34591.25778515625,1.471835874557495,2.358128904342651,1.0,0.5,3.2919461727142334,768.0498657226562,8.151871681213379,0.10619410872459412,0.6680743098258972,4.652264595031738,0.6561381816864014,29.49531364440918,1.2005615234375,27.178144454956055,0.772183895111084,18.994369506835938,0.6306983232498169,0.10559423267841339,6.075042247772217,18.575725555419922,1.315368890762329,193.73199462890625,1.4337754249572754,374.41693115234375,2.9547377380367834e-06,1.1654562870333507e-09,3.199218988418579,27.337331771850586,42.87308120727539,0.0603659562766552,7.823035717010498,0.314164400100708
924,36772.398109375,81884.9140625,36769.715921875,1.491706416130066,2.381906051635742,1.0,0.5,4.114428520202637,971.3925170898438,8.346626281738281,0.11725439131259918,0.6852296590805054,4.799685955047607,0.7261942625045776,34.37791442871094,1.3202959299087524,31.42479705810547,0.8279088735580444,21.224767684936523,0.6306983232498169,0.10559423267841339,6.871533393859863,20.05155372619629,1.4729613065719604,200.3292236328125,1.595435619354248,398.45550537109375,2.9547377380367834e-06,1.1654562870333507e-09,3.2726352214813232,28.612157821655273,42.946231842041016,0.06074206158518791,7.853453636169434,0.31345081329345703
925,35241.8528046875,44905.203125,35239.041953125,1.480982298374176,2.6591211357116697,1.0,0.5,2.745786666870117,674.7359619140625,7.498841762542725,0.09249219298362732,0.6614207029342651,4.601627349853516,0.6684489846229553,29.218656539916992,1.183593511581421,26.147232055664062,0.7790830731391907,19.12641143798828,0.6306983232498169,0.10559423267841339,5.856662750244141,18.7791805267334,1.2475305795669556,186.34019470214844,1.375732421875,368.2007141113281,2.9547377380367834e-06,1.1654562870333507e-09,3.1217050552368164,28.46643829345703,42.72908401489258,0.060136351734399796,7.495383262634277,0.3193732500076294
926,34094.64497265625,52947.30859375,34091.9485703125,1.4536189970970155,2.4858148956298827,1.0,0.5,3.382073402404785,758.3164672851562,7.956709861755371,0.09941105544567108,0.6841154098510742,4.656292915344238,0.7217923402786255,30.581165313720703,1.231194257736206,25.57415008544922,0.829313337802887,19.84052848815918,0.6306983232498169,0.10559423267841339,5.972480297088623,18.25598907470703,1.3480286598205566,191.55499267578125,1.435005784034729,355.490966796875,2.9547377380367834e-06,1.1654562870333507e-09,3.2678887844085693,28.125764846801758,42.67322540283203,0.06026333197951317,7.646902084350586,0.3075072467327118
927,34702.086984375,47757.7265625,34699.402875,1.4382983655929567,2.4915793743133543,1.0,0.5,3.127882957458496,693.6923217773438,7.779580116271973,0.09413686394691467,0.668395459651947,4.569769859313965,0.6760609149932861,29.655681610107422,1.1543021202087402,25.289295196533203,0.7847583889961243,19.2620792388916,0.6306983232498169,0.10559423267841339,5.815072059631348,17.68130874633789,1.2944698333740234,196.49217224121094,1.5107142925262451,381.8722229003906,2.9547377380367834e-06,1.1654562870333507e-09,3.1506543159484863,26.78573989868164,42.75339126586914,0.060154255479574203,7.604811191558838,0.3063255250453949
928,33897.287015625,72324.3046875,33894.5686328125,1.4604564695358275,2.515657507896423,1.0,0.5,3.2620747089385986,904.0855712890625,8.192749977111816,0.10755304247140884,0.6984761953353882,4.818863391876221,0.7215470671653748,31.573776245117188,1.2252033948898315,28.278118133544922,0.834740161895752,20.137704849243164,0.6306983232498169,0.10559423267841339,5.975831508636475,18.693408966064453,1.3148612976074219,193.97337341308594,1.5034780502319336,392.5108642578125,2.9547377380367834e-06,1.1654562870333507e-09,3.3714234828948975,29.69264030456543,42.889320373535156,0.06053369864821434,7.964805603027344,0.32408058643341064
929,33867.388890625,70227.484375,33864.6893671875,1.4330046601295472,2.5334872665405275,1.0,0.5,3.9614200592041016,898.470703125,8.210136413574219,0.1037994772195816,0.6737868785858154,4.727846145629883,0.6963476538658142,29.082529067993164,1.1526545286178589,25.109539031982422,0.8125804662704468,19.121870040893555,0.6306983232498169,0.10559423267841339,5.463674068450928,17.563583374023438,1.4785867929458618,195.20681762695312,1.3769961595535278,367.1771545410156,2.9547377380367834e-06,1.1654562870333507e-09,3.196972131729126,28.545360565185547,42.652584075927734,0.06001218408346176,7.808616638183594,0.315212219953537
930,34175.566296875,53763.28125,34172.8642265625,1.4597045845985412,2.4849782180786133,1.0,0.5,3.162228584289551,760.5038452148438,7.639787197113037,0.09115380048751831,0.6778876185417175,4.780243396759033,0.6656980514526367,28.19346809387207,1.2005383968353271,25.450965881347656,0.7770907282829285,18.67861557006836,0.6306983232498169,0.10559423267841339,6.0776567459106445,18.089155197143555,1.3749102354049683,195.3778533935547,1.3704067468643188,364.923583984375,2.9547377380367834e-06,1.1654562870333507e-09,3.2896432876586914,28.530498504638672,42.546512603759766,0.0598534420132637,7.771055221557617,0.31123289465904236
931,35971.4088046875,61395.109375,35968.6890546875,1.4485913138389588,2.542448240280151,1.0,0.5,3.601439952850342,803.23974609375,8.397202491760254,0.11320649832487106,0.7089598774909973,4.912338733673096,0.6981714963912964,31.445148468017578,1.247280240058899,28.317163467407227,0.8033181428909302,20.191635131835938,0.6306983232498169,0.10559423267841339,6.3018269538879395,19.40764808654785,1.3197699785232544,201.5771026611328,1.572777271270752,412.5301818847656,2.9547377380367834e-06,1.1654562870333507e-09,3.3305063247680664,30.019563674926758,42.683746337890625,0.0600544810295105,7.792065143585205,0.3248182237148285
932,32161.7291015625,65567.1328125,32159.0494375,1.445332269668579,2.468746989250183,1.0,0.5,3.603159189224243,843.0330200195312,8.248784065246582,0.1038414016366005,0.6924970746040344,4.865950584411621,0.6834002733230591,30.583532333374023,1.2352687120437622,27.99883460998535,0.7951508164405823,19.8615665435791,0.6306983232498169,0.10559423267841339,6.300414562225342,19.064294815063477,1.4840326309204102,206.0771484375,1.456314206123352,401.6592102050781,2.9547377380367834e-06,1.1654562870333507e-09,3.5430285930633545,30.228206634521484,42.727176666259766,0.060177456587553024,8.109455108642578,0.33013150095939636
933,31760.107328125,71449.40625,31757.42220703125,1.4610065546035766,2.448422540664673,1.0,0.5,3.21770977973938,911.7227172851562,7.644440174102783,0.0893552377820015,0.7012677192687988,4.869258880615234,0.6519827842712402,29.145606994628906,1.170883297920227,25.656553268432617,0.7653611898422241,19.395689010620117,0.6306983232498169,0.10559423267841339,5.746460914611816,18.623441696166992,1.3648942708969116,188.9052276611328,1.3529025316238403,360.9029846191406,2.9547377380367834e-06,1.1654562870333507e-09,3.326265573501587,28.98773956298828,42.3830451965332,0.059600263833999634,7.586540222167969,0.31718358397483826
934,31555.4819140625,83646.6875,31552.8055390625,1.4339526228904724,2.4846381902694703,1.0,0.5,2.9634218215942383,996.8252563476562,7.581108093261719,0.0880909189581871,0.6858118176460266,4.796777725219727,0.6373627781867981,28.615432739257812,1.135677695274353,25.342790603637695,0.7436959743499756,18.626440048217773,0.6306983232498169,0.10559423267841339,5.7655534744262695,17.993270874023438,1.2971203327178955,194.30905151367188,1.392113447189331,369.64715576171875,2.9547377380367834e-06,1.1654562870333507e-09,3.2453575134277344,28.644527435302734,42.59075164794922,0.060030724853277206,7.6750359535217285,0.31526726484298706
935,33860.3343125,58507.05078125,33857.5862421875,1.456859179019928,2.5821334505081177,1.0,0.5,3.254744052886963,812.5377197265625,7.836392402648926,0.0939948558807373,0.7035660743713379,4.910682201385498,0.6410853862762451,28.494291305541992,1.1337783336639404,24.962299346923828,0.7438555955886841,18.76673126220703,0.6306983232498169,0.10559423267841339,5.5606184005737305,17.6744441986084,1.2738558053970337,187.864990234375,1.3120437860488892,347.3892517089844,2.9547377380367834e-06,1.1654562870333507e-09,3.2225992679595947,27.60745620727539,42.62584686279297,0.05988767370581627,7.529912948608398,0.30403608083724976
936,30309.101234375,80211.8984375,30306.46401171875,1.418773600101471,2.436983452796936,1.0,0.5,2.7363264560699463,971.1032104492188,7.580162525177002,0.09164391458034515,0.6986891031265259,4.806346416473389,0.6661054491996765,29.552303314208984,1.1628834009170532,27.019454956054688,0.7773300409317017,18.907930374145508,0.6306983232498169,0.10559423267841339,5.733470439910889,18.848485946655273,1.2399823665618896,189.1398468017578,1.4022094011306763,375.4919738769531,2.9547377380367834e-06,1.1654562870333507e-09,3.2567965984344482,28.198640823364258,42.684173583984375,0.060270022600889206,7.753703594207764,0.31220558285713196
937,29386.615734375,69886.6015625,29383.950671875,1.4674336967468262,2.3954042444229127,1.0,0.5,2.7495336532592773,895.8745727539062,7.318720817565918,0.08379315584897995,0.6840872168540955,4.736717224121094,0.6648335456848145,28.825834274291992,1.1855385303497314,26.327884674072266,0.7762721180915833,18.833162307739258,0.6306983232498169,0.10559423267841339,5.667652130126953,18.688175201416016,1.269943118095398,188.2642364501953,1.3955854177474976,370.4871520996094,2.9547377380367834e-06,1.1654562870333507e-09,3.2700002193450928,29.055301666259766,42.73021697998047,0.06017342954874039,7.684964656829834,0.315157949924469
938,32209.684078125,110582.359375,32206.9498125,1.456962435245514,2.5543414516448975,1.0,0.5,2.7285220623016357,1182.3204345703125,7.390350341796875,0.08357324451208115,0.7328749895095825,5.159055709838867,0.6657241582870483,28.989980697631836,1.164512276649475,26.46933937072754,0.7811101078987122,18.847726821899414,0.6306983232498169,0.10559423267841339,5.692342281341553,18.90599250793457,1.1696031093597412,179.6641082763672,1.3110350370407104,338.70672607421875,2.9547377380367834e-06,1.1654562870333507e-09,3.43518328666687,31.098228454589844,42.96528625488281,0.060452740639448166,7.624530792236328,0.318309485912323
939,31988.0639609375,57320.23046875,31985.2694921875,1.4633265628814698,2.6622661752700805,1.0,0.5,3.4123916625976562,786.4978637695312,7.986810684204102,0.09985646605491638,0.7070278525352478,4.907663822174072,0.6644635796546936,29.33735466003418,1.1863735914230347,26.568592071533203,0.7778440713882446,19.079891204833984,0.6306983232498169,0.10559423267841339,5.726627349853516,18.287235260009766,1.3087427616119385,194.2164306640625,1.3973360061645508,378.1595764160156,2.9547377380367834e-06,1.1654562870333507e-09,3.306079387664795,29.461605072021484,42.76628112792969,0.06019875779747963,7.623819351196289,0.31963789463043213
940,31159.2011171875,70217.4140625,31156.43373828125,1.4203958337306977,2.693543541908264,1.0,0.5,3.111013889312744,893.6102905273438,7.6663055419921875,0.09352397173643112,0.6829653382301331,4.767383575439453,0.6790786385536194,30.02147674560547,1.1761711835861206,26.84111976623535,0.7885138392448425,19.254377365112305,0.6306983232498169,0.10559423267841339,5.763028621673584,18.098712921142578,1.3073534965515137,190.95681762695312,1.4399362802505493,380.68353271484375,2.9547377380367834e-06,1.1654562870333507e-09,3.1380887031555176,27.47046661376953,42.85549545288086,0.06050968915224075,7.71803092956543,0.31331831216812134
941,30150.30180859375,75330.9140625,30147.60141796875,1.4396013958454132,2.5215100421905516,1.0,0.5,2.8835694789886475,935.283203125,7.557464599609375,0.08711007982492447,0.6974437832832336,4.86151647567749,0.6382986307144165,28.703243255615234,1.1315224170684814,26.256267547607422,0.7345979809761047,18.229272842407227,0.6306983232498169,0.10559423267841339,5.525067329406738,17.877119064331055,1.2542215585708618,185.2849884033203,1.3757489919662476,377.5520935058594,2.9547377380367834e-06,1.1654562870333507e-09,3.1485860347747803,28.117773056030273,43.01556396484375,0.060537900775671005,7.6499857902526855,0.31206920742988586
942,29070.85769921875,64193.6796875,29068.09387109375,1.459385302066803,2.6088532276153567,1.0,0.5,3.514676809310913,854.240478515625,8.004338264465332,0.0958271473646164,0.6688823103904724,4.691833019256592,0.6541270613670349,27.991374969482422,1.149908185005188,25.614818572998047,0.7601493000984192,18.28277587890625,0.6306983232498169,0.10559423267841339,5.895108222961426,18.009658813476562,1.3328337669372559,185.7331085205078,1.3812944889068604,362.7398681640625,2.9547377380367834e-06,1.1654562870333507e-09,3.1462721824645996,27.654407501220703,42.8712158203125,0.060294657945632935,7.6154680252075195,0.310624361038208
943,28251.53834375,60718.61328125,28248.71296875,1.4785822415351868,2.6937091064453127,1.0,0.5,3.0377390384674072,824.9727172851562,7.599788188934326,0.0890805721282959,0.6838518977165222,4.7372212409973145,0.6642241477966309,27.806751251220703,1.1706290245056152,25.798072814941406,0.7697543501853943,18.133956909179688,0.6306983232498169,0.10559423267841339,5.647535800933838,18.121057510375977,1.2244669198989868,184.05372619628906,1.400653600692749,364.24456787109375,2.9547377380367834e-06,1.1654562870333507e-09,3.1985487937927246,28.10066795349121,42.7925910949707,0.06019382178783417,7.5635223388671875,0.31195467710494995
944,29167.30063671875,68206.3671875,29164.56558203125,1.4122956624031067,2.6453801641464234,1.0,0.5,3.3748135566711426,893.6541137695312,7.711524486541748,0.08958419412374496,0.6916768550872803,4.821362495422363,0.6413939595222473,27.693300247192383,1.1735734939575195,25.348663330078125,0.749332845211029,18.353551864624023,0.6306983232498169,0.10559423267841339,5.895174980163574,18.222068786621094,1.2687383890151978,183.02870178222656,1.3484270572662354,346.2922668457031,2.9547377380367834e-06,1.1654562870333507e-09,3.132335901260376,27.006616592407227,42.78129577636719,0.06022931635379791,7.4945902824401855,0.3072790503501892
945,31603.5469140625,96194.875,31600.7451328125,1.495283594608307,2.613310866355896,1.0,0.5,3.691559314727783,1085.541748046875,8.094120979309082,0.10226567834615707,0.676675021648407,4.751199722290039,0.6683246493339539,29.534963607788086,1.172960877418518,27.1298828125,0.770062267780304,18.65007972717285,0.6306983232498169,0.10559423267841339,5.9381890296936035,18.8109130859375,1.2308690547943115,181.02171325683594,1.3765532970428467,363.9726867675781,2.9547377380367834e-06,1.1654562870333507e-09,3.1012752056121826,26.961563110351562,42.981937408447266,0.06065106391906738,7.620537281036377,0.30955278873443604
946,28818.82823828125,59601.671875,28816.06425390625,1.4685235018730163,2.5910902376174927,1.0,0.5,3.079989194869995,815.8629150390625,7.664380073547363,0.08947886526584625,0.6587047576904297,4.584216117858887,0.6300243735313416,28.429584503173828,1.1384620666503906,25.29991340637207,0.7440899014472961,18.783418655395508,0.6306983232498169,0.10559423267841339,5.65547513961792,18.27070426940918,1.2748868465423584,192.42117309570312,1.3136017322540283,358.96209716796875,2.9547377380367834e-06,1.1654562870333507e-09,3.2469451427459717,27.07402992248535,42.93635559082031,0.06035573035478592,7.766684055328369,0.3121798634529114
947,28798.5593828125,60481.265625,28795.86144140625,1.4168116574287415,2.5624425525665284,1.0,0.5,2.718477249145508,832.6810302734375,7.5742363929748535,0.08775610476732254,0.6630254983901978,4.61036491394043,0.6324122548103333,28.88917350769043,1.123392939567566,25.775144577026367,0.7412489652633667,18.69002914428711,0.6306983232498169,0.10559423267841339,5.649179458618164,18.012651443481445,1.213375449180603,179.88900756835938,1.297364592552185,343.6629638671875,2.9547377380367834e-06,1.1654562870333507e-09,3.04946231842041,26.443645477294922,42.95515060424805,0.06052258610725403,7.576053619384766,0.31050121784210205
948,26550.377390625,49765.68359375,26547.6578125,1.4589050636291503,2.5216060180664064,1.0,0.5,3.0735466480255127,727.8028564453125,7.703740119934082,0.0932348445057869,0.6694608330726624,4.6541218757629395,0.66898113489151,29.415157318115234,1.1466959714889526,25.434919357299805,0.7818553447723389,19.24589729309082,0.6306983232498169,0.10559423267841339,5.6400651931762695,17.888647079467773,1.2782518863677979,187.68582153320312,1.370019555091858,358.958984375,2.9547377380367834e-06,1.1654562870333507e-09,3.1092538833618164,26.423370361328125,42.96672058105469,0.06047292426228523,7.550703525543213,0.3075662851333618
949,34048.85237890625,86226.8046875,34046.11522265625,1.4459057283401489,2.58284210395813,1.0,0.5,3.125859498977661,1021.0037841796875,7.733667850494385,0.09138579666614532,0.6744849681854248,4.693281173706055,0.632663905620575,27.921733856201172,1.1310539245605469,25.02292823791504,0.7327051758766174,18.200651168823242,0.6306983232498169,0.10559423267841339,5.598602294921875,17.925256729125977,1.2143481969833374,184.73890686035156,1.3466697931289673,357.48419189453125,2.9547377380367834e-06,1.1654562870333507e-09,3.127819299697876,26.457502365112305,42.9832878112793,0.060433924198150635,7.535810947418213,0.306900292634964
950,29036.3768984375,60315.28515625,29033.6259296875,1.4659067015647889,2.5701301193237303,1.0,0.5,3.057109832763672,815.0238647460938,7.8789143562316895,0.09677699208259583,0.6660389304161072,4.626555442810059,0.6593784093856812,29.96573829650879,1.1673928499221802,26.8538818359375,0.7698231935501099,19.402421951293945,0.6306983232498169,0.10559423267841339,5.558335781097412,18.522550582885742,1.2913089990615845,193.31394958496094,1.389238953590393,373.6737060546875,2.9547377380367834e-06,1.1654562870333507e-09,3.179197311401367,27.660337448120117,42.81752014160156,0.060401272028684616,7.699681282043457,0.3153463304042816
951,26130.0882265625,60965.49609375,26127.3966171875,1.4212406253814698,2.5405898065567016,1.0,0.5,3.2800328731536865,828.150390625,7.79634428024292,0.09591414034366608,0.6679778695106506,4.613422870635986,0.6410542130470276,28.318471908569336,1.1417559385299683,25.263578414916992,0.7442471385002136,18.58510971069336,0.6306983232498169,0.10559423267841339,5.547163486480713,17.903230667114258,1.3338452577590942,189.3636474609375,1.316110372543335,359.13116455078125,2.9547377380367834e-06,1.1654562870333507e-09,3.0671002864837646,26.45763397216797,42.892635345458984,0.060380969196558,7.529936790466309,0.3116637170314789
952,27687.90301953125,69092.28125,27685.1696796875,1.3738067321777343,2.71929287147522,1.0,0.5,3.026919364929199,892.2613525390625,7.716850280761719,0.10072990506887436,0.6763160824775696,4.696413993835449,0.6519399881362915,29.930870056152344,1.1526588201522827,27.08271598815918,0.7687276005744934,19.403493881225586,0.6306983232498169,0.10559423267841339,5.420591354370117,18.446857452392578,1.2372444868087769,192.10707092285156,1.4008668661117554,362.046630859375,2.9547377380367834e-06,1.1654562870333507e-09,3.1884677410125732,28.0740966796875,42.899715423583984,0.06056877598166466,7.571423053741455,0.31376734375953674
953,28707.88240625,89404.53125,28705.2258125,1.4198433418273926,2.4734850902557373,1.0,0.5,3.3346123695373535,1032.4674072265625,7.741680145263672,0.09587766975164413,0.6876471638679504,4.773340225219727,0.6594799757003784,30.084699630737305,1.135042667388916,26.947608947753906,0.7711692452430725,19.352590560913086,0.6306983232498169,0.10559423267841339,5.452662467956543,18.70233154296875,1.3978359699249268,198.30020141601562,1.397481083869934,378.3564758300781,2.9547377380367834e-06,1.1654562870333507e-09,3.274343252182007,28.228954315185547,43.17179489135742,0.06086806207895279,7.717709064483643,0.3160305917263031
954,28866.3703203125,58434.01171875,28863.6261953125,1.455247679233551,2.577437560081482,1.0,0.5,3.0170247554779053,799.9608764648438,7.653547286987305,0.09027587622404099,0.6713587045669556,4.662514686584473,0.6691176295280457,29.447477340698242,1.1255024671554565,26.253154754638672,0.7818935513496399,19.159374237060547,0.6306983232498169,0.10559423267841339,5.660905361175537,18.369001388549805,1.2974447011947632,195.2457733154297,1.3694969415664673,370.12823486328125,2.9547377380367834e-06,1.1654562870333507e-09,3.254485607147217,26.793973922729492,42.96623229980469,0.0606224462389946,7.743553638458252,0.3075774610042572
955,27125.013515625,52571.28125,27122.24449609375,1.4537477121353148,2.630188618659973,1.0,0.5,3.069953680038452,763.1109619140625,7.7911787033081055,0.09313032031059265,0.6698540449142456,4.634956359863281,0.6448228359222412,28.50394630432129,1.131738543510437,25.8911075592041,0.7521331906318665,18.550209045410156,0.6306983232498169,0.10559423267841339,5.992751598358154,18.574617385864258,1.156563639640808,181.265869140625,1.3255338668823242,343.2703552246094,2.9547377380367834e-06,1.1654562870333507e-09,3.1962320804595947,27.420434951782227,43.098976135253906,0.060611505061388016,7.542264461517334,0.3120706379413605
956,25873.12179296875,92679.90625,25870.34773046875,1.4463462233543396,2.6555616426467896,1.0,0.5,3.1866464614868164,1060.132080078125,7.736720085144043,0.09217880666255951,0.683057963848114,4.756574630737305,0.6372384428977966,28.25830078125,1.1497925519943237,25.68378448486328,0.7378195524215698,18.474199295043945,0.6306983232498169,0.10559423267841339,5.899492263793945,18.609582901000977,1.2829536199569702,190.17262268066406,1.3628522157669067,366.8044128417969,2.9547377380367834e-06,1.1654562870333507e-09,3.1827144622802734,27.136903762817383,43.069496154785156,0.06062974035739899,7.653410911560059,0.3103538453578949
957,25548.587921875,58940.359375,25545.740953125,1.455735183238983,2.7824231243133544,1.0,0.5,2.9765372276306152,811.8483276367188,7.708494186401367,0.0947745069861412,0.6803829669952393,4.695491790771484,0.6700032353401184,29.53795623779297,1.1246401071548462,26.17474937438965,0.7796102166175842,18.902202606201172,0.6306983232498169,0.10559423267841339,5.723062992095947,18.179075241088867,1.2784630060195923,186.4610137939453,1.3100508451461792,358.1653747558594,2.9547377380367834e-06,1.1654562870333507e-09,3.204240560531616,26.967805862426758,43.11671447753906,0.06072525307536125,7.655645847320557,0.31005725264549255
958,29904.5503203125,66918.296875,29901.800765625,1.447562132358551,2.6041599225997927,1.0,0.5,3.1975221633911133,865.17529296875,7.766878604888916,0.09500998258590698,0.6705619692802429,4.688915729522705,0.6726887226104736,30.333919525146484,1.145804762840271,26.55153465270996,0.7773630023002625,19.395706176757812,0.6306983232498169,0.10559423267841339,5.781451225280762,18.049942016601562,1.3324832916259766,195.82887268066406,1.4018598794937134,383.2588806152344,2.9547377380367834e-06,1.1654562870333507e-09,3.1424202919006348,26.823701858520508,43.13856887817383,0.06075843423604965,7.78595495223999,0.31361037492752075
959,26448.0204375,64602.171875,26445.218546875,1.45556574010849,2.692616229057312,1.0,0.5,3.1641464233398438,858.4301147460938,7.900177001953125,0.10108231008052826,0.6786829233169556,4.720422744750977,0.6597113013267517,29.63869285583496,1.155762791633606,26.668630599975586,0.7708849906921387,19.164932250976562,0.6306983232498169,0.10559423267841339,5.783897399902344,18.27703094482422,1.2117116451263428,186.79783630371094,1.3879714012145996,359.8911437988281,2.9547377380367834e-06,1.1654562870333507e-09,3.1779794692993164,27.8791446685791,42.95962905883789,0.06060522422194481,7.689239025115967,0.31659942865371704
960,28203.445671875,47282.74609375,28200.6015,1.414275152206421,2.8596068592071533,1.0,0.5,2.876011371612549,714.2152099609375,7.725440502166748,0.09357312321662903,0.6707468628883362,4.669148921966553,0.6304725408554077,27.84344482421875,1.1168016195297241,24.851377487182617,0.7399336695671082,18.246719360351562,0.6306983232498169,0.10559423267841339,5.559290885925293,17.489843368530273,1.2009068727493286,181.26820373535156,1.2883319854736328,340.9032897949219,2.9547377380367834e-06,1.1654562870333507e-09,3.0873196125030518,26.567264556884766,43.07093811035156,0.06062968075275421,7.562842845916748,0.3108617067337036
961,27325.8194921875,58154.03515625,27323.16500390625,1.4523440108299255,2.403991265296936,1.0,0.5,3.2135891914367676,805.3568115234375,7.881746292114258,0.09491395950317383,0.6639047265052795,4.580130577087402,0.6615248322486877,28.494070053100586,1.1361644268035889,25.099618911743164,0.7724572420120239,18.651960372924805,0.6306983232498169,0.10559423267841339,5.684000492095947,17.870975494384766,1.2839491367340088,187.31939697265625,1.332690715789795,357.2029113769531,2.9547377380367834e-06,1.1654562870333507e-09,3.162045478820801,26.865039825439453,43.002464294433594,0.060548797249794006,7.639595031738281,0.3144761919975281
962,24647.025921875,72037.4765625,24644.26446484375,1.42162620306015,2.6795659055709837,1.0,0.5,3.1174588203430176,915.5033569335938,7.726491451263428,0.09358895570039749,0.6772438287734985,4.755768775939941,0.6414481997489929,28.227981567382812,1.1332143545150757,25.160348892211914,0.7470426559448242,18.469314575195312,0.6306983232498169,0.10559423267841339,5.779008388519287,17.803970336914062,1.2542158365249634,187.56036376953125,1.3728446960449219,363.73583984375,2.9547377380367834e-06,1.1654562870333507e-09,3.1671273708343506,27.6125431060791,43.19800567626953,0.06073422729969025,7.657048225402832,0.3162183165550232
963,26091.18609375,56026.84375,26088.41487109375,1.4588089213371276,2.6247985153198243,1.0,0.5,2.8318774700164795,792.6971435546875,7.624913215637207,0.08987432718276978,0.6653329730033875,4.620450973510742,0.6274895071983337,27.72322654724121,1.0900434255599976,24.4639835357666,0.7399046421051025,18.410411834716797,0.6306983232498169,0.10559423267841339,5.5455451011657715,17.542055130004883,1.1787960529327393,182.04397583007812,1.2972536087036133,346.5499572753906,2.9547377380367834e-06,1.1654562870333507e-09,3.0966367721557617,26.6943416595459,43.0480842590332,0.06056559085845947,7.616676330566406,0.31116265058517456
964,24992.89646484375,61129.8984375,24990.21644140625,1.4097667694091798,2.5404747581481932,1.0,0.5,2.9435324668884277,833.662109375,7.66734504699707,0.08853308856487274,0.6713768243789673,4.67795991897583,0.6130155920982361,27.306081771850586,1.1127188205718994,24.7509708404541,0.714937150478363,17.949174880981445,0.6306983232498169,0.10559423267841339,5.74588680267334,17.82573890686035,1.243282437324524,185.67599487304688,1.284713864326477,351.570556640625,2.9547377380367834e-06,1.1654562870333507e-09,3.1130504608154297,26.572080612182617,43.11448287963867,0.06066667288541794,7.567396640777588,0.31047114729881287
965,25703.88680078125,74771.640625,25701.0471640625,1.4655281581878663,2.7479378538131716,1.0,0.5,3.3320398330688477,933.6452026367188,7.7977447509765625,0.09676830470561981,0.6694760322570801,4.684150695800781,0.6666816473007202,29.138168334960938,1.1427174806594849,26.096099853515625,0.7740747332572937,18.78761100769043,0.6306983232498169,0.10559423267841339,5.693819046020508,17.977819442749023,1.3040937185287476,193.36572265625,1.3649793863296509,367.09039306640625,2.9547377380367834e-06,1.1654562870333507e-09,3.1403608322143555,26.704187393188477,43.25426483154297,0.06097806245088577,7.721375465393066,0.31203168630599976
966,24175.64343359375,66982.703125,24172.89963671875,1.46704119348526,2.5532860679626466,1.0,0.5,3.3018038272857666,874.5321044921875,7.737546920776367,0.0915582925081253,0.6739001274108887,4.700585842132568,0.6373733878135681,27.946199417114258,1.1219438314437866,24.880615234375,0.7391799688339233,18.4495906829834,0.6306983232498169,0.10559423267841339,5.74301815032959,17.7862548828125,1.2929766178131104,190.8116455078125,1.3321573734283447,365.7017822265625,2.9547377380367834e-06,1.1654562870333507e-09,3.132052421569824,26.51316261291504,43.11400604248047,0.06067068129777908,7.639667987823486,0.30939775705337524
967,24784.39460546875,68694.84375,24781.6746796875,1.4137174806594848,2.612349044799805,1.0,0.5,2.969512462615967,888.7733154296875,7.632758617401123,0.08941856026649475,0.6803705096244812,4.735346794128418,0.6334123611450195,27.937355041503906,1.1291536092758179,25.32151985168457,0.7309380769729614,18.190614700317383,0.6306983232498169,0.10559423267841339,5.73308801651001,18.107681274414062,1.2553259134292603,190.01220703125,1.3162589073181152,364.4649658203125,2.9547377380367834e-06,1.1654562870333507e-09,3.18755841255188,27.29430389404297,43.08537673950195,0.060719240456819534,7.65753698348999,0.31409144401550293
968,24968.23823828125,73038.046875,24965.4671171875,1.425438771724701,2.6914398136138917,1.0,0.5,2.930903434753418,927.0957641601562,7.555302143096924,0.08882928639650345,0.6730729341506958,4.704775333404541,0.641619861125946,27.7452335357666,1.1281479597091675,25.007869720458984,0.7477360367774963,18.262258529663086,0.6306983232498169,0.10559423267841339,5.5585479736328125,17.91875648498535,1.2594374418258667,185.60630798339844,1.3189985752105713,354.5928649902344,2.9547377380367834e-06,1.1654562870333507e-09,3.1188204288482666,27.307910919189453,43.1718635559082,0.06073850393295288,7.607177734375,0.3124840557575226
969,25881.61258984375,60578.80078125,25878.78469921875,1.4705519385337829,2.7149521465301514,1.0,0.5,3.1657185554504395,821.026123046875,7.8683180809021,0.09540919214487076,0.6727630496025085,4.681046962738037,0.6475953459739685,28.264854431152344,1.1303389072418213,25.375591278076172,0.7574833631515503,18.557384490966797,0.6306983232498169,0.10559423267841339,5.81293249130249,17.905616760253906,1.2542273998260498,192.73814392089844,1.3314390182495117,366.0176696777344,2.9547377380367834e-06,1.1654562870333507e-09,3.205193281173706,27.384489059448242,43.240501403808594,0.06084594130516052,7.75447940826416,0.3137889802455902
970,25435.25168359375,61124.34765625,25432.49046875,1.4669473104476929,2.5886671476364134,1.0,0.5,3.1053590774536133,824.46337890625,7.798309803009033,0.09353871643543243,0.6742901802062988,4.704662322998047,0.6475754976272583,28.366580963134766,1.1362261772155762,25.238069534301758,0.7512864470481873,18.624073028564453,0.6306983232498169,0.10559423267841339,5.810097694396973,17.876951217651367,1.2813637256622314,191.8772735595703,1.3514187335968018,369.1535949707031,2.9547377380367834e-06,1.1654562870333507e-09,3.162670850753784,27.51358985900879,43.144412994384766,0.060741495341062546,7.72384786605835,0.31517982482910156
971,22779.35519140625,78002.53125,22776.450234375,1.4679513173103333,2.873952205657959,1.0,0.5,3.0385801792144775,961.71240234375,7.71396017074585,0.0935436487197876,0.6817405223846436,4.752274990081787,0.6546791791915894,29.02616310119629,1.1335080862045288,25.988073348999023,0.7602813243865967,18.86968231201172,0.6306983232498169,0.10559423267841339,5.650270938873291,18.23543357849121,1.2525464296340942,187.86572265625,1.3360276222229004,358.9012756347656,2.9547377380367834e-06,1.1654562870333507e-09,3.196993112564087,28.093921661376953,43.33952331542969,0.06103920564055443,7.7333526611328125,0.316509872674942
972,24427.8797890625,64020.10546875,24425.14368359375,1.43100346326828,2.6104562997817995,1.0,0.5,3.1056814193725586,851.26513671875,7.697714805603027,0.09384673833847046,0.6658744812011719,4.648448467254639,0.6479151248931885,28.886354446411133,1.135101318359375,26.0895938873291,0.7519311904907227,18.696063995361328,0.6306983232498169,0.10559423267841339,5.570679664611816,17.683462142944336,1.3016855716705322,190.39772033691406,1.3595696687698364,363.8720703125,2.9547377380367834e-06,1.1654562870333507e-09,3.080737829208374,27.448593139648438,43.27703857421875,0.06098395213484764,7.638803958892822,0.3138602375984192
973,26062.31876171875,61027.046875,26059.41676171875,1.4972233595848083,2.809643051147461,1.0,0.5,2.9562203884124756,826.0997314453125,7.583264350891113,0.0909077599644661,0.6663263440132141,4.633028984069824,0.6512691378593445,28.614290237426758,1.1282799243927002,25.394376754760742,0.7548326849937439,18.57592010498047,0.6306983232498169,0.10559423267841339,5.72590970993042,17.756446838378906,1.2496122121810913,190.27896118164062,1.364102840423584,364.5012512207031,2.9547377380367834e-06,1.1654562870333507e-09,3.1179606914520264,26.504207611083984,43.22682189941406,0.06090649962425232,7.646145820617676,0.31010106205940247
974,24622.2488671875,63474.27734375,24619.453109375,1.4569997692108154,2.677465518951416,1.0,0.5,3.126164436340332,852.2825927734375,7.647412300109863,0.09331183135509491,0.6792824864387512,4.707533359527588,0.6451323628425598,28.273391723632812,1.14591383934021,25.505563735961914,0.7476058602333069,18.398767471313477,0.6306983232498169,0.10559423267841339,5.877330780029297,18.11734962463379,1.2336232662200928,184.14035034179688,1.32644784450531,354.1813049316406,2.9547377380367834e-06,1.1654562870333507e-09,3.1525347232818604,27.217077255249023,43.044429779052734,0.060672394931316376,7.589498043060303,0.3112776279449463
975,26680.34786328125,55983.8046875,26677.526734375,1.4596512491703033,2.7227775354385377,1.0,0.5,2.940840244293213,787.547607421875,7.680182933807373,0.09294649213552475,0.6726072430610657,4.650599479675293,0.6442544460296631,28.63968276977539,1.13601553440094,25.788156509399414,0.7467122673988342,18.619251251220703,0.6306983232498169,0.10559423267841339,5.67941427230835,17.860517501831055,1.2612552642822266,185.78146362304688,1.3343298435211182,355.0746154785156,2.9547377380367834e-06,1.1654562870333507e-09,3.167630672454834,27.466651916503906,43.11448287963867,0.06075628474354744,7.616965293884277,0.31254518032073975
976,26153.9548046875,54876.94140625,26151.10053515625,1.4568990306854248,2.79440975189209,1.0,0.5,2.962405204772949,779.26806640625,7.571315765380859,0.09141446650028229,0.6757296323776245,4.656754016876221,0.6328794360160828,27.96588706970215,1.1260908842086792,25.229389190673828,0.7341809272766113,18.231298446655273,0.6306983232498169,0.10559423267841339,5.800817012786865,17.84238052368164,1.233520746231079,183.65489196777344,1.3081698417663574,352.7864990234375,2.9547377380367834e-06,1.1654562870333507e-09,3.1477346420288086,26.7856388092041,43.08555603027344,0.06069795414805412,7.541948318481445,0.3095906972885132
977,27359.099296875,66267.4609375,27356.30461328125,1.4372870163917542,2.7148142719268797,1.0,0.5,3.1658995151519775,873.3699951171875,7.675454139709473,0.09389227628707886,0.6790627241134644,4.696119785308838,0.6440860629081726,28.655550003051758,1.1335430145263672,26.06348419189453,0.7475725412368774,18.608753204345703,0.6306983232498169,0.10559423267841339,5.646024703979492,17.802818298339844,1.2265053987503052,185.3610076904297,1.34538733959198,357.3003234863281,2.9547377380367834e-06,1.1654562870333507e-09,3.1654396057128906,27.179336547851562,43.22447204589844,0.060881782323122025,7.621548175811768,0.31167924404144287
978,23832.1588515625,59334.11328125,23829.4150625,1.4731717445850372,2.541349744796753,1.0,0.5,2.956575632095337,814.4641723632812,7.581470012664795,0.09206243604421616,0.6781316995620728,4.6654438972473145,0.6347718834877014,28.37853240966797,1.1275044679641724,25.798206329345703,0.7351301312446594,18.413890838623047,0.6306983232498169,0.10559423267841339,5.620108127593994,17.744503021240234,1.2370564937591553,186.5024871826172,1.3360543251037598,360.07635498046875,2.9547377380367834e-06,1.1654562870333507e-09,3.12811541557312,26.801544189453125,43.18253707885742,0.06084674224257469,7.576786518096924,0.3103591203689575
979,28205.510828125,60470.421875,28202.71603515625,1.4744832773208618,2.6404610614776614,1.0,0.5,3.0224854946136475,824.491943359375,7.727973937988281,0.09458249807357788,0.6775715947151184,4.684889793395996,0.6354961395263672,28.45955467224121,1.124366044998169,25.651765823364258,0.7405329346656799,18.572452545166016,0.6306983232498169,0.10559423267841339,5.62577486038208,17.72728729248047,1.263490080833435,189.31271362304688,1.3232038021087646,357.8498840332031,2.9547377380367834e-06,1.1654562870333507e-09,3.1912424564361572,27.0460262298584,43.18191146850586,0.06087745353579521,7.70349645614624,0.3128657639026642
980,24649.029,55038.58984375,24646.27090625,1.4300263004302978,2.656183086395264,1.0,0.5,2.987962007522583,779.1212158203125,7.7105207443237305,0.0951365977525711,0.6742339134216309,4.652046203613281,0.6332980990409851,28.141765594482422,1.131139874458313,25.51705551147461,0.7370462417602539,18.3407039642334,0.6306983232498169,0.10559423267841339,5.702702522277832,17.737571716308594,1.2522454261779785,185.3888702392578,1.3188670873641968,355.3659973144531,2.9547377380367834e-06,1.1654562870333507e-09,3.1477813720703125,26.795358657836914,43.187374114990234,0.06084269657731056,7.640796661376953,0.3117961287498474
981,25029.012125,60975.49609375,25026.27184375,1.4395568962097167,2.6014873790740967,1.0,0.5,3.1407129764556885,830.974609375,7.739649772644043,0.09593271464109421,0.6776531934738159,4.668103218078613,0.6422850489616394,28.378822326660156,1.1229901313781738,25.592227935791016,0.7459096312522888,18.387184143066406,0.6306983232498169,0.10559423267841339,5.613180160522461,17.79773712158203,1.2309023141860962,185.186767578125,1.3278640508651733,354.9012145996094,2.9547377380367834e-06,1.1654562870333507e-09,3.1603665351867676,27.009794235229492,43.22111129760742,0.06089157238602638,7.61106014251709,0.3119235932826996
982,23317.658578125,58959.51953125,23314.85056640625,1.4794113688468933,2.656865996360779,1.0,0.5,3.0449860095977783,816.00830078125,7.622460842132568,0.09291473776102066,0.6774822473526001,4.667324542999268,0.6338904500007629,27.832090377807617,1.1139593124389648,25.046749114990234,0.739196240901947,18.22307777404785,0.6306983232498169,0.10559423267841339,5.65116548538208,17.791818618774414,1.2300164699554443,184.7388916015625,1.311356782913208,350.1598815917969,2.9547377380367834e-06,1.1654562870333507e-09,3.1643905639648438,26.988496780395508,43.19544982910156,0.06082379072904587,7.570625305175781,0.31081387400627136
983,25333.0933125,60588.11328125,25330.35404296875,1.4470677919387818,2.5839943246841433,1.0,0.5,3.185560464859009,825.4937133789062,7.759421348571777,0.09570802003145218,0.6727294325828552,4.642111778259277,0.6362341642379761,27.99781036376953,1.1311678886413574,25.379623413085938,0.7424001693725586,18.383161544799805,0.6306983232498169,0.10559423267841339,5.698601722717285,17.88483238220215,1.2906831502914429,188.4654998779297,1.3256429433822632,358.3336486816406,2.9547377380367834e-06,1.1654562870333507e-09,3.197268009185791,27.230392456054688,43.13960647583008,0.06078128516674042,7.649847984313965,0.31268003582954407
984,22743.40598828125,67439.3515625,22740.69610546875,1.4357537894248962,2.548342679023743,1.0,0.5,3.1547422409057617,883.0336303710938,7.736364841461182,0.09460030496120453,0.6789042353630066,4.68704891204834,0.6408030986785889,28.129899978637695,1.1267482042312622,25.400678634643555,0.7485136985778809,18.429521560668945,0.6306983232498169,0.10559423267841339,5.678189277648926,17.985631942749023,1.2716559171676636,188.0736083984375,1.3188300132751465,355.1690979003906,2.9547377380367834e-06,1.1654562870333507e-09,3.213930606842041,27.229276657104492,43.189414978027344,0.06084269657731056,7.662405014038086,0.31220826506614685
985,23255.85476953125,54853.51953125,23253.116296875,1.4562297024726867,2.564363558769226,1.0,0.5,2.9508421421051025,778.3536987304688,7.678977966308594,0.09323415160179138,0.672839879989624,4.626247882843018,0.6356381177902222,28.008703231811523,1.12384831905365,25.400339126586914,0.7425816655158997,18.324966430664062,0.6306983232498169,0.10559423267841339,5.612372398376465,17.78714942932129,1.2548067569732666,186.70947265625,1.3171045780181885,352.6929016113281,2.9547377380367834e-06,1.1654562870333507e-09,3.171745777130127,27.13360023498535,43.17782974243164,0.060825083404779434,7.651562213897705,0.31324872374534607
986,23561.43181640625,61679.0546875,23558.64173046875,1.4417853851318359,2.6965756425857546,1.0,0.5,3.157034397125244,839.826416015625,7.728016376495361,0.09573971480131149,0.6777628660202026,4.672937870025635,0.6302411556243896,27.7362117767334,1.1149351596832275,25.219818115234375,0.7359817624092102,18.13820457458496,0.6306983232498169,0.10559423267841339,5.633547782897949,17.664339065551758,1.2319235801696777,184.51365661621094,1.311423420906067,348.3465881347656,2.9547377380367834e-06,1.1654562870333507e-09,3.1376335620880127,26.771747589111328,43.236331939697266,0.060892462730407715,7.586470127105713,0.3105617165565491
987,22641.5974921875,61735.265625,22638.6784453125,1.4443069667816162,2.949436245918274,1.0,0.5,3.121281147003174,839.9208374023438,7.726714134216309,0.09642979502677917,0.6766775846481323,4.669449806213379,0.6346063017845154,28.019866943359375,1.121989369392395,25.622180938720703,0.7403321862220764,18.244922637939453,0.6306983232498169,0.10559423267841339,5.609554290771484,17.850109100341797,1.226091742515564,184.04527282714844,1.3051903247833252,349.4175720214844,2.9547377380367834e-06,1.1654562870333507e-09,3.1424171924591064,26.90341567993164,43.19606018066406,0.06088164076209068,7.582341194152832,0.31100013852119446
988,22487.2413671875,60435.01953125,22484.48126953125,1.451771514415741,2.616760653495789,1.0,0.5,2.994100332260132,828.3862915039062,7.680960178375244,0.0946192741394043,0.6747136116027832,4.656735420227051,0.6266605854034424,27.809101104736328,1.1198492050170898,25.519563674926758,0.7309610247612,18.143667221069336,0.6306983232498169,0.10559423267841339,5.588878631591797,17.81017303466797,1.2217258214950562,184.1804962158203,1.3012460470199585,350.8527526855469,2.9547377380367834e-06,1.1654562870333507e-09,3.102074384689331,27.039592742919922,43.208675384521484,0.06087089702486992,7.566621780395508,0.3123428225517273
989,24035.1466328125,57448.984375,24032.30401171875,1.4566553106307984,2.7722696409225462,1.0,0.5,2.982585906982422,801.3417358398438,7.70403528213501,0.09525345265865326,0.6736652255058289,4.642894744873047,0.6276170015335083,27.760032653808594,1.117812991142273,25.426795959472656,0.7311771512031555,18.110944747924805,0.6306983232498169,0.10559423267841339,5.611505508422852,17.763675689697266,1.213539958000183,184.9099578857422,1.3126835823059082,353.71551513671875,2.9547377380367834e-06,1.1654562870333507e-09,3.1071937084198,26.94481086730957,43.17133712768555,0.06083694472908974,7.569624423980713,0.31184595823287964
990,24709.6835703125,63953.33203125,24707.00383203125,1.4272315366268158,2.504918567657471,1.0,0.5,3.086059093475342,855.6442260742188,7.720725059509277,0.0962066799402237,0.6747065782546997,4.655884265899658,0.6305876970291138,27.86613655090332,1.118821382522583,25.474689483642578,0.7356781959533691,18.171205520629883,0.6306983232498169,0.10559423267841339,5.657772064208984,17.78679084777832,1.2359040975570679,185.89039611816406,1.3220784664154053,354.7225646972656,2.9547377380367834e-06,1.1654562870333507e-09,3.107882499694824,26.830312728881836,43.20043182373047,0.06088995561003685,7.59583044052124,0.31202176213264465
991,23142.94734375,63946.08203125,23140.09358203125,1.4710752954483033,2.7654660358428953,1.0,0.5,3.0768492221832275,855.5374145507812,7.72650671005249,0.09540519118309021,0.6749839782714844,4.658899784088135,0.628030002117157,27.609617233276367,1.1139642000198364,25.139829635620117,0.732757031917572,18.10776710510254,0.6306983232498169,0.10559423267841339,5.621913909912109,17.673974990844727,1.2355502843856812,185.9515380859375,1.3079942464828491,354.8657531738281,2.9547377380367834e-06,1.1654562870333507e-09,3.1047117710113525,26.72720718383789,43.20854949951172,0.060875192284584045,7.605162143707275,0.31182509660720825
992,22631.42046875,58467.9765625,22628.58533203125,1.4763781428337097,2.717610439300537,1.0,0.5,2.981901168823242,811.0051879882812,7.663311958312988,0.09382310509681702,0.6725268959999084,4.633118629455566,0.6251523494720459,27.441574096679688,1.1101754903793335,25.037399291992188,0.7300370335578918,18.021692276000977,0.6306983232498169,0.10559423267841339,5.602856636047363,17.613872528076172,1.2276763916015625,184.9220428466797,1.3020979166030884,351.93548583984375,2.9547377380367834e-06,1.1654562870333507e-09,3.078308343887329,26.6197452545166,43.17060470581055,0.06082349643111229,7.584632873535156,0.31154313683509827
993,23302.61041015625,59184.171875,23299.80154296875,1.4616549344062806,2.694356762886047,1.0,0.5,3.0685744285583496,817.7472534179688,7.721772193908691,0.09633784741163254,0.6740807294845581,4.645998001098633,0.6341886520385742,27.91954231262207,1.1163785457611084,25.546524047851562,0.7406759858131409,18.170778274536133,0.6306983232498169,0.10559423267841339,5.6503987312316895,17.74485969543457,1.221440315246582,184.27024841308594,1.3084267377853394,350.8215637207031,2.9547377380367834e-06,1.1654562870333507e-09,3.0854849815368652,26.742259979248047,43.212242126464844,0.060899462550878525,7.576905250549316,0.31163501739501953
994,22215.1387890625,62138.96484375,22212.32026953125,1.4471391589641571,2.742985944747925,1.0,0.5,3.047616481781006,841.9490356445312,7.68883752822876,0.09516792744398117,0.6771764159202576,4.66776180267334,0.631811261177063,27.825071334838867,1.1194477081298828,25.425151824951172,0.737406849861145,18.151662826538086,0.6306983232498169,0.10559423267841339,5.645444393157959,17.788022994995117,1.2402348518371582,185.30035400390625,1.3059684038162231,351.9949951171875,2.9547377380367834e-06,1.1654562870333507e-09,3.10577654838562,26.826595306396484,43.191959381103516,0.06086836755275726,7.586548328399658,0.31208336353302
995,22891.9762421875,58438.04296875,22889.22326953125,1.4391457056999206,2.6276307916641235,1.0,0.5,3.0700931549072266,811.5438842773438,7.695223331451416,0.0960104763507843,0.6751654148101807,4.645925045013428,0.6315468549728394,27.796859741210938,1.1132980585098267,25.382450103759766,0.7376747131347656,18.125062942504883,0.6306983232498169,0.10559423267841339,5.604321002960205,17.723356246948242,1.2264362573623657,184.43710327148438,1.3037517070770264,350.2890625,2.9547377380367834e-06,1.1654562870333507e-09,3.0898587703704834,26.5677547454834,43.20684814453125,0.0608840212225914,7.559768199920654,0.3106211721897125
996,24853.02383984375,60807.3671875,24850.37334375,1.43017861700058,2.440355701446533,1.0,0.5,2.9630980491638184,830.6896362304688,7.647140979766846,0.09401898086071014,0.673906683921814,4.650684833526611,0.6254754066467285,27.620540618896484,1.1146116256713867,25.240102767944336,0.7312216758728027,18.089210510253906,0.6306983232498169,0.10559423267841339,5.601341247558594,17.682756423950195,1.2392642498016357,185.8982391357422,1.3092149496078491,351.99737548828125,2.9547377380367834e-06,1.1654562870333507e-09,3.102320432662964,26.711389541625977,43.20574951171875,0.060882970690727234,7.588448524475098,0.3114086389541626
997,23176.77644140625,57523.00390625,23174.00776953125,1.4775872521400453,2.582132995605469,1.0,0.5,3.004222869873047,801.0723266601562,7.708209991455078,0.09568624943494797,0.6722787618637085,4.636444568634033,0.6311529874801636,27.969823837280273,1.1211702823638916,25.562252044677734,0.7379059791564941,18.265077590942383,0.6306983232498169,0.10559423267841339,5.617068767547607,17.73094367980957,1.2460300922393799,186.91152954101562,1.3177863359451294,354.7127685546875,2.9547377380367834e-06,1.1654562870333507e-09,3.1170339584350586,26.839862823486328,43.20564270019531,0.06089514493942261,7.620321273803711,0.312275230884552
998,22520.7487109375,61766.0546875,22517.9376640625,1.456212679386139,2.70990629196167,1.0,0.5,3.075648069381714,837.6316528320312,7.735641956329346,0.09603845328092575,0.6750269532203674,4.656861305236816,0.6334788799285889,28.00550079345703,1.1236375570297241,25.58730125427246,0.7403289079666138,18.293474197387695,0.6306983232498169,0.10559423267841339,5.633236408233643,17.808208465576172,1.2526839971542358,186.82530212402344,1.313590168952942,354.0218811035156,2.9547377380367834e-06,1.1654562870333507e-09,3.135655164718628,26.97532844543457,43.20984649658203,0.060898274183273315,7.620307922363281,0.3125391900539398
999,22098.4212734375,60021.8203125,22095.56041015625,1.4857387652397156,2.7504969797134398,1.0,0.5,3.0287675857543945,823.676025390625,7.689767360687256,0.09481336921453476,0.6747272610664368,4.653360843658447,0.6316733360290527,27.871826171875,1.1212589740753174,25.451292037963867,0.7379928827285767,18.234424591064453,0.6306983232498169,0.10559423267841339,5.6078081130981445,17.76112937927246,1.2478625774383545,186.08102416992188,1.3096636533737183,352.7050476074219,2.9547377380367834e-06,1.1654562870333507e-09,3.121521472930908,26.82330322265625,43.18367004394531,0.06085887551307678,7.607908725738525,0.31183281540870667
1000,22996.8264921875,56963.71875,22994.1408046875,1.4152726073265076,2.5408516664505005,1.0,0.5,3.0073013305664062,797.7893676757812,7.6820573806762695,0.09450528025627136,0.6743475794792175,4.647233009338379,0.6302782893180847,27.76598358154297,1.1188228130340576,25.318357467651367,0.7374442219734192,18.195959091186523,0.6306983232498169,0.10559423267841339,5.621554851531982,17.711437225341797,1.2455034255981445,185.95179748535156,1.3060566186904907,351.60980224609375,2.9547377380367834e-06,1.1654562870333507e-09,3.1265947818756104,26.753374099731445,43.184112548828125,0.06085081771016121,7.613501071929932,0.31155651807785034
1001,22719.15886328125,62839.59765625,22716.36936328125,1.4382027525901795,2.7026193981170654,1.0,0.5,3.044839382171631,847.9033203125,7.692548751831055,0.09468089789152145,0.6776329278945923,4.674139499664307,0.6310238242149353,27.72943878173828,1.1186516284942627,25.271411895751953,0.7378774285316467,18.181997299194336,0.6306983232498169,0.10559423267841339,5.63212776184082,17.77577018737793,1.2449852228164673,185.8543243408203,1.3045318126678467,351.3520202636719,2.9547377380367834e-06,1.1654562870333507e-09,3.131908655166626,26.93775177001953,43.18317413330078,0.06085669994354248,7.612865447998047,0.31210362911224365
1002,21153.6319609375,63308.96875,21150.89346875,1.469932818889618,2.5371068830490113,1.0,0.5,3.0726771354675293,851.3868408203125,7.714798927307129,0.09547644853591919,0.6772622466087341,4.674330711364746,0.6327691674232483,27.80850601196289,1.1200132369995117,25.34992218017578,0.7396219968795776,18.20424461364746,0.6306983232498169,0.10559423267841339,5.650139808654785,17.77731704711914,1.2422720193862915,186.0734100341797,1.3110570907592773,352.14788818359375,2.9547377380367834e-06,1.1654562870333507e-09,3.128286838531494,26.957664489746094,43.215145111083984,0.06089365854859352,7.616966247558594,0.3124127984046936
1003,24570.00921875,63748.39453125,24567.18998046875,1.466313461303711,2.7058993053436278,1.0,0.5,3.1247060298919678,855.868408203125,7.727784156799316,0.09670483320951462,0.6775028705596924,4.672695636749268,0.6353052258491516,27.96885108947754,1.1185334920883179,25.48891258239746,0.7423372268676758,18.24578285217285,0.6306983232498169,0.10559423267841339,5.642246246337891,17.83307647705078,1.2349411249160767,185.08229064941406,1.3110122680664062,350.52044677734375,2.9547377380367834e-06,1.1654562870333507e-09,3.1185641288757324,26.82206153869629,43.20906448364258,0.06090131402015686,7.594100475311279,0.31150975823402405
1004,24056.89853125,62346.921875,24054.14278125,1.4227777495384217,2.6662105026245118,1.0,0.5,3.073960065841675,844.9503173828125,7.701353073120117,0.09638625383377075,0.6776179075241089,4.668701648712158,0.635927677154541,28.042387008666992,1.1157468557357788,25.598295211791992,0.7426943778991699,18.241880416870117,0.6306983232498169,0.10559423267841339,5.62197732925415,17.82870101928711,1.2292330265045166,184.373046875,1.3111623525619507,349.383544921875,2.9547377380367834e-06,1.1654562870333507e-09,3.110877513885498,26.77736473083496,43.218849182128906,0.06091286242008209,7.56907844543457,0.3108402192592621
1005,21780.82534375,63060.203125,21778.0891875,1.4653468446731568,2.5416507005691527,1.0,0.5,3.0443997383117676,849.3339233398438,7.681025505065918,0.09543143212795258,0.6777911186218262,4.669961452484131,0.6367992758750916,28.02972412109375,1.11717689037323,25.502792358398438,0.7435164451599121,18.269309997558594,0.6306983232498169,0.10559423267841339,5.611032962799072,17.841079711914062,1.2438026666641235,185.7373046875,1.3165215253829956,352.31787109375,2.9547377380367834e-06,1.1654562870333507e-09,3.115344524383545,26.759479522705078,43.198787689208984,0.06089422479271889,7.5907721519470215,0.31106752157211304
1006,21573.7590703125,63405.68359375,21570.942359375,1.453082501411438,2.7272283229827883,1.0,0.5,3.0880134105682373,851.2382202148438,7.71552848815918,0.09618782997131348,0.6789076328277588,4.681536674499512,0.6374776363372803,28.143070220947266,1.1196190118789673,25.618566513061523,0.7449153065681458,18.321496963500977,0.6306983232498169,0.10559423267841339,5.61974573135376,17.843082427978516,1.2501548528671265,186.5398406982422,1.3192700147628784,354.12567138671875,2.9547377380367834e-06,1.1654562870333507e-09,3.138200521469116,26.90742301940918,43.21174621582031,0.06092216446995735,7.6202192306518555,0.31187471747398376
1007,22317.59983203125,63232.359375,22314.806421875,1.4543194384574891,2.6782921533584596,1.0,0.5,3.0542705059051514,848.87158203125,7.690353870391846,0.09521456807851791,0.6791027784347534,4.684565544128418,0.6346276998519897,28.025468826293945,1.122100591659546,25.545930862426758,0.7405911087989807,18.28294563293457,0.6306983232498169,0.10559423267841339,5.626181602478027,17.821125030517578,1.2548495531082153,187.10256958007812,1.322392225265503,356.0909118652344,2.9547377380367834e-06,1.1654562870333507e-09,3.1297380924224854,26.97292137145996,43.214359283447266,0.06090974807739258,7.627945423126221,0.31257688999176025
1008,23128.29327734375,56820.0625,23125.450375,1.4447946352958678,2.796243691444397,1.0,0.5,2.981045722961426,793.7037353515625,7.687252044677734,0.09459282457828522,0.6752121448516846,4.649397373199463,0.6321744322776794,27.937145233154297,1.1203796863555908,25.412166595458984,0.7387524247169495,18.280540466308594,0.6306983232498169,0.10559423267841339,5.630610466003418,17.753435134887695,1.2650418281555176,187.8808135986328,1.318996548652649,356.89691162109375,2.9547377380367834e-06,1.1654562870333507e-09,3.1358606815338135,26.846982955932617,43.162322998046875,0.060844842344522476,7.649589538574219,0.31233924627304077
1009,24336.293671875,57974.73046875,24333.52628515625,1.470164382457733,2.59435392665863,1.0,0.5,3.0671098232269287,802.7285766601562,7.761511325836182,0.09680654108524323,0.6751484870910645,4.649411201477051,0.6369699835777283,28.173763275146484,1.125798225402832,25.627002716064453,0.7442594766616821,18.390838623046875,0.6306983232498169,0.10559423267841339,5.652871131896973,17.77423667907715,1.2620792388916016,188.40924072265625,1.3297464847564697,359.0223693847656,2.9547377380367834e-06,1.1654562870333507e-09,3.1462128162384033,27.003454208374023,43.19554138183594,0.06088912487030029,7.668267726898193,0.31331494450569153
1010,23908.61503515625,59501.36328125,23905.86061328125,1.4557848000526428,2.597132611274719,1.0,0.5,3.0874698162078857,818.6829833984375,7.717223644256592,0.09593593329191208,0.6793497800827026,4.67704439163208,0.6378486156463623,27.97356605529785,1.125489592552185,25.47156524658203,0.7463597059249878,18.32406997680664,0.6306983232498169,0.10559423267841339,5.666560173034668,17.794267654418945,1.255165457725525,186.2622528076172,1.3193022012710571,353.879150390625,2.9547377380367834e-06,1.1654562870333507e-09,3.138864755630493,26.926179885864258,43.17046356201172,0.060841962695121765,7.629327297210693,0.31230664253234863
1011,22350.4193203125,62297.0234375,22347.5810390625,1.4689610738754273,2.738417639732361,1.0,0.5,3.0357165336608887,841.0306396484375,7.706852912902832,0.09551390260457993,0.6791701912879944,4.687623500823975,0.6403220295906067,28.213605880737305,1.126161813735962,25.633676528930664,0.7494964599609375,18.437896728515625,0.6306983232498169,0.10559423267841339,5.669121742248535,17.828828811645508,1.252311110496521,187.90260314941406,1.3256628513336182,355.8646545410156,2.9547377380367834e-06,1.1654562870333507e-09,3.159804582595825,26.89566421508789,43.23520278930664,0.06094236299395561,7.6688408851623535,0.3127478063106537
1012,22750.66441015625,64642.55859375,22747.88608203125,1.4504428014755248,2.6558041982650757,1.0,0.5,3.120421886444092,863.0062255859375,7.740376949310303,0.09656527638435364,0.6821368932723999,4.7061333656311035,0.6356296539306641,27.94178009033203,1.122094750404358,25.44717788696289,0.7427314519882202,18.28215980529785,0.6306983232498169,0.10559423267841339,5.6983795166015625,17.79861068725586,1.240613579750061,185.56605529785156,1.3099862337112427,350.6072082519531,2.9547377380367834e-06,1.1654562870333507e-09,3.1454265117645264,27.049915313720703,43.22955322265625,0.06092354282736778,7.617759704589844,0.3129492402076721
1013,23019.64646875,60519.3125,23016.91401953125,1.4449814867973327,2.5748628416061403,1.0,0.5,2.996999502182007,827.556396484375,7.673044681549072,0.09554918855428696,0.6772083044052124,4.6637749671936035,0.6353604197502136,28.054317474365234,1.1165937185287476,25.654443740844727,0.7423373460769653,18.277132034301758,0.6306983232498169,0.10559423267841339,5.681704044342041,17.768775939941406,1.2391372919082642,186.2980499267578,1.3238123655319214,353.3288879394531,2.9547377380367834e-06,1.1654562870333507e-09,3.1198275089263916,27.07906723022461,43.20358657836914,0.060917049646377563,7.598944187164307,0.31290510296821594
1014,25098.574578125,70409.359375,25095.8608203125,1.4420693340301514,2.5434411821365357,1.0,0.5,3.1696677207946777,904.5386962890625,7.801340579986572,0.09687594324350357,0.6821198463439941,4.719323635101318,0.6391311287879944,28.269031524658203,1.1254750490188599,25.72049331665039,0.7477965354919434,18.47837257385254,0.6306983232498169,0.10559423267841339,5.699141979217529,17.942155838012695,1.2803996801376343,189.88572692871094,1.3285045623779297,358.52874755859375,2.9547377380367834e-06,1.1654562870333507e-09,3.204967498779297,27.792177200317383,43.20658874511719,0.06092916056513786,7.704573631286621,0.3169061839580536
1015,23803.48684375,65421.98828125,23800.72587890625,1.4650256967544555,2.5918011598587034,1.0,0.5,3.214132070541382,867.6693115234375,7.770716190338135,0.09691579639911652,0.6834818720817566,4.71439266204834,0.638581395149231,27.90496253967285,1.118483543395996,25.276893615722656,0.7447893023490906,18.229686737060547,0.6306983232498169,0.10559423267841339,5.6669206619262695,17.841527938842773,1.2671760320663452,187.65406799316406,1.2957895994186401,353.5510559082031,2.9547377380367834e-06,1.1654562870333507e-09,3.1979408264160156,27.061538696289062,43.15172576904297,0.060853321105241776,7.656366348266602,0.31289786100387573
1016,24680.01071875,62316.453125,24677.18458984375,1.4383041701316834,2.7757166509628295,1.0,0.5,3.1764540672302246,840.781494140625,7.793785095214844,0.09821684658527374,0.6741053462028503,4.6458964347839355,0.6392625570297241,28.143497467041016,1.1188316345214844,25.592008590698242,0.7471151947975159,18.36844825744629,0.6306983232498169,0.10559423267841339,5.621813774108887,17.75714111328125,1.2554880380630493,187.4773712158203,1.3156107664108276,357.0714111328125,2.9547377380367834e-06,1.1654562870333507e-09,3.144153118133545,26.928800582885742,43.165061950683594,0.06087528541684151,7.664586067199707,0.31266021728515625
1017,23489.33780078125,70774.3203125,23486.59609375,1.41097642993927,2.6614240036010743,1.0,0.5,3.0220487117767334,910.4476928710938,7.693731784820557,0.09618181735277176,0.6759810447692871,4.676075458526611,0.6482691168785095,28.553041458129883,1.119816780090332,26.083518981933594,0.7574648857116699,18.507421493530273,0.6306983232498169,0.10559423267841339,5.676318168640137,17.93608283996582,1.2472366094589233,185.32142639160156,1.3245246410369873,353.01361083984375,2.9547377380367834e-06,1.1654562870333507e-09,3.15712833404541,27.540180206298828,43.251033782958984,0.06098153069615364,7.633841037750244,0.3129044771194458
1018,26809.18607421875,63974.24609375,26806.3593984375,1.454332368373871,2.7446309661865236,1.0,0.5,3.2108054161071777,856.287109375,7.757896423339844,0.09743376821279526,0.6774699091911316,4.672718524932861,0.6461108922958374,28.217823028564453,1.1204004287719727,25.609037399291992,0.753093421459198,18.335817337036133,0.6306983232498169,0.10559423267841339,5.699580192565918,17.804798126220703,1.2455602884292603,185.9447021484375,1.3210111856460571,353.5072326660156,2.9547377380367834e-06,1.1654562870333507e-09,3.1276016235351562,26.818246841430664,43.18943405151367,0.060884494334459305,7.592172145843506,0.31047818064689636
1019,23292.19016015625,60023.625,23289.3750703125,1.4413553080558776,2.7475663080215456,1.0,0.5,2.986217737197876,826.1431884765625,7.564298629760742,0.09292668849229813,0.6804310083389282,4.686304092407227,0.6307166218757629,27.603700637817383,1.1131558418273926,25.272428512573242,0.7328739762306213,17.999298095703125,0.6306983232498169,0.10559423267841339,5.662682056427002,17.710107803344727,1.2106380462646484,183.2692413330078,1.3085137605667114,348.4960021972656,2.9547377380367834e-06,1.1654562870333507e-09,3.0645928382873535,26.4268741607666,43.154510498046875,0.0608057975769043,7.51043176651001,0.30934658646583557
1020,24716.59457421875,57401.6484375,24713.7334765625,1.4529772706031798,2.816383141517639,1.0,0.5,2.847775936126709,804.6201171875,7.566629409790039,0.09380890429019928,0.6727730631828308,4.643535137176514,0.6320400834083557,27.7235050201416,1.102126955986023,25.26711082458496,0.7379082441329956,18.06296157836914,0.6306983232498169,0.10559423267841339,5.576231479644775,17.541715621948242,1.2172815799713135,183.1253662109375,1.2949546575546265,346.23809814453125,2.9547377380367834e-06,1.1654562870333507e-09,3.098801851272583,26.622730255126953,43.18204116821289,0.060874536633491516,7.552392959594727,0.30906280875205994
1021,24598.71764453125,59314.45703125,24596.05394921875,1.4239796633720398,2.479702178955078,1.0,0.5,3.049306631088257,819.1707763671875,7.698702812194824,0.09761818498373032,0.6767187118530273,4.654324531555176,0.6378214359283447,28.26336669921875,1.1119678020477295,25.985628128051758,0.7430726885795593,18.22266960144043,0.6306983232498169,0.10559423267841339,5.592732906341553,17.902759552001953,1.230662226676941,184.0558624267578,1.2999423742294312,350.11383056640625,2.9547377380367834e-06,1.1654562870333507e-09,3.137850284576416,27.099384307861328,43.164066314697266,0.06089095398783684,7.579336166381836,0.3108617663383484
1022,24593.06747265625,58000.59765625,24590.38623046875,1.4559179673194884,2.4507501230239868,1.0,0.5,3.0309386253356934,807.4381713867188,7.718935489654541,0.09862334281206131,0.6722802519798279,4.6402130126953125,0.6298340559005737,28.029151916503906,1.1048921346664429,25.787883758544922,0.7349778413772583,18.121906280517578,0.6306983232498169,0.10559423267841339,5.547676086425781,17.71454620361328,1.2362805604934692,184.6031036376953,1.2893760204315186,350.86895751953125,2.9547377380367834e-06,1.1654562870333507e-09,3.1285836696624756,26.975187301635742,43.15800094604492,0.06085021048784256,7.578191757202148,0.3106829524040222
1023,24011.42793359375,62056.484375,24008.61977734375,1.4794335541725159,2.6577434387207033,1.0,0.5,2.960491418838501,838.7181396484375,7.613513469696045,0.09431751817464828,0.6717457175254822,4.6506853103637695,0.6332589387893677,28.12502670288086,1.1167172193527222,25.590646743774414,0.7378008961677551,18.35854148864746,0.6306983232498169,0.10559423267841339,5.54297399520874,17.715362548828125,1.2893247604370117,188.08665466308594,1.309641718864441,356.50921630859375,2.9547377380367834e-06,1.1654562870333507e-09,3.1470437049865723,26.949357986450195,43.11863327026367,0.06077172979712486,7.675161838531494,0.31228575110435486
1024,22226.72165234375,67395.4296875,22224.01703125,1.4256719498634338,2.557858981132507,1.0,0.5,3.252275228500366,885.1947021484375,7.813342094421387,0.09872659295797348,0.6811487078666687,4.724957466125488,0.6227738261222839,27.641965866088867,1.109527826309204,25.185518264770508,0.7274688482284546,18.148771286010742,0.6306983232498169,0.10559423267841339,5.6293745040893555,17.70990562438965,1.2504713535308838,184.67242431640625,1.2953782081604004,350.71429443359375,2.9547377380367834e-06,1.1654562870333507e-09,3.1298513412475586,27.849885940551758,43.20305252075195,0.06082412227988243,7.577515602111816,0.31572237610816956
1025,23511.75743359375,61304.75390625,23509.0654609375,1.4438384656906127,2.4961414165496825,1.0,0.5,3.2453269958496094,837.0505981445312,7.792298316955566,0.09750239551067352,0.6814250349998474,4.698244094848633,0.6258382201194763,27.5884952545166,1.109289526939392,25.178775787353516,0.7349451780319214,18.225786209106445,0.6306983232498169,0.10559423267841339,5.5606207847595215,17.700481414794922,1.2510603666305542,184.42152404785156,1.2930545806884766,347.4771728515625,2.9547377380367834e-06,1.1654562870333507e-09,3.1772966384887695,27.854923248291016,43.118465423583984,0.06073951721191406,7.60931396484375,0.31636086106300354
1026,24701.99505859375,58474.3515625,24699.20517578125,1.4566679606437682,2.666321249008179,1.0,0.5,2.920365810394287,810.2222900390625,7.585542678833008,0.09386549890041351,0.6729719042778015,4.662056922912598,0.6352677941322327,28.205244064331055,1.1120707988739014,25.761293411254883,0.7413880825042725,18.419239044189453,0.6306983232498169,0.10559423267841339,5.5112104415893555,17.64776039123535,1.217330813407898,185.7281036376953,1.32275390625,353.2856750488281,2.9547377380367834e-06,1.1654562870333507e-09,3.1256299018859863,26.848236083984375,43.12987518310547,0.06079229339957237,7.5926713943481445,0.30971065163612366
1027,26473.443296875,56472.44921875,26470.67037890625,1.4608889455795289,2.624180820465088,1.0,0.5,3.0529885292053223,788.4229736328125,7.711106300354004,0.098093181848526,0.6695519089698792,4.614768028259277,0.6484033465385437,28.875328063964844,1.1184543371200562,26.345726013183594,0.7546132206916809,18.683053970336914,0.6306983232498169,0.10559423267841339,5.59440803527832,17.895950317382812,1.2659651041030884,189.19642639160156,1.3320591449737549,360.9006042480469,2.9547377380367834e-06,1.1654562870333507e-09,3.12760066986084,26.79389762878418,43.072845458984375,0.060784969478845596,7.602075576782227,0.30971595644950867
1028,26985.4421875,68738.5078125,26982.759515625,1.4401959974765777,2.4853097553253174,1.0,0.5,3.074876070022583,889.3027954101562,7.773271083831787,0.09859731793403625,0.673686146736145,4.677130222320557,0.6336665749549866,28.37778091430664,1.1256122589111328,26.046768188476562,0.7364444732666016,18.466489791870117,0.6306983232498169,0.10559423267841339,5.544527530670166,17.85253143310547,1.263676643371582,189.20877075195312,1.3302175998687744,364.30804443359375,2.9547377380367834e-06,1.1654562870333507e-09,3.176217555999756,27.77775764465332,43.181453704833984,0.0608769915997982,7.6793389320373535,0.3139619529247284
1029,23688.200859375,70239.46875,23685.48544140625,1.4345702457427978,2.561581510543823,1.0,0.5,3.156005859375,894.5874633789062,7.827486991882324,0.10110427439212799,0.67355877161026,4.683002948760986,0.6514483094215393,29.45918083190918,1.1374318599700928,26.818204879760742,0.7556198835372925,19.032041549682617,0.6306983232498169,0.10559423267841339,5.556461811065674,17.918237686157227,1.3433279991149902,194.87132263183594,1.3604992628097534,376.8013610839844,2.9547377380367834e-06,1.1654562870333507e-09,3.184377670288086,28.229019165039062,43.31690216064453,0.061065152287483215,7.765783309936523,0.3185994327068329
1030,26344.841890625,61327.2734375,26342.15240625,1.425709192752838,2.5275854902267456,1.0,0.5,3.226123809814453,824.7614135742188,7.912022590637207,0.10123684257268906,0.672823429107666,4.65353536605835,0.6415817737579346,28.87440299987793,1.1222255229949951,26.211444854736328,0.7463929057121277,18.697864532470703,0.6306983232498169,0.10559423267841339,5.617372512817383,17.70810890197754,1.2605341672897339,190.89576721191406,1.3615397214889526,372.6693115234375,2.9547377380367834e-06,1.1654562870333507e-09,3.157255172729492,28.257789611816406,43.13041687011719,0.060819629579782486,7.74013614654541,0.3199169337749481
1031,24449.6993203125,60947.59375,24446.94254296875,1.4521825566291808,2.608941843986511,1.0,0.5,3.129392385482788,830.8762817382812,7.700464248657227,0.09572025388479233,0.6744787096977234,4.6216959953308105,0.6357169151306152,28.03727149963379,1.1105858087539673,25.483579635620117,0.740671694278717,18.383880615234375,0.6306983232498169,0.10559423267841339,5.466047286987305,17.624727249145508,1.267522931098938,185.46971130371094,1.3019368648529053,354.4742431640625,2.9547377380367834e-06,1.1654562870333507e-09,3.110572099685669,27.052827835083008,43.05746078491211,0.06068171560764313,7.540987968444824,0.3105669617652893
1032,23474.430296875,56692.28515625,23471.68591796875,1.4651698541641236,2.5586491060256957,1.0,0.5,2.96756911277771,798.6234130859375,7.680417537689209,0.09535699337720871,0.6709221005439758,4.609118461608887,0.6197975277900696,27.16909408569336,1.1089421510696411,24.9177303314209,0.7276833653450012,17.950214385986328,0.6306983232498169,0.10559423267841339,5.558321475982666,17.601926803588867,1.2248185873031616,182.0760955810547,1.2808804512023926,346.38861083984375,2.9547377380367834e-06,1.1654562870333507e-09,3.086423397064209,26.85154914855957,43.05424880981445,0.06068453565239906,7.5809197425842285,0.3118470311164856
1033,23662.14881640625,47846.51171875,23659.37157421875,1.476955213546753,2.6004716873168947,1.0,0.5,2.8528313636779785,718.4848022460938,7.5842461585998535,0.09259429574012756,0.6717367768287659,4.602359294891357,0.6234197020530701,27.666658401489258,1.09144926071167,25.15319061279297,0.730634331703186,18.079092025756836,0.6306983232498169,0.10559423267841339,5.507623195648193,17.412845611572266,1.2175277471542358,182.0062255859375,1.2761261463165283,343.100830078125,2.9547377380367834e-06,1.1654562870333507e-09,3.101076602935791,26.727813720703125,43.08921813964844,0.06072009727358818,7.54002571105957,0.31034907698631287
1034,22824.546375,58713.55078125,22821.8204375,1.4273064396381379,2.5971412477493288,1.0,0.5,3.3366494178771973,815.8527221679688,7.8347883224487305,0.09720219671726227,0.6819886565208435,4.669662952423096,0.645404577255249,28.16778564453125,1.1207830905914307,25.422170639038086,0.7538840770721436,18.424428939819336,0.6306983232498169,0.10559423267841339,5.686257839202881,17.857410430908203,1.2299551963806152,181.50830078125,1.2999192476272583,347.2242736816406,2.9547377380367834e-06,1.1654562870333507e-09,3.13761568069458,26.86243438720703,43.064205169677734,0.0606829896569252,7.575066566467285,0.3111207187175751
1035,24517.0474375,58433.203125,24514.2961171875,1.4409927697181701,2.6209855346679687,1.0,0.5,3.202955722808838,812.8045043945312,7.637922286987305,0.09691303968429565,0.6829116940498352,4.715171813964844,0.645051121711731,28.197797775268555,1.1205260753631592,25.460859298706055,0.7533369064331055,18.455751419067383,0.6306983232498169,0.10559423267841339,5.591627597808838,17.585851669311523,1.2587257623672485,184.498046875,1.2996419668197632,347.1978454589844,2.9547377380367834e-06,1.1654562870333507e-09,3.1128158569335938,26.26087760925293,43.14341735839844,0.06078153848648071,7.535041332244873,0.30798545479774475
1036,23697.5388125,68625.125,23694.85297265625,1.4369286122322082,2.497944700241089,1.0,0.5,3.0765230655670166,895.0802612304688,7.583116054534912,0.09352398663759232,0.6809316277503967,4.718136787414551,0.6459423899650574,28.28105354309082,1.1195292472839355,25.229015350341797,0.7562659978866577,18.526378631591797,0.6306983232498169,0.10559423267841339,5.472808837890625,17.45589256286621,1.213879942893982,187.11708068847656,1.317463994026184,348.8445129394531,2.9547377380367834e-06,1.1654562870333507e-09,3.224046230316162,27.360450744628906,43.09663009643555,0.060765210539102554,7.594302177429199,0.3111814558506012
1037,26795.77419921875,66450.390625,26793.1106875,1.460316695690155,2.4062282190322875,1.0,0.5,3.147629976272583,883.3037719726562,7.640305995941162,0.09547307342290878,0.6794837117195129,4.658552646636963,0.6253772974014282,27.140806198120117,1.0935828685760498,24.443012237548828,0.7318709492683411,17.938962936401367,0.6306983232498169,0.10559423267841339,5.479382514953613,17.598358154296875,1.1893177032470703,179.8536834716797,1.2580738067626953,339.1871032714844,2.9547377380367834e-06,1.1654562870333507e-09,3.056767702102661,25.978836059570312,42.952354431152344,0.06052083522081375,7.462770462036133,0.306869775056839
1038,27421.28985546875,60888.984375,27418.44866015625,1.449988030910492,2.7819532890319825,1.0,0.5,3.182610034942627,833.9116821289062,7.782564163208008,0.09944405406713486,0.6661690473556519,4.597044944763184,0.6446268558502197,28.202972412109375,1.1172242164611816,25.420007705688477,0.7535552382469177,18.38364601135254,0.6306983232498169,0.10559423267841339,5.499637126922607,17.766937255859375,1.2352787256240845,184.1271209716797,1.2982879877090454,346.8512268066406,2.9547377380367834e-06,1.1654562870333507e-09,3.0442025661468506,26.25739097595215,43.087711334228516,0.06077194586396217,7.58746337890625,0.30948492884635925
1039,27067.861203125,67698.0234375,27065.0675859375,1.4447741584777831,2.6977752647399904,1.0,0.5,3.2781012058258057,886.1739501953125,7.75593376159668,0.0972750335931778,0.6818320155143738,4.693315505981445,0.6452636122703552,28.041959762573242,1.1373040676116943,25.31342887878418,0.7501175999641418,18.184972763061523,0.6306983232498169,0.10559423267841339,5.951233386993408,17.996883392333984,1.177231788635254,181.67422485351562,1.3435614109039307,355.84930419921875,2.9547377380367834e-06,1.1654562870333507e-09,3.124244451522827,26.59657859802246,42.90561294555664,0.06060313805937767,7.610897064208984,0.311053603887558
1040,25181.98522265625,50421.65625,25179.32934375,1.4538946738243104,2.4037551498413086,1.0,0.5,2.919286012649536,740.7164306640625,7.661101818084717,0.09691623598337173,0.651427149772644,4.477012634277344,0.6430032849311829,27.8305721282959,1.092451572418213,24.826454162597656,0.749472975730896,18.2841739654541,0.6306983232498169,0.10559423267841339,5.596442222595215,17.48493766784668,1.234412431716919,183.54624938964844,1.2982289791107178,347.5850524902344,2.9547377380367834e-06,1.1654562870333507e-09,3.0675082206726074,25.771753311157227,43.05435562133789,0.060726016759872437,7.555814743041992,0.3075781762599945
1041,24868.55467578125,70199.328125,24865.8479609375,1.4488525199890137,2.5160366315841673,1.0,0.5,3.039180040359497,911.7664794921875,7.644367218017578,0.09290794283151627,0.6729637980461121,4.655656337738037,0.6412450075149536,27.72184181213379,1.1029868125915527,24.827369689941406,0.7488550543785095,18.26082420349121,0.6306983232498169,0.10559423267841339,5.7663469314575195,17.852867126464844,1.2003494501113892,181.99252319335938,1.2524195909500122,339.9451904296875,2.9547377380367834e-06,1.1654562870333507e-09,3.210317373275757,26.59292984008789,42.913089752197266,0.06057290360331535,7.706845760345459,0.3118017613887787
1042,26514.5927421875,73642.9375,26511.8924609375,1.4503275480270386,2.4999202146530153,1.0,0.5,3.07837176322937,931.9459228515625,7.784443378448486,0.09664346277713776,0.6752636432647705,4.661257743835449,0.6433994770050049,28.17341423034668,1.125457525253296,25.446453094482422,0.743242621421814,18.387290954589844,0.6306983232498169,0.10559423267841339,5.553782939910889,17.885217666625977,1.2534326314926147,183.18666076660156,1.3027957677841187,354.9868469238281,2.9547377380367834e-06,1.1654562870333507e-09,3.119699239730835,27.592180252075195,43.03409957885742,0.060693707317113876,7.635830879211426,0.31794455647468567
1043,26360.82375,67669.796875,26358.08765625,1.4561611909866332,2.560067229270935,1.0,0.5,3.33286452293396,879.7711791992188,8.006234169006348,0.10400281101465225,0.6794187426567078,4.676150798797607,0.6322727203369141,28.136709213256836,1.1281644105911255,26.21662139892578,0.7312648296356201,18.171945571899414,0.6306983232498169,0.10559423267841339,5.491843223571777,17.558258056640625,1.199288249015808,186.5644073486328,1.361739993095398,368.3510437011719,2.9547377380367834e-06,1.1654562870333507e-09,3.077117681503296,26.99882698059082,43.12753677368164,0.06089799478650093,7.679843902587891,0.31483882665634155
1044,26612.88935546875,90290.625,26610.1642890625,1.4299027185440063,2.5903488368988037,1.0,0.5,3.0190086364746094,1050.89306640625,7.522426605224609,0.08879533410072327,0.6874061226844788,4.750275135040283,0.6373282670974731,27.54932403564453,1.123009204864502,25.162342071533203,0.742160975933075,18.14301872253418,0.6306983232498169,0.10559423267841339,5.608656883239746,17.96263313293457,1.1802620887756348,182.6234130859375,1.3341045379638672,351.39959716796875,2.9547377380367834e-06,1.1654562870333507e-09,3.141688108444214,27.7589168548584,43.017269134521484,0.06072186678647995,7.574378490447998,0.31305986642837524
1045,24419.31018359375,81294.1875,24416.605859375,1.460864773750305,2.486781930923462,1.0,0.5,3.4900474548339844,986.2493896484375,8.003389358520508,0.10392232239246368,0.6804593205451965,4.702199935913086,0.6329861283302307,28.048593521118164,1.1406238079071045,25.540454864501953,0.7445846796035767,18.49769401550293,0.6306983232498169,0.10559423267841339,5.8468337059021,17.89305305480957,1.2827951908111572,189.72412109375,1.301893711090088,355.7394714355469,2.9547377380367834e-06,1.1654562870333507e-09,3.2345666885375977,27.17768669128418,43.2049560546875,0.06100312992930412,7.710041046142578,0.3170992136001587
1046,24943.8146484375,60042.140625,24941.0757265625,1.4286318702697753,2.620181653022766,1.0,0.5,2.9891819953918457,820.84130859375,7.606729030609131,0.09564317762851715,0.6717459559440613,4.599297523498535,0.6318608522415161,27.738065719604492,1.1177116632461548,25.6706485748291,0.7366522550582886,17.982154846191406,0.6306983232498169,0.10559423267841339,5.81948184967041,17.910594940185547,1.2257740497589111,184.829833984375,1.3465975522994995,360.307373046875,2.9547377380367834e-06,1.1654562870333507e-09,3.0773277282714844,26.63949966430664,43.154178619384766,0.06084475293755531,7.543978214263916,0.31057223677635193
1047,27002.5580234375,63474.015625,26999.8670546875,1.468485511302948,2.445041069030762,1.0,0.5,2.7706050872802734,844.51220703125,7.5830535888671875,0.09533325582742691,0.6792721152305603,4.681836128234863,0.6374467611312866,27.985816955566406,1.126046895980835,25.781076431274414,0.744104266166687,18.446487426757812,0.6306983232498169,0.10559423267841339,5.491908073425293,17.394329071044922,1.262839913368225,189.96815490722656,1.3539812564849854,369.3684997558594,2.9547377380367834e-06,1.1654562870333507e-09,3.122189998626709,27.91240692138672,43.26177978515625,0.0609264113008976,7.702084064483643,0.3199397325515747
1048,27514.949,86260.9140625,27512.2443125,1.427034605026245,2.555014178276062,1.0,0.5,3.0982213020324707,1015.9351806640625,7.57163667678833,0.09410879015922546,0.6929632425308228,4.780045986175537,0.6288890242576599,27.83330726623535,1.1469806432724,25.99417495727539,0.7341272234916687,18.30497169494629,0.6306983232498169,0.10559423267841339,5.461835861206055,18.03226089477539,1.2244967222213745,190.5337371826172,1.3705052137374878,369.2759704589844,2.9547377380367834e-06,1.1654562870333507e-09,3.145599842071533,26.541837692260742,43.00852584838867,0.06069403886795044,7.702256202697754,0.3124537169933319
1049,26770.650328125,54192.4921875,26767.8975078125,1.4637355580329896,2.5781429967880247,1.0,0.5,2.7329022884368896,766.637939453125,7.618608474731445,0.09260857850313187,0.6748123168945312,4.6482157707214355,0.6146271824836731,27.844743728637695,1.1067523956298828,25.884227752685547,0.7133586406707764,18.000423431396484,0.6306983232498169,0.10559423267841339,5.402131080627441,17.399539947509766,1.2321486473083496,185.11077880859375,1.3218889236450195,365.90106201171875,2.9547377380367834e-06,1.1654562870333507e-09,2.994584083557129,26.370115280151367,43.083824157714844,0.06075088307261467,7.60067081451416,0.3106100857257843
1050,29533.1578828125,54882.95703125,29530.47259375,1.4372549738883973,2.4955865993499757,1.0,0.5,2.980269193649292,771.9249267578125,7.705454349517822,0.09816991537809372,0.675693690776825,4.629281520843506,0.6199855804443359,27.849674224853516,1.10854971408844,25.303773880004883,0.7218561768531799,17.979591369628906,0.6306983232498169,0.10559423267841339,5.601173400878906,17.411691665649414,1.2350990772247314,187.7974090576172,1.3303920030593872,366.6784362792969,2.9547377380367834e-06,1.1654562870333507e-09,3.120419979095459,26.192331314086914,43.1246337890625,0.060843050479888916,7.641838550567627,0.3109554946422577
1051,27469.4127265625,53130.453125,27466.7140703125,1.418021028995514,2.5615400714874266,1.0,0.5,2.9346652030944824,760.8363647460938,7.656275272369385,0.09464889019727707,0.6701449155807495,4.612819671630859,0.6604717373847961,28.734344482421875,1.1268543004989624,25.811840057373047,0.76886385679245,18.588069915771484,0.6306983232498169,0.10559423267841339,5.624523162841797,17.80756950378418,1.2804243564605713,188.92893981933594,1.320905327796936,355.4766845703125,2.9547377380367834e-06,1.1654562870333507e-09,3.1435225009918213,26.422616958618164,43.0793571472168,0.060908932238817215,7.773229598999023,0.3118996322154999
1052,29506.17393359375,73304.6640625,29503.44713671875,1.4254249742031098,2.602636685371399,1.0,0.5,2.926647186279297,925.1997680664062,7.714931011199951,0.09101899713277817,0.6836889982223511,4.671160697937012,0.6506027579307556,27.751312255859375,1.1152660846710205,25.14684295654297,0.7570673227310181,18.095077514648438,0.6306983232498169,0.10559423267841339,5.797088146209717,17.838336944580078,1.218756914138794,188.27374267578125,1.3146545886993408,363.2451477050781,2.9547377380367834e-06,1.1654562870333507e-09,3.2716705799102783,28.002246856689453,43.04216003417969,0.060729872435331345,7.767192363739014,0.31939131021499634
1053,29642.46396484375,59307.06640625,29639.75020703125,1.4744984889030457,2.4786350889205933,1.0,0.5,3.1004674434661865,809.8477783203125,7.8509674072265625,0.0946209579706192,0.6550367474555969,4.533188343048096,0.6098392605781555,26.84701156616211,1.1021935939788818,24.937000274658203,0.714909017086029,17.75132179260254,0.6306983232498169,0.10559423267841339,5.530468940734863,17.603378295898438,1.2199110984802246,190.9813232421875,1.3061468601226807,367.76123046875,2.9547377380367834e-06,1.1654562870333507e-09,3.116321086883545,26.699995040893555,42.74317169189453,0.0603860542178154,7.790191650390625,0.3160814940929413
1054,26056.99090625,58276.71484375,26054.2658203125,1.4276039600372314,2.595035482406616,1.0,0.5,2.9266297817230225,801.9100952148438,7.679449081420898,0.09346789866685867,0.668516218662262,4.618602752685547,0.6275916695594788,28.43888282775879,1.1018946170806885,26.535554885864258,0.7358732223510742,18.31587791442871,0.6306983232498169,0.10559423267841339,5.492737293243408,17.919424057006836,1.2916239500045776,189.126953125,1.3340705633163452,366.234375,2.9547377380367834e-06,1.1654562870333507e-09,3.109884262084961,26.538700103759766,43.09458923339844,0.06087816134095192,7.74232292175293,0.3119916021823883
1055,30792.80188671875,80409.4921875,30790.0396015625,1.4669587140083313,2.5902943544387815,1.0,0.5,2.8615100383758545,976.4110107421875,7.5844926834106445,0.0933191254734993,0.6765298843383789,4.730663299560547,0.6202138066291809,28.27301788330078,1.0977365970611572,26.506370544433594,0.7252382636070251,18.23139190673828,0.6306983232498169,0.10559423267841339,5.238065719604492,17.998594284057617,1.2856067419052124,193.2362518310547,1.3411774635314941,363.4760437011719,2.9547377380367834e-06,1.1654562870333507e-09,3.049734115600586,26.385387420654297,43.038143157958984,0.06083668768405914,7.581583499908447,0.30738335847854614
1056,27287.54522265625,64855.13671875,27284.787140625,1.4348974170684814,2.6464910345077515,1.0,0.5,3.294273853302002,863.1988525390625,7.771327495574951,0.10098142921924591,0.6830563545227051,4.690225124359131,0.6762383580207825,29.604904174804688,1.1432530879974365,26.814138412475586,0.7921563386917114,19.02762794494629,0.6306983232498169,0.10559423267841339,5.702643871307373,18.406787872314453,1.2864694595336914,186.9599151611328,1.3286291360855103,353.40716552734375,2.9547377380367834e-06,1.1654562870333507e-09,3.146796226501465,25.844524383544922,42.82083511352539,0.060565557330846786,7.664948463439941,0.311306357383728
1057,28352.26729296875,64617.73046875,28349.510375,1.454029149532318,2.6057083349227907,1.0,0.5,3.3128116130828857,866.413330078125,7.724081516265869,0.10747164487838745,0.6927247643470764,4.716984272003174,0.6665940284729004,29.39078140258789,1.1306874752044678,26.877897262573242,0.7806872725486755,18.820636749267578,0.6306983232498169,0.10559423267841339,5.91918420791626,18.522586822509766,1.2622673511505127,184.26991271972656,1.2602442502975464,342.0257263183594,2.9547377380367834e-06,1.1654562870333507e-09,3.183685541152954,26.65841293334961,42.92156219482422,0.060627710074186325,7.532014846801758,0.3091696798801422
1058,28248.9151484375,69634.125,28246.1882734375,1.423600657939911,2.6065520277023317,1.0,0.5,3.209488868713379,905.3026123046875,7.624834060668945,0.09848502278327942,0.6802660226821899,4.694439888000488,0.658419668674469,29.4388427734375,1.14260733127594,26.40489959716797,0.7644978165626526,18.899669647216797,0.6306983232498169,0.10559423267841339,5.80159854888916,18.207904815673828,1.228165626525879,181.54425048828125,1.298429250717163,345.4931335449219,2.9547377380367834e-06,1.1654562870333507e-09,3.0489699840545654,26.151920318603516,42.96577453613281,0.06058751791715622,7.531476974487305,0.30835363268852234
1059,28494.3876484375,84011.75,28491.65411328125,1.4929459953308106,2.480847463607788,1.0,0.5,3.555509090423584,998.0192260742188,7.889993667602539,0.1008748859167099,0.6714997887611389,4.624252796173096,0.6835309863090515,30.30323600769043,1.1741549968719482,27.81879234313965,0.7920808792114258,19.43053436279297,0.6306983232498169,0.10559423267841339,5.742393493652344,18.380956649780273,1.2698496580123901,186.9671630859375,1.3866223096847534,376.81536865234375,2.9547377380367834e-06,1.1654562870333507e-09,3.0983009338378906,26.906667709350586,43.11301040649414,0.0607866533100605,7.710605621337891,0.3133206367492676
1060,31842.64719921875,59489.609375,31839.99629296875,1.446483118534088,2.4092992753982543,1.0,0.5,3.185936450958252,808.2882690429688,7.764220237731934,0.09123870730400085,0.6519938111305237,4.497339725494385,0.6413952708244324,27.742477416992188,1.13468599319458,25.296846389770508,0.7588927745819092,18.674367904663086,0.6306983232498169,0.10559423267841339,5.533945560455322,17.66591453552246,1.3393884897232056,194.18270874023438,1.323088526725769,372.769775390625,2.9547377380367834e-06,1.1654562870333507e-09,3.221205949783325,27.33634376525879,43.09970474243164,0.06071532517671585,7.801155090332031,0.3141620457172394
1061,27758.1017734375,76808.953125,27755.28344140625,1.4461374826431275,2.7438665370941164,1.0,0.5,3.3788113594055176,944.4598999023438,7.914263725280762,0.10015798360109329,0.663773238658905,4.6678643226623535,0.6525046229362488,30.315397262573242,1.1649847030639648,29.121475219726562,0.753791332244873,19.307401657104492,0.6306983232498169,0.10559423267841339,5.343836784362793,17.924121856689453,1.3231006860733032,192.19943237304688,1.4012668132781982,378.2556457519531,2.9547377380367834e-06,1.1654562870333507e-09,3.078108310699463,28.235010147094727,43.31223678588867,0.06112448126077652,7.727282524108887,0.3131757378578186
1062,31034.093203125,63440.42578125,31031.42167578125,1.43544882106781,2.4720984258651733,1.0,0.5,3.4837305545806885,849.7288818359375,8.143893241882324,0.10828886181116104,0.6439488530158997,4.460324287414551,0.6532168388366699,29.358171463012695,1.108768343925476,26.4769287109375,0.7625623941421509,18.982250213623047,0.6306983232498169,0.10559423267841339,5.567880153656006,17.658321380615234,1.2147520780563354,185.18772888183594,1.3482078313827515,358.9920349121094,2.9547377380367834e-06,1.1654562870333507e-09,2.952530860900879,26.0648250579834,43.21124267578125,0.060820821672677994,7.567483901977539,0.3084413409233093
1063,30742.5057265625,47375.34765625,30739.7936015625,1.437168280363083,2.5497990369796755,1.0,0.5,3.2748804092407227,702.6819458007812,7.839325904846191,0.10106083005666733,0.6644834280014038,4.651209831237793,0.6638590693473816,28.80120277404785,1.1819324493408203,26.94144058227539,0.7790881395339966,18.879179000854492,0.6306983232498169,0.10559423267841339,5.8788933753967285,17.769912719726562,1.3340888023376465,189.3609161376953,1.3031561374664307,361.46820068359375,2.9547377380367834e-06,1.1654562870333507e-09,3.12300705909729,26.537492752075195,43.028438568115234,0.06053594499826431,7.800016403198242,0.3181312680244446
1064,27033.7727734375,64125.75,27031.1331796875,1.4205666861534119,2.437767617225647,1.0,0.5,3.271190881729126,846.9190673828125,7.991250514984131,0.10270426422357559,0.6694635152816772,4.6233086585998535,0.6571875214576721,29.614953994750977,1.1297398805618286,27.127931594848633,0.7594133019447327,18.853044509887695,0.6306983232498169,0.10559423267841339,5.510161399841309,17.905658721923828,1.2786751985549927,190.1758270263672,1.3514902591705322,375.91925048828125,2.9547377380367834e-06,1.1654562870333507e-09,2.985421657562256,25.95092010498047,43.172088623046875,0.060915809124708176,7.7480926513671875,0.31162500381469727
1065,30073.079578125,57993.51171875,30070.418609375,1.443649053812027,2.434149989128113,1.0,0.5,2.9082963466644287,797.144287109375,7.611398220062256,0.09174957126379013,0.6526122093200684,4.491565227508545,0.6651992797851562,28.91702651977539,1.124480128288269,26.396282196044922,0.7742636799812317,18.730199813842773,0.6306983232498169,0.10559423267841339,5.597555160522461,17.93511390686035,1.2590408325195312,189.17787170410156,1.3762625455856323,371.1859130859375,2.9547377380367834e-06,1.1654562870333507e-09,3.065539598464966,25.5914249420166,43.18901443481445,0.060895808041095734,7.771636486053467,0.31202834844589233
1066,29876.5515078125,62196.35546875,29873.84883203125,1.4641600308418274,2.477010672569275,1.0,0.5,3.2888076305389404,842.5546875,7.631432056427002,0.09067120403051376,0.668262243270874,4.615334987640381,0.6587251424789429,28.498085021972656,1.1142395734786987,25.207523345947266,0.7538172602653503,18.628305435180664,0.6306983232498169,0.10559423267841339,5.3890252113342285,17.631877899169922,1.2794489860534668,183.41098022460938,1.3195387125015259,352.7017517089844,2.9547377380367834e-06,1.1654562870333507e-09,3.0263874530792236,25.750423431396484,43.071075439453125,0.06065744161605835,7.5096516609191895,0.30360087752342224
1067,29639.4754609375,76003.71875,29636.7770078125,1.4250045709609986,2.5468557949066164,1.0,0.5,3.2712321281433105,950.1312866210938,7.829967021942139,0.10534046590328217,0.6795541048049927,4.701201915740967,0.6707124710083008,29.61532974243164,1.1659811735153198,27.71320343017578,0.7798209190368652,18.91706085205078,0.6306983232498169,0.10559423267841339,5.889091491699219,18.475133895874023,1.2588434219360352,182.88174438476562,1.3575502634048462,353.2052307128906,2.9547377380367834e-06,1.1654562870333507e-09,3.1798691749572754,26.716768264770508,43.25962829589844,0.06104353442788124,7.585541725158691,0.3067616820335388
1068,28421.654953125,78331.859375,28419.00778125,1.4532083611488342,2.387758783340454,1.0,0.5,3.6793954372406006,970.5435180664062,7.893587112426758,0.10119051486253738,0.6859636902809143,4.7268853187561035,0.6537030339241028,27.811420440673828,1.1562941074371338,25.77420997619629,0.7761977910995483,18.452468872070312,0.6306983232498169,0.10559423267841339,5.791685104370117,18.287384033203125,1.2270821332931519,182.92919921875,1.2796094417572021,344.0397644042969,2.9547377380367834e-06,1.1654562870333507e-09,3.2551674842834473,26.589183807373047,42.74848556518555,0.06048402190208435,7.692780494689941,0.314714252948761
1069,29362.69078125,57689.94140625,29360.01740234375,1.4598929662704467,2.4267764616012575,1.0,0.5,2.897681951522827,788.2947387695312,7.475793361663818,0.09289970993995667,0.6617881655693054,4.463064193725586,0.6622190475463867,29.108285903930664,1.136826753616333,26.232952117919922,0.7555879354476929,18.50702476501465,0.6306983232498169,0.10559423267841339,5.426626205444336,17.809236526489258,1.2549368143081665,196.83609008789062,1.4426833391189575,380.2099304199219,2.9547377380367834e-06,1.1654562870333507e-09,3.048888683319092,26.62767219543457,42.865440368652344,0.06054706126451492,7.509979724884033,0.31184491515159607
1070,28688.66628515625,74663.015625,28685.950734375,1.4858986384868622,2.459139347076416,1.0,0.5,3.063520669937134,942.6131591796875,7.6722917556762695,0.10010997205972672,0.6425615549087524,4.5406975746154785,0.6738365292549133,29.65867805480957,1.1741362810134888,27.286727905273438,0.7702403664588928,18.82257843017578,0.6306983232498169,0.10559423267841339,6.192721843719482,18.28496742248535,1.1696138381958008,181.55166625976562,1.3445323705673218,347.4176940917969,2.9547377380367834e-06,1.1654562870333507e-09,3.043034791946411,27.31707763671875,42.9157600402832,0.06074785068631172,7.656454086303711,0.317341148853302
1071,27036.78798046875,50159.47265625,27034.1178671875,1.41891153049469,2.502066782951355,1.0,0.5,3.2087578773498535,736.295166015625,7.630463123321533,0.09407133609056473,0.6611276268959045,4.610157012939453,0.6539742350578308,29.027793884277344,1.1649506092071533,26.614593505859375,0.749770998954773,18.473493576049805,0.6306983232498169,0.10559423267841339,5.81104850769043,17.954849243164062,1.2206465005874634,184.18515014648438,1.3351922035217285,351.1349182128906,2.9547377380367834e-06,1.1654562870333507e-09,2.9551408290863037,24.972993850708008,42.663818359375,0.06047562509775162,7.514743328094482,0.3012639582157135
1072,31976.6422734375,49178.76171875,31973.94501953125,1.447254593849182,2.500220304489136,1.0,0.5,2.87099027633667,735.3438720703125,7.719622611999512,0.0969507023692131,0.6553601622581482,4.550145626068115,0.6219068765640259,28.199954986572266,1.1132862567901611,25.3093204498291,0.7187570929527283,18.301485061645508,0.6306983232498169,0.10559423267841339,5.789711952209473,17.287065505981445,1.2368806600570679,179.74362182617188,1.227263331413269,335.6366882324219,2.9547377380367834e-06,1.1654562870333507e-09,3.1000595092773438,26.447986602783203,42.748863220214844,0.060372982174158096,7.527004241943359,0.30877915024757385
1073,35359.8167578125,66050.203125,35357.1880859375,1.4335202770233155,2.39054967212677,1.0,0.5,3.2606356143951416,870.8606567382812,7.841976642608643,0.10418420284986496,0.6790028810501099,4.668525695800781,0.6760196089744568,28.227293014526367,1.1500301361083984,25.31041145324707,0.7823404669761658,18.28081703186035,0.6306983232498169,0.10559423267841339,5.507951736450195,17.842308044433594,1.2099123001098633,186.37879943847656,1.3536739349365234,358.6911315917969,2.9547377380367834e-06,1.1654562870333507e-09,3.260348081588745,27.819931030273438,42.78343963623047,0.06045078486204147,7.556948661804199,0.3114556074142456
1074,34221.00662890625,37421.78125,34218.28467578125,1.4562133746147157,2.5313701038360596,1.0,0.5,2.5753369331359863,607.6587524414062,7.242945671081543,0.08925026655197144,0.6407880187034607,4.397173881530762,0.6167616248130798,27.06421661376953,1.0873945951461792,24.651411056518555,0.7234408259391785,17.817066192626953,0.6306983232498169,0.10559423267841339,5.016268253326416,16.7498722076416,1.1925979852676392,184.2596435546875,1.2392268180847168,343.5411071777344,2.9547377380367834e-06,1.1654562870333507e-09,3.0784246921539307,26.531095504760742,42.76710891723633,0.06031571701169014,7.328970909118652,0.3089157044887543
1075,34830.3557265625,66206.3203125,34827.69298046875,1.4324615790843964,2.4603559827804564,1.0,0.5,3.115065574645996,862.4166870117188,7.810981750488281,0.10328324139118195,0.6703569293022156,4.621934413909912,0.6398809552192688,27.880346298217773,1.1528936624526978,26.023880004882812,0.7631781697273254,18.520414352416992,0.6306983232498169,0.10559423267841339,5.459478855133057,17.662546157836914,1.436706304550171,198.4738311767578,1.3355861902236938,375.2276306152344,2.9547377380367834e-06,1.1654562870333507e-09,3.262122631072998,28.017152786254883,42.6661262512207,0.06038260459899902,7.7576704025268555,0.31946107745170593
1076,34456.46296484375,68280.828125,34453.7911796875,1.4536266417503356,2.436507377624512,1.0,0.5,3.522942543029785,872.8739624023438,7.868342876434326,0.10282979905605316,0.6689217686653137,4.6781439781188965,0.6560901999473572,28.040878295898438,1.1779812574386597,26.9021053314209,0.7589009404182434,18.174983978271484,0.6306983232498169,0.10559423267841339,5.6790690422058105,18.124723434448242,1.3016554117202759,202.2642059326172,1.3880796432495117,387.3788146972656,2.9547377380367834e-06,1.1654562870333507e-09,3.3985435962677,28.916622161865234,42.67573547363281,0.0603901743888855,7.907839298248291,0.3284159302711487
1077,34789.344578125,83943.3359375,34786.64740625,1.4408603668212892,2.5123013954162596,1.0,0.5,3.3249802589416504,991.3582153320312,7.972207069396973,0.1040404811501503,0.6733797788619995,4.559117794036865,0.6369447708129883,28.540369033813477,1.1287899017333984,26.125240325927734,0.7404637932777405,18.450742721557617,0.6306983232498169,0.10559423267841339,5.836534023284912,18.339662551879883,1.3194204568862915,195.65481567382812,1.3994576930999756,388.7714538574219,2.9547377380367834e-06,1.1654562870333507e-09,3.0823652744293213,27.82758140563965,42.915035247802734,0.06058149412274361,7.678197860717773,0.32377082109451294
1078,35127.264515625,86060.796875,35124.5417734375,1.4390149116516113,2.5675175971984863,1.0,0.5,2.971679210662842,1003.2352294921875,7.6994476318359375,0.10136978328227997,0.689367949962616,4.817838668823242,0.7351691126823425,31.684816360473633,1.2072391510009766,28.786128997802734,0.8444967865943909,20.172794342041016,0.6306983232498169,0.10559423267841339,5.669107437133789,19.081445693969727,1.3667930364608765,201.96841430664062,1.4593271017074585,392.55401611328125,2.9547377380367834e-06,1.1654562870333507e-09,3.411842107772827,28.82649040222168,42.99589538574219,0.06082950904965401,7.846302032470703,0.33665406703948975
1079,32960.9079140625,58496.8203125,32958.17565234375,1.4291846742630006,2.6064436750411986,1.0,0.5,3.552861213684082,797.0824584960938,7.8818678855896,0.10596044361591339,0.680658757686615,4.6632490158081055,0.6780716180801392,29.54783058166504,1.194998860359192,27.569005966186523,0.7915659546852112,18.99329948425293,0.6306983232498169,0.10559423267841339,5.679749488830566,17.986331939697266,1.3177951574325562,194.76016235351562,1.3722273111343384,377.530517578125,2.9547377380367834e-06,1.1654562870333507e-09,3.2551798820495605,28.15350914001465,43.06489944458008,0.06081710755825043,7.6057844161987305,0.3258647918701172
1080,32142.8740234375,79716.9296875,32140.103578125,1.4626707830429078,2.61568851852417,1.0,0.5,3.5535144805908203,981.5841674804688,7.4581732749938965,0.09197033196687698,0.667873203754425,4.603212833404541,0.6651430726051331,29.336957931518555,1.1407215595245361,25.933855056762695,0.7597182989120483,19.15427017211914,0.6306983232498169,0.10559423267841339,5.437200546264648,17.17736053466797,1.219261646270752,178.83767700195312,1.3405243158340454,342.8721008300781,2.9547377380367834e-06,1.1654562870333507e-09,3.1182122230529785,27.318090438842773,42.76172637939453,0.0601726733148098,7.463263034820557,0.3074774146080017
1081,36085.8485,84535.6875,36083.1993671875,1.4567519969940186,2.384882469177246,1.0,0.5,3.630952835083008,990.7241821289062,8.131295204162598,0.10442520678043365,0.6751859188079834,4.650656223297119,0.6887446641921997,29.60027313232422,1.1926392316818237,26.557830810546875,0.7927103042602539,18.781930923461914,0.6306983232498169,0.10559423267841339,5.664430141448975,17.693819046020508,1.4555776119232178,198.2910614013672,1.4313604831695557,399.4212951660156,2.9547377380367834e-06,1.1654562870333507e-09,3.2508227825164795,28.580726623535156,42.898101806640625,0.060570403933525085,7.710627555847168,0.3180496394634247
1082,35197.191390625,76732.8671875,35194.50571875,1.4915250492095948,2.388149006843567,1.0,0.5,3.1858887672424316,941.1768188476562,7.299968719482422,0.08915064483880997,0.6855865716934204,4.717111587524414,0.6698662042617798,28.59675407409668,1.1523104906082153,25.933692932128906,0.7710850834846497,18.56460952758789,0.6306983232498169,0.10559423267841339,5.541586399078369,17.782011032104492,1.4032902717590332,198.59580993652344,1.3700358867645264,382.23529052734375,2.9547377380367834e-06,1.1654562870333507e-09,3.187072992324829,26.57781410217285,42.691131591796875,0.06047609820961952,7.554671764373779,0.30979737639427185
1083,33818.51687109375,66369.3125,33815.8046015625,1.4439029083251953,2.5366030311584473,1.0,0.5,3.5460755825042725,875.274658203125,7.767646789550781,0.09776335209608078,0.6662882566452026,4.531169414520264,0.6678220629692078,27.86530876159668,1.127898931503296,24.786203384399414,0.7713337540626526,17.996227264404297,0.6306983232498169,0.10559423267841339,5.748744964599609,17.388166427612305,1.3056869506835938,178.86427307128906,1.331374168395996,358.25750732421875,2.9547377380367834e-06,1.1654562870333507e-09,3.066331148147583,25.76103401184082,42.65561294555664,0.060369059443473816,7.559579849243164,0.3077026605606079
1084,35449.67573828125,58158.6171875,35446.794890625,1.476099362373352,2.8095054912567137,1.0,0.5,2.5393154621124268,819.39111328125,7.278896808624268,0.0867292582988739,0.6614590287208557,4.496853351593018,0.6350840330123901,26.88148307800293,1.095098614692688,24.39879608154297,0.7509440779685974,17.979938507080078,0.6306983232498169,0.10559423267841339,5.042684078216553,16.526147842407227,1.2265583276748657,179.5545654296875,1.2147257328033447,328.52508544921875,2.9547377380367834e-06,1.1654562870333507e-09,3.218048334121704,26.332693099975586,43.00165939331055,0.06070231273770332,7.364835739135742,0.30706390738487244
1085,38928.1526484375,63080.234375,38925.3465078125,1.4463093485832215,2.7194145135879517,1.0,0.5,3.537689208984375,843.339111328125,8.118267059326172,0.11521654576063156,0.6690995097160339,4.596456527709961,0.6488629579544067,28.61138916015625,1.167930245399475,26.831954956054688,0.7461954951286316,18.22100257873535,0.6306983232498169,0.10559423267841339,5.468637943267822,17.803300857543945,1.2258145809173584,187.23513793945312,1.4003080129623413,365.8746032714844,2.9547377380367834e-06,1.1654562870333507e-09,3.2043092250823975,27.38575553894043,42.56575393676758,0.06028907746076584,7.666653633117676,0.3202626407146454
1086,33713.885046875,65533.68359375,33711.1202109375,1.4602196273803711,2.6092198066711427,1.0,0.5,2.9757981300354004,855.4607543945312,7.416719913482666,0.08804760873317719,0.6713390350341797,4.668493747711182,0.646821916103363,27.580669403076172,1.144606113433838,25.591495513916016,0.7510102987289429,18.035877227783203,0.6306983232498169,0.10559423267841339,5.520849227905273,17.823135375976562,1.3387725353240967,195.03733825683594,1.4203981161117554,380.5060119628906,2.9547377380367834e-06,1.1654562870333507e-09,3.0203592777252197,27.034839630126953,43.05430603027344,0.06067604199051857,7.524738311767578,0.31781551241874695
1087,36759.5195078125,64147.99609375,36756.6956953125,1.4457579665184022,2.7556701736450195,1.0,0.5,3.1542744636535645,854.0368041992188,7.455752849578857,0.08474207669496536,0.6924869418144226,4.698765754699707,0.6860591173171997,28.582231521606445,1.1794430017471313,26.13866424560547,0.8120291829109192,19.19179916381836,0.6306983232498169,0.10559423267841339,5.404328346252441,18.0975399017334,1.3579144477844238,189.863525390625,1.3243767023086548,360.0356750488281,2.9547377380367834e-06,1.1654562870333507e-09,3.3201162815093994,27.909257888793945,42.73065948486328,0.06019508093595505,7.865453720092773,0.31365570425987244
1088,36960.97007421875,47749.7578125,36958.26960546875,1.425095330953598,2.5504937295913694,1.0,0.5,2.9095346927642822,679.0973510742188,7.589224815368652,0.09222812205553055,0.6263959407806396,4.306879997253418,0.6502664089202881,29.310646057128906,1.1782797574996948,27.70502281188965,0.756731390953064,18.76106834411621,0.6306983232498169,0.10559423267841339,5.709939479827881,18.393800735473633,1.2708184719085693,197.3251190185547,1.4433850049972534,406.5411682128906,2.9547377380367834e-06,1.1654562870333507e-09,3.0825881958007812,27.43048667907715,42.89556121826172,0.06058938056230545,7.770388603210449,0.3295469582080841
1089,35138.48859375,63592.74609375,35135.753859375,1.4735423953533173,2.5224844007492067,1.0,0.5,3.3420329093933105,847.4141845703125,8.144216537475586,0.10544542968273163,0.6728922128677368,4.664305686950684,0.6460508108139038,29.025331497192383,1.139385461807251,26.892934799194336,0.7356171607971191,18.433574676513672,0.6306983232498169,0.10559423267841339,5.362158298492432,17.92759132385254,1.2933032512664795,187.9820556640625,1.3492406606674194,365.739013671875,2.9547377380367834e-06,1.1654562870333507e-09,3.1698665618896484,28.536754608154297,42.77173614501953,0.0606410950422287,7.921592712402344,0.32803648710250854
1090,42755.6073828125,66271.734375,42752.967578125,1.4307679359912873,2.4179291944503785,1.0,0.5,2.7799463272094727,856.0589599609375,7.786108493804932,0.09486035257577896,0.667253851890564,4.636070728302002,0.6483809947967529,29.52325439453125,1.1755787134170532,27.727798461914062,0.7523733377456665,19.026813507080078,0.6306983232498169,0.10559423267841339,5.840467929840088,18.69023323059082,1.2778433561325073,197.14773559570312,1.4311085939407349,390.9681396484375,2.9547377380367834e-06,1.1654562870333507e-09,3.3861305713653564,29.12396812438965,42.99748992919922,0.060825414955616,7.963190078735352,0.3357485830783844
1091,39663.61546875,88675.203125,39660.9813046875,1.414501609802246,2.4394182386398318,1.0,0.5,3.073355197906494,1026.981689453125,7.476365566253662,0.08769357204437256,0.6670308113098145,4.582169532775879,0.6446962356567383,28.334144592285156,1.1520859003067017,26.878828048706055,0.7363410592079163,18.134798049926758,0.6306983232498169,0.10559423267841339,5.938173770904541,18.31363296508789,1.2174676656723022,188.20956420898438,1.4551752805709839,385.1585388183594,2.9547377380367834e-06,1.1654562870333507e-09,3.145681619644165,27.54027557373047,42.86087417602539,0.0606343150138855,7.715021133422852,0.3142269551753998
1092,33437.4546484375,101108.703125,33434.824875,1.4601447567939758,2.3387891120910647,1.0,0.5,3.2813620567321777,1096.7098388671875,7.96525239944458,0.10385385900735855,0.6966265439987183,4.798218250274658,0.6578129529953003,29.327499389648438,1.17520272731781,27.537080764770508,0.7519462704658508,18.444631576538086,0.6306983232498169,0.10559423267841339,5.3463568687438965,18.336915969848633,1.3746076822280884,200.32472229003906,1.5674680471420288,411.640869140625,2.9547377380367834e-06,1.1654562870333507e-09,3.264925956726074,28.821704864501953,43.05919647216797,0.06110614165663719,7.814187526702881,0.3220544755458832
1093,39273.76740625,108313.546875,39271.105734375,1.449699372291565,2.424335247039795,1.0,0.5,3.2124335765838623,1141.6763916015625,7.7632060050964355,0.09591614454984665,0.6929105520248413,4.684809684753418,0.676124632358551,29.412738800048828,1.1664149761199951,26.664186477661133,0.7677401304244995,18.395145416259766,0.6306983232498169,0.10559423267841339,5.746545314788818,18.90123748779297,1.2699167728424072,195.1011199951172,1.5234582424163818,414.43701171875,2.9547377380367834e-06,1.1654562870333507e-09,3.2917418479919434,28.74044418334961,42.8000602722168,0.06068567559123039,7.685166358947754,0.32583752274513245
1094,38482.064734375,84953.4921875,38479.3602421875,1.4337249989509582,2.5414876012802123,1.0,0.5,2.7497193813323975,1024.653564453125,7.3568620681762695,0.0908639058470726,0.7205823063850403,4.959513187408447,0.6237292289733887,26.462560653686523,1.083839774131775,24.251253128051758,0.7215873599052429,17.329212188720703,0.6306983232498169,0.10559423267841339,4.956278324127197,17.31551170349121,1.1463695764541626,173.70523071289062,1.3136913776397705,326.4188232421875,2.9547377380367834e-06,1.1654562870333507e-09,3.2122280597686768,27.853496551513672,42.855533599853516,0.06077056750655174,7.453326225280762,0.308906614780426
1095,44251.2355078125,66720.7109375,44248.5816484375,1.4712843747138977,2.3650866146087646,1.0,0.5,3.375246286392212,853.1925048828125,7.978448390960693,0.10012509673833847,0.6589556932449341,4.511240482330322,0.6717371940612793,30.445642471313477,1.154391884803772,27.13604736328125,0.7694284319877625,19.472496032714844,0.6306983232498169,0.10559423267841339,5.519772529602051,18.31863021850586,1.3668698072433472,206.9246826171875,1.4632846117019653,400.2015380859375,2.9547377380367834e-06,1.1654562870333507e-09,3.195218086242676,27.427249908447266,42.98530197143555,0.060873616486787796,7.688138484954834,0.3135819137096405
1096,40754.6474375,71640.1640625,40751.967328125,1.4303212163448333,2.500001564979553,1.0,0.5,3.1423110961914062,880.9458618164062,8.008320808410645,0.10430576652288437,0.7035542130470276,4.742412567138672,0.7028904557228088,33.12921142578125,1.2278263568878174,29.545473098754883,0.8081926107406616,21.316205978393555,0.6306983232498169,0.10559423267841339,6.131357669830322,19.71075439453125,1.4777334928512573,211.33294677734375,1.5153589248657227,422.47265625,2.9547377380367834e-06,1.1654562870333507e-09,3.4369144439697266,29.893136978149414,42.813926696777344,0.06078161671757698,8.065058708190918,0.33759069442749023
1097,39168.95865625,81499.125,39166.3144609375,1.4090471422672273,2.470222330093384,1.0,0.5,3.604783058166504,991.1497802734375,7.470851421356201,0.08997611701488495,0.7198713421821594,4.947390079498291,0.6906814575195312,30.100406646728516,1.1928733587265015,25.82564926147461,0.7902747988700867,19.315834045410156,0.6306983232498169,0.10559423267841339,5.8543829917907715,17.702465057373047,1.359694004058838,185.5330352783203,1.307448148727417,348.0401306152344,2.9547377380367834e-06,1.1654562870333507e-09,3.42553448677063,27.367382049560547,42.5555305480957,0.06024596840143204,7.46367883682251,0.30319732427597046
1098,40342.429703125,75705.4609375,40339.76459375,1.4318858876228333,2.4661144914627076,1.0,0.5,3.2781124114990234,945.943603515625,7.495286464691162,0.0967521145939827,0.7092769742012024,4.901950836181641,0.6589163541793823,29.469688415527344,1.1122075319290161,26.877634048461914,0.7767446041107178,18.842084884643555,0.6306983232498169,0.10559423267841339,5.713162899017334,18.654525756835938,1.353506326675415,187.3039093017578,1.342113733291626,356.0433349609375,2.9547377380367834e-06,1.1654562870333507e-09,3.4643032550811768,29.61572265625,42.866729736328125,0.06067218631505966,7.7599101066589355,0.32170426845550537
1099,37908.4982421875,76341.8125,37905.7967890625,1.4365524334907531,2.5300207777023314,1.0,0.5,3.174053192138672,956.076904296875,7.695207118988037,0.08971579372882843,0.709449052810669,4.8259501457214355,0.6798492074012756,29.69011116027832,1.17393958568573,26.513504028320312,0.8005244731903076,19.763513565063477,0.6306983232498169,0.10559423267841339,5.837677001953125,18.814289093017578,1.2510182857513428,177.84117126464844,1.3162785768508911,346.2568359375,2.9547377380367834e-06,1.1654562870333507e-09,3.364863634109497,28.395357131958008,42.468360900878906,0.05978349223732948,7.634031772613525,0.30857962369918823
1100,39471.72703125,57526.40234375,39469.032625,1.4667295541763306,2.455128861427307,1.0,0.5,3.4045722484588623,800.0807495117188,7.363652229309082,0.08422572165727615,0.7159229516983032,4.8795905113220215,0.7392045855522156,31.845056533813477,1.176215648651123,26.842063903808594,0.8563888072967529,20.79009437561035,0.6306983232498169,0.10559423267841339,5.767022132873535,18.0368709564209,1.296529769897461,184.2534637451172,1.4586470127105713,357.7672119140625,2.9547377380367834e-06,1.1654562870333507e-09,3.206420660018921,27.477510452270508,42.28059387207031,0.05959900841116905,7.6465630531311035,0.31259217858314514
1101,39841.331546875,51815.81640625,39838.582375,1.4320135686397553,2.6339614219665526,1.0,0.5,2.5777485370635986,753.1148071289062,7.41146183013916,0.09073755145072937,0.707424521446228,4.8287129402160645,0.6656232476234436,28.736499786376953,1.0895096063613892,25.140871047973633,0.7817299962043762,18.593156814575195,0.6306983232498169,0.10559423267841339,4.939467430114746,17.44095802307129,1.3085312843322754,184.4527130126953,1.3104543685913086,348.37841796875,2.9547377380367834e-06,1.1654562870333507e-09,3.2167441844940186,26.373760223388672,42.2867317199707,0.060015104711055756,7.403984069824219,0.2983502447605133
1102,37750.3913515625,74500.765625,37747.6825390625,1.435824291229248,2.5454289636611938,1.0,0.5,3.372469425201416,907.4979248046875,7.507254123687744,0.0940234363079071,0.6757389307022095,4.619281768798828,0.6279480457305908,30.723995208740234,1.2070739269256592,28.21126365661621,0.7202381491661072,19.368488311767578,0.6306983232498169,0.10559423267841339,5.969223499298096,18.35911750793457,1.487314224243164,201.18743896484375,1.570961594581604,419.21380615234375,2.9547377380367834e-06,1.1654562870333507e-09,3.0726146697998047,27.305017471313477,42.48293685913086,0.06014489382505417,7.311616897583008,0.30562499165534973
1103,41569.9758984375,92158.1796875,41567.1714921875,1.4824217014312744,2.6440677385330202,1.0,0.5,3.5009820461273193,1040.2650146484375,7.769490718841553,0.09072629362344742,0.7096129059791565,4.924222469329834,0.6754971742630005,29.28783416748047,1.2060710191726685,26.934463500976562,0.766309916973114,19.02880859375,0.6306983232498169,0.10559423267841339,5.9841203689575195,18.771724700927734,1.3901273012161255,209.14073181152344,1.4875545501708984,401.5267639160156,2.9547377380367834e-06,1.1654562870333507e-09,3.304853677749634,27.47475814819336,42.918792724609375,0.06060580164194107,7.602821350097656,0.30979233980178833
1104,39882.3337734375,76922.3046875,39879.603296875,1.4447550721168518,2.5709654636383057,1.0,0.5,2.901484727859497,930.547119140625,7.284846782684326,0.08772649616003036,0.6998415589332581,4.790449619293213,0.677594006061554,29.17379379272461,1.1643075942993164,27.586496353149414,0.7610489726066589,18.219036102294922,0.6306983232498169,0.10559423267841339,5.970625400543213,18.827959060668945,1.2828402519226074,188.140869140625,1.5569263696670532,415.3420715332031,2.9547377380367834e-06,1.1654562870333507e-09,3.03700852394104,27.28999900817871,42.07609558105469,0.05959508568048477,7.4044599533081055,0.3070947825908661
1105,46459.62690625,78264.1640625,46456.84849609375,1.4561533031463623,2.6448577518463137,1.0,0.5,3.3682632446289062,971.4730834960938,7.706550598144531,0.0888751894235611,0.7000454664230347,4.867783546447754,0.6221049427986145,27.51833152770996,1.1518831253051758,25.126609802246094,0.7350637316703796,18.139381408691406,0.6306983232498169,0.10559423267841339,5.849573612213135,17.489097595214844,1.2083460092544556,172.61871337890625,1.422167420387268,345.5621337890625,2.9547377380367834e-06,1.1654562870333507e-09,2.9402496814727783,25.651254653930664,42.595123291015625,0.06007140129804611,7.308981418609619,0.2997758984565735
1106,42638.81953125,76387.765625,42636.093828125,1.4295618929862977,2.5920176839828493,1.0,0.5,3.2730627059936523,920.191162109375,7.455562591552734,0.08543745428323746,0.6810476183891296,4.65694522857666,0.6532353162765503,29.03464126586914,1.1925294399261475,27.805681228637695,0.7364034652709961,18.17030143737793,0.6306983232498169,0.10559423267841339,5.926785945892334,18.26089859008789,1.2827270030975342,191.05477905273438,1.535086989402771,427.94781494140625,2.9547377380367834e-06,1.1654562870333507e-09,3.0319671630859375,26.67711639404297,42.43569564819336,0.05978202819824219,7.407654762268066,0.3052923381328583
1107,42017.91546875,102580.8203125,42015.1790390625,1.4602360129356384,2.551947955131531,1.0,0.5,3.328397035598755,1113.3201904296875,7.658193111419678,0.09098591655492783,0.6916136741638184,4.5980353355407715,0.7204225659370422,29.706985473632812,1.1549570560455322,25.463884353637695,0.8323987722396851,19.274503707885742,0.6306983232498169,0.10559423267841339,5.684544563293457,18.894458770751953,1.4232343435287476,201.60508728027344,1.4498767852783203,390.96331787109375,2.9547377380367834e-06,1.1654562870333507e-09,3.3557324409484863,29.14723777770996,42.34200668334961,0.05980116128921509,7.682448387145996,0.30820879340171814
1108,43772.1054375,106006.453125,43769.3597578125,1.421457703590393,2.6486728258132937,1.0,0.5,3.26492977142334,1136.998046875,7.726118564605713,0.08953157067298889,0.6881841421127319,4.767863750457764,0.6643466949462891,29.660335540771484,1.1648635864257812,27.112892150878906,0.7709657549858093,18.964866638183594,0.6306983232498169,0.10559423267841339,5.402890682220459,18.87512969970703,1.2687650918960571,197.45550537109375,1.4811939001083374,386.2825012207031,2.9547377380367834e-06,1.1654562870333507e-09,3.152176856994629,27.327234268188477,42.29277801513672,0.05981481447815895,7.44045352935791,0.30139777064323425
1109,49495.618796875,45136.35546875,49492.93321875,1.451987154006958,2.4671188278198244,1.0,0.5,2.7922301292419434,671.9708862304688,7.826784133911133,0.08852633088827133,0.6592554450035095,4.384131908416748,0.7352779507637024,29.774349212646484,1.16061532497406,25.354576110839844,0.8608238101005554,19.76351547241211,0.6306983232498169,0.10559423267841339,5.533616542816162,17.71479034423828,1.2463219165802002,194.00831604003906,1.5068238973617554,373.815673828125,2.9547377380367834e-06,1.1654562870333507e-09,3.1282365322113037,26.669784545898438,42.378578186035156,0.059474848210811615,7.606655120849609,0.30947381258010864
1110,44471.90485546875,96895.96875,44469.20609765625,1.4315623869895935,2.5341525821685793,1.0,0.5,3.3002495765686035,1083.738525390625,7.343740940093994,0.08139687031507492,0.6971261501312256,4.744196891784668,0.6367577910423279,27.638019561767578,1.1538283824920654,25.627378463745117,0.7394524812698364,17.979867935180664,0.6306983232498169,0.10559423267841339,5.506771087646484,18.03827476501465,1.293431282043457,191.03997802734375,1.463760256767273,377.61114501953125,2.9547377380367834e-06,1.1654562870333507e-09,3.378849744796753,29.2164306640625,41.99103927612305,0.05940169468522072,7.597488880157471,0.3166103661060333
1111,40841.0271015625,62729.8125,40838.337640625,1.4555304985046387,2.467330240249634,1.0,0.5,3.527402400970459,825.4758911132812,7.38660192489624,0.08443378657102585,0.672595739364624,4.6534857749938965,0.6276207566261292,29.105852127075195,1.1593388319015503,26.760622024536133,0.7203705310821533,18.638080596923828,0.6306983232498169,0.10559423267841339,5.915501117706299,17.871824264526367,1.4298278093338013,200.0118865966797,1.463274598121643,392.206787109375,2.9547377380367834e-06,1.1654562870333507e-09,3.0230045318603516,26.49026870727539,42.30818176269531,0.05949396640062332,7.4254536628723145,0.30709367990493774
1112,44294.3841953125,74306.65625,44291.741109375,1.422026508808136,2.4419551105499266,1.0,0.5,2.7242321968078613,940.2525634765625,7.09168004989624,0.0843697264790535,0.6962072253227234,4.793445587158203,0.7030297517776489,29.6092586517334,1.1338660717010498,26.512062072753906,0.8002265095710754,18.59600257873535,0.6306983232498169,0.10559423267841339,5.628482341766357,18.095773696899414,1.2435442209243774,177.77162170410156,1.386115550994873,348.669921875,2.9547377380367834e-06,1.1654562870333507e-09,3.0576210021972656,27.323583602905273,42.52104949951172,0.060233224183321,7.319094181060791,0.3094561696052551
1113,43447.136984375,112110.2578125,43444.304,1.4665907082557679,2.733353753089905,1.0,0.5,4.278594970703125,1175.60205078125,8.258831977844238,0.12075623124837875,0.7368984818458557,5.066844940185547,0.717681348323822,31.159509658813477,1.235834002494812,28.507944107055664,0.840736448764801,20.263214111328125,0.6306983232498169,0.10559423267841339,5.832057476043701,20.0482177734375,1.4322201013565063,197.60394287109375,1.4497520923614502,380.5074768066406,2.9547377380367834e-06,1.1654562870333507e-09,3.438232421875,32.02357482910156,42.963069915771484,0.06051183119416237,7.664100170135498,0.328924298286438
1114,42008.33321875,64523.9765625,42005.6124296875,1.4326073088645934,2.57636275100708,1.0,0.5,3.6626198291778564,839.496337890625,8.012651443481445,0.09529707580804825,0.6722923517227173,4.607977867126465,0.7040358781814575,30.569873809814453,1.1692454814910889,26.958192825317383,0.8162208795547485,19.710357666015625,0.6306983232498169,0.10559423267841339,5.943299293518066,18.125215530395508,1.346182107925415,194.85321044921875,1.5008975267410278,396.7940979003906,2.9547377380367834e-06,1.1654562870333507e-09,3.2269816398620605,27.312015533447266,42.62725830078125,0.05994639918208122,7.541543960571289,0.30958038568496704
1115,55596.7924765625,232156.6875,55593.9186640625,1.4383019232749938,2.870602189064026,1.0,0.5,4.0009965896606445,1742.1229248046875,7.8200459480285645,0.0905536487698555,0.7053565979003906,4.921483993530273,0.6798672676086426,30.01459312438965,1.2433192729949951,27.82354736328125,0.7942084074020386,19.764623641967773,0.6306983232498169,0.10559423267841339,5.566928386688232,20.122365951538086,1.4550845623016357,210.4424591064453,1.5147669315338135,409.1534423828125,2.9547377380367834e-06,1.1654562870333507e-09,3.4641873836517334,31.480703353881836,42.5554084777832,0.059971898794174194,7.881533145904541,0.33022719621658325
1116,56211.7467578125,92778.8515625,56209.0252578125,1.4481502861976623,2.546544370651245,1.0,0.5,3.4839060306549072,1036.274658203125,8.14636516571045,0.10705414414405823,0.6832711696624756,4.737023830413818,0.6954624056816101,32.31082534790039,1.24384343624115,30.829967498779297,0.8138482570648193,20.906999588012695,0.6306983232498169,0.10559423267841339,5.608078956604004,19.74848175048828,1.4437034130096436,212.94041442871094,1.5965425968170166,419.34454345703125,2.9547377380367834e-06,1.1654562870333507e-09,3.374067783355713,31.283573150634766,42.538326263427734,0.06008585914969444,7.8604230880737305,0.333700954914093
1117,51805.7939140625,56442.64453125,51802.75353125,1.4447564568519593,3.191872133255005,1.0,0.5,3.5776093006134033,779.4922485351562,8.035585403442383,0.10834818333387375,0.6827660799026489,4.806304454803467,0.6553557515144348,28.877079010009766,1.255334496498108,27.454429626464844,0.7743323445320129,19.101720809936523,0.6306983232498169,0.10559423267841339,5.8961501121521,18.59481430053711,1.3851104974746704,194.637939453125,1.452974796295166,376.135498046875,2.9547377380367834e-06,1.1654562870333507e-09,3.3798203468322754,29.717609405517578,42.39479446411133,0.059823475778102875,7.519505023956299,0.31656691431999207
1118,43856.4237109375,94150.0546875,43853.506484375,1.4342890186309813,2.9656743230819704,1.0,0.5,3.6199498176574707,1065.88232421875,8.403810501098633,0.10522827506065369,0.6619414687156677,4.52058219909668,0.5962085127830505,26.88558578491211,1.127275824546814,25.39657211303711,0.7009845972061157,17.79258155822754,0.6306983232498169,0.10559423267841339,5.484745502471924,18.39563751220703,1.2039982080459595,185.66851806640625,1.4910882711410522,380.31561279296875,2.9547377380367834e-06,1.1654562870333507e-09,3.279090642929077,28.58047866821289,41.95452117919922,0.05935107171535492,7.5690226554870605,0.30795159935951233
1119,45042.4017421875,97060.7578125,45039.7069609375,1.4461916537284851,2.4973019161224363,1.0,0.5,2.99458384513855,1080.2593994140625,7.119690418243408,0.077469602227211,0.6624470353126526,4.742742538452148,0.6158812046051025,27.976158142089844,1.1996856927871704,26.458040237426758,0.7163304686546326,18.611927032470703,0.6306983232498169,0.10559423267841339,5.800639629364014,17.739688873291016,1.426004409790039,202.2109832763672,1.4105808734893799,384.73138427734375,2.9547377380367834e-06,1.1654562870333507e-09,3.344486713409424,28.179994583129883,42.16404724121094,0.0594157874584198,7.612881660461426,0.3015901744365692
1120,45987.659515625,65311.0546875,45985.0272890625,1.4456275885105132,2.3729463510513304,1.0,0.5,3.120623826980591,837.297607421875,7.575724124908447,0.08163738995790482,0.6340482234954834,4.461873531341553,0.6700679063796997,30.617467880249023,1.2052173614501953,27.283794403076172,0.7685237526893616,19.888996124267578,0.6306983232498169,0.10559423267841339,6.075568675994873,18.684356689453125,1.429835557937622,210.10772705078125,1.5172035694122314,407.3577575683594,2.9547377380367834e-06,1.1654562870333507e-09,3.3023126125335693,27.075733184814453,42.32697296142578,0.0596885047852993,7.944275379180908,0.31026801466941833
1121,47275.7516953125,82642.4609375,47272.9838828125,1.472124635696411,2.5912172384262084,1.0,0.5,3.6335256099700928,983.4849853515625,7.811537265777588,0.09384997189044952,0.7015405893325806,4.779461860656738,0.6755866408348083,31.436325073242188,1.2666504383087158,28.24492073059082,0.7640983462333679,20.074981689453125,0.6306983232498169,0.10559423267841339,6.124370574951172,19.172183990478516,1.2698066234588623,186.4514617919922,1.5038061141967773,389.252197265625,2.9547377380367834e-06,1.1654562870333507e-09,3.4407365322113037,29.467573165893555,42.40656661987305,0.05970030650496483,7.65229606628418,0.3174225389957428
1122,49387.482578125,71331.34375,49384.7938125,1.4310881633758545,2.515427230834961,1.0,0.5,3.518477439880371,902.9606323242188,7.096044063568115,0.09192244708538055,0.7141920328140259,4.841166973114014,0.7450847625732422,31.26157569885254,1.2524523735046387,27.10101318359375,0.8561872839927673,20.080720901489258,0.6306983232498169,0.10559423267841339,5.917846202850342,19.62615394592285,1.4215470552444458,194.04737854003906,1.4823099374771118,377.2086181640625,2.9547377380367834e-06,1.1654562870333507e-09,3.4454185962677,28.53318214416504,42.725276947021484,0.06018047407269478,7.559055328369141,0.3015885651111603
1123,44246.811546875,73126.6171875,44244.0659296875,1.4311926798820496,2.629193356513977,1.0,0.5,3.5590600967407227,910.07958984375,8.42560863494873,0.11077852547168732,0.6886538863182068,4.646198272705078,0.6284506320953369,28.401592254638672,1.1605794429779053,26.525104522705078,0.7431216835975647,18.635766983032227,0.6306983232498169,0.10559423267841339,6.461658954620361,19.285165786743164,1.2978887557983398,203.9881134033203,1.4787262678146362,388.43798828125,2.9547377380367834e-06,1.1654562870333507e-09,3.2641968727111816,27.54604148864746,42.930389404296875,0.060189761221408844,7.612349987030029,0.30849069356918335
1124,50512.0140234375,147382.4375,50509.2980859375,1.4535310978889466,2.5245916690826418,1.0,0.5,3.0831234455108643,1366.1121826171875,7.33721399307251,0.08503138273954391,0.6933062076568604,4.827492713928223,0.7172678112983704,30.27776527404785,1.2800815105438232,28.487382888793945,0.8347554206848145,19.394643783569336,0.6306983232498169,0.10559423267841339,5.699756145477295,19.463638305664062,1.2739753723144531,192.74778747558594,1.5917844772338867,395.66925048828125,2.9547377380367834e-06,1.1654562870333507e-09,3.249896287918091,29.26276206970215,43.02039337158203,0.06051303818821907,7.449188232421875,0.3129143714904785
1125,49237.560609375,93140.7734375,49234.7845546875,1.4419380297660829,2.66794730091095,1.0,0.5,3.1781251430511475,1062.07275390625,7.763420581817627,0.08884498476982117,0.6584909558296204,4.566856861114502,0.6859880685806274,31.253013610839844,1.1566596031188965,26.124963760375977,0.8019331097602844,20.07383155822754,0.6306983232498169,0.10559423267841339,5.571996212005615,18.839101791381836,1.2465945482254028,185.09620666503906,1.4416418075561523,372.0545654296875,2.9547377380367834e-06,1.1654562870333507e-09,3.201874256134033,28.744890213012695,42.31022644042969,0.05976637452840805,7.627908229827881,0.31319355964660645
1126,52354.547359375,66208.6875,52351.879484375,1.4699345500469208,2.395628602027893,1.0,0.5,2.783982038497925,858.9225463867188,7.399185657501221,0.0870356485247612,0.6477593779563904,4.419827461242676,0.6849411129951477,29.69492530822754,1.2037659883499146,26.558643341064453,0.7951774597167969,18.822093963623047,0.6306983232498169,0.10559423267841339,5.701852798461914,18.223772048950195,1.3337171077728271,187.21104431152344,1.4370661973953247,388.6977844238281,2.9547377380367834e-06,1.1654562870333507e-09,3.2831852436065674,26.91910171508789,41.996116638183594,0.059298839420080185,7.654861927032471,0.3094412088394165
1127,49609.7289609375,56528.5078125,49607.1073515625,1.415079662322998,2.4132425241470337,1.0,0.5,3.845229387283325,788.529296875,9.526183128356934,0.1257695108652115,0.6842114329338074,4.677350044250488,0.6563955545425415,29.101106643676758,1.1583373546600342,26.941640853881836,0.7654667496681213,18.681015014648438,0.6306983232498169,0.10559423267841339,6.511031627655029,18.890714645385742,1.2478127479553223,186.33941650390625,1.4376349449157715,363.078125,2.9547377380367834e-06,1.1654562870333507e-09,3.3596205711364746,27.3737850189209,42.54808044433594,0.05991649627685547,7.909222602844238,0.3043725788593292
1128,48621.413453125,116936.703125,48618.75759375,1.4327880580425263,2.4464910049438475,1.0,0.5,3.6672253608703613,1176.1800537109375,7.183443069458008,0.08161316812038422,0.7108921408653259,4.89980411529541,0.7380160093307495,31.037275314331055,1.3000000715255737,28.435895919799805,0.8588306903839111,20.226970672607422,0.6306983232498169,0.10559423267841339,6.294724941253662,19.94161033630371,1.5784492492675781,226.53033447265625,1.6902776956558228,445.93133544921875,2.9547377380367834e-06,1.1654562870333507e-09,3.664977550506592,30.307329177856445,41.843841552734375,0.05890251323580742,7.741665840148926,0.3278484344482422
1129,49828.81234375,71900.4765625,49826.189109375,1.4307068963050842,2.3843030023574827,1.0,0.5,3.088951587677002,887.6600341796875,7.900933742523193,0.09516935795545578,0.6941028237342834,4.807594299316406,0.6671158075332642,28.392454147338867,1.2227240800857544,26.797945022583008,0.7934750914573669,18.79755210876465,0.6306983232498169,0.10559423267841339,5.474967956542969,18.683406829833984,1.4699536561965942,208.3935546875,1.4712727069854736,414.8780822753906,2.9547377380367834e-06,1.1654562870333507e-09,3.254509687423706,29.027599334716797,42.19244384765625,0.05950338393449783,7.973740100860596,0.329078733921051
1130,43871.951921875,103411.4921875,43869.251171875,1.4407338037490844,2.5204234485626222,1.0,0.5,3.4194159507751465,1114.4127197265625,7.490981578826904,0.08473338931798935,0.7407914400100708,4.973392486572266,0.7448465824127197,30.41636085510254,1.3072161674499512,28.750886917114258,0.8749486804008484,20.252647399902344,0.6306983232498169,0.10559423267841339,6.275096416473389,18.91334342956543,1.367661952972412,197.71775817871094,1.6217526197433472,404.0491943359375,2.9547377380367834e-06,1.1654562870333507e-09,3.615898609161377,30.50480079650879,42.0045166015625,0.05921141803264618,8.080778121948242,0.32588329911231995
1131,49678.3591171875,68114.5546875,49675.7210546875,1.4518823165893555,2.3724764823913573,1.0,0.5,3.747318983078003,885.533935546875,7.911284446716309,0.10307527333498001,0.6666374206542969,4.694419860839844,0.6412285566329956,27.623857498168945,1.2301204204559326,26.655006408691406,0.7685670256614685,18.247739791870117,0.6306983232498169,0.10559423267841339,6.719842433929443,18.961170196533203,1.362637996673584,186.29962158203125,1.4210699796676636,362.9388732910156,2.9547377380367834e-06,1.1654562870333507e-09,3.3918988704681396,28.11583709716797,41.94538116455078,0.058957815170288086,7.606125831604004,0.31725889444351196
1132,50795.1473671875,53544.40625,50792.4048671875,1.4374515042304992,2.6099527530670166,1.0,0.5,3.7848381996154785,747.7084350585938,7.676558971405029,0.09961740672588348,0.6577853560447693,4.454123497009277,0.6961705088615417,30.71794891357422,1.2647968530654907,27.613502502441406,0.8045597672462463,19.79151725769043,0.6306983232498169,0.10559423267841339,7.162295341491699,20.94552230834961,1.3943870067596436,193.2231903076172,1.5846762657165527,387.2155456542969,2.9547377380367834e-06,1.1654562870333507e-09,3.1145126819610596,26.528806686401367,42.551265716552734,0.0599941685795784,7.202375888824463,0.3044036030769348
1133,55176.2812109375,87575.390625,55173.66340625,1.4269597239494323,2.381496808052063,1.0,0.5,3.1987857818603516,998.928466796875,7.45004415512085,0.08431493490934372,0.66242915391922,4.508533000946045,0.6503661870956421,28.991840362548828,1.2662290334701538,27.3472957611084,0.7407090067863464,18.319284439086914,0.6306983232498169,0.10559423267841339,6.257562160491943,19.59943389892578,1.4885501861572266,201.24949645996094,1.6695823669433594,429.615478515625,2.9547377380367834e-06,1.1654562870333507e-09,3.165289878845215,27.84514808654785,41.78554916381836,0.05912010371685028,7.733663082122803,0.3096350133419037
1134,52194.7180390625,60014.79296875,52191.9578125,1.435398918390274,2.649262677192688,1.0,0.5,3.388730049133301,791.5999145507812,7.913832187652588,0.0934177041053772,0.6629081964492798,4.489548683166504,0.7226935029029846,30.15831756591797,1.2763855457305908,27.397811889648438,0.854643702507019,20.12908363342285,0.6306983232498169,0.10559423267841339,6.289058685302734,19.847061157226562,1.5095188617706299,214.01736450195312,1.5120373964309692,405.4985656738281,2.9547377380367834e-06,1.1654562870333507e-09,3.5648300647735596,29.025291442871094,42.50618362426758,0.05972089618444443,8.173515319824219,0.32930436730384827
1135,60092.07746875,111809.65625,60089.2598359375,1.4394348669052124,2.7565083303451536,1.0,0.5,3.0175960063934326,1184.86767578125,7.399139404296875,0.08132506161928177,0.7135077118873596,4.7677693367004395,0.7614665627479553,30.827959060668945,1.1408830881118774,25.31241226196289,0.9271827340126038,20.81694221496582,0.6306983232498169,0.10559423267841339,5.698116779327393,19.4189395904541,1.3773428201675415,186.77487182617188,1.3722184896469116,350.9383544921875,2.9547377380367834e-06,1.1654562870333507e-09,3.674536943435669,30.572267532348633,41.983367919921875,0.05922653153538704,7.808936595916748,0.3114576041698456
1136,54527.69946875,90516.6875,54524.890296875,1.4439556436538696,2.7304383850097658,1.0,0.5,3.9752249717712402,1030.419189453125,8.672398567199707,0.11883500963449478,0.6745147705078125,4.745596885681152,0.8039252758026123,34.30796813964844,1.2170153856277466,28.449718475341797,0.9082654714584351,20.954702377319336,0.6306983232498169,0.10559423267841339,6.438215732574463,19.51268196105957,1.2839336395263672,194.4046173095703,1.5592304468154907,404.94329833984375,2.9547377380367834e-06,1.1654562870333507e-09,3.273402452468872,29.082622528076172,42.91831970214844,0.060152068734169006,7.790369033813477,0.3131870925426483
1137,44930.68262109375,78840.3984375,44927.75835546875,1.433174033164978,2.9824827299118044,1.0,0.5,3.2204649448394775,955.1544189453125,7.824321269989014,0.1019468829035759,0.7170392274856567,4.7912139892578125,0.6939343810081482,30.330835342407227,1.2431827783584595,26.662275314331055,0.7949216961860657,19.591333389282227,0.6306983232498169,0.10559423267841339,5.917336940765381,19.24268341064453,1.3656599521636963,197.13922119140625,1.5435094833374023,386.2497863769531,2.9547377380367834e-06,1.1654562870333507e-09,3.34281849861145,31.024639129638672,42.04096984863281,0.05929698795080185,7.752803802490234,0.3255571722984314
1138,51733.29228125,74097.09375,51730.2973828125,1.4740601632595063,3.041981776237488,1.0,0.5,2.928616762161255,930.9279174804688,7.480140686035156,0.08608034998178482,0.7119694948196411,4.826125621795654,0.6737061738967896,28.52918815612793,1.1921125650405884,25.680082321166992,0.7752069234848022,18.529769897460938,0.6306983232498169,0.10559423267841339,5.435598850250244,18.90931510925293,1.2388297319412231,189.02935791015625,1.4130113124847412,363.3423767089844,2.9547377380367834e-06,1.1654562870333507e-09,3.326975107192993,27.6205997467041,41.84988784790039,0.05889283865690231,7.474292278289795,0.3021181523799896
1139,47408.4879609375,53476.1796875,47405.719375,1.457871515750885,2.6215614776611327,1.0,0.5,3.041067361831665,749.3480224609375,7.308056354522705,0.08326488733291626,0.6709195971488953,4.630003452301025,0.6779797077178955,27.430917739868164,1.201871633529663,25.807270050048828,0.790467381477356,17.85696029663086,0.6306983232498169,0.10559423267841339,6.145485877990723,19.21225929260254,1.397331953048706,200.3319549560547,1.3855855464935303,379.6517028808594,2.9547377380367834e-06,1.1654562870333507e-09,3.385684013366699,26.937232971191406,41.51448440551758,0.05816135182976723,7.419668674468994,0.3029133677482605
1140,49458.304,106975.3515625,49455.69346875,1.3946396534442902,2.4313801136016844,1.0,0.5,3.060924768447876,1125.95849609375,7.674250602722168,0.08706700056791306,0.6707732081413269,4.664004802703857,0.6681077480316162,28.527008056640625,1.2060699462890625,26.67255401611328,0.7787198424339294,18.759374618530273,0.6306983232498169,0.10559423267841339,5.556614875793457,19.02064323425293,1.5085628032684326,215.78306579589844,1.6042420864105225,424.38116455078125,2.9547377380367834e-06,1.1654562870333507e-09,3.430377721786499,30.45631217956543,41.56174850463867,0.058684490621089935,8.04601764678955,0.33336141705513
1141,50966.646765625,89579.90625,50963.9570078125,1.435099577665329,2.5091399221420287,1.0,0.5,3.636279344558716,1015.0300903320312,7.63621711730957,0.08499788492918015,0.6557151079177856,4.474143028259277,0.6746914982795715,31.93311309814453,1.295711636543274,29.75827407836914,0.7791203260421753,20.564353942871094,0.6306983232498169,0.10559423267841339,6.072825908660889,19.076702117919922,1.6229947805404663,214.7935791015625,1.5597925186157227,417.2572937011719,2.9547377380367834e-06,1.1654562870333507e-09,3.482578992843628,29.306676864624023,40.74488067626953,0.05721119046211243,7.724918365478516,0.3170040249824524
1142,53295.056890625,107946.328125,53292.3607890625,1.3911058506965637,2.609425171852112,1.0,0.5,3.920941114425659,1115.609619140625,8.088457107543945,0.11705108731985092,0.7252199053764343,4.972344398498535,0.7597782015800476,34.01247024536133,1.4025145769119263,31.54287338256836,0.835147500038147,20.1442813873291,0.6306983232498169,0.10559423267841339,6.976135730743408,22.23061752319336,1.471224308013916,206.80587768554688,1.8247557878494263,468.8736572265625,2.9547377380367834e-06,1.1654562870333507e-09,3.5101215839385986,30.878738403320312,42.06881332397461,0.05916726216673851,7.538155555725098,0.3234972357749939
1143,60535.909953125,81515.2734375,60533.1230703125,1.458131805419922,2.6578106966018678,1.0,0.5,3.4054172039031982,964.8009643554688,7.452070713043213,0.08859900385141373,0.7221446633338928,4.781373977661133,0.8137383460998535,37.21521759033203,1.2678903341293335,31.01235580444336,0.9450592994689941,23.627161026000977,0.6306983232498169,0.10559423267841339,5.861853122711182,20.033912658691406,1.531730055809021,209.873291015625,1.5413750410079956,402.49005126953125,2.9547377380367834e-06,1.1654562870333507e-09,3.4893524646759033,31.244382858276367,41.95798110961914,0.059525612741708755,7.927896022796631,0.3190072476863861
1144,57189.4022890625,71983.84375,57186.6330390625,1.4515246171951295,2.6351240749359133,1.0,0.5,2.6318938732147217,912.5415649414062,7.38688325881958,0.09012182056903839,0.6979700326919556,4.989161014556885,0.6778542995452881,29.808378219604492,1.132731556892395,27.450557708740234,0.7915382981300354,18.79553985595703,0.6306983232498169,0.10559423267841339,5.131296634674072,18.269350051879883,1.4328902959823608,187.90640258789062,1.4138215780258179,369.5843200683594,2.9547377380367834e-06,1.1654562870333507e-09,3.0357837677001953,27.63922691345215,41.639808654785156,0.05877301096916199,7.40726375579834,0.30137893557548523
1145,51275.20771875,64361.4921875,51272.3737734375,1.4569715542793273,2.7542954359054566,1.0,0.5,3.885998487472534,862.5462036132812,7.767156600952148,0.10186741501092911,0.7213470339775085,4.837522983551025,0.710847020149231,30.95050811767578,1.3338829278945923,27.73039436340332,0.8269447088241577,19.896339416503906,0.6306983232498169,0.10559423267841339,6.990507125854492,20.45438575744629,1.322092056274414,183.00021362304688,1.4261629581451416,346.63641357421875,2.9547377380367834e-06,1.1654562870333507e-09,3.3728830814361572,29.014102935791016,41.83484649658203,0.058597464114427567,7.29891300201416,0.3093933165073395
1146,55867.20528125,188702.3125,55864.30851171875,1.4595496973991393,2.8749280920028686,1.0,0.5,4.837486743927002,1529.39453125,8.2405366897583,0.09105535596609116,0.7481933236122131,5.170307636260986,0.7493113875389099,31.951013565063477,1.4986307621002197,32.86016082763672,0.850369393825531,20.061330795288086,0.6306983232498169,0.10559423267841339,7.099947929382324,21.571624755859375,1.491318702697754,206.1255340576172,1.9794358015060425,506.3654479980469,2.9547377380367834e-06,1.1654562870333507e-09,3.5507376194000244,29.530277252197266,42.145877838134766,0.058758098632097244,7.537555694580078,0.3075690269470215
1147,55292.072171875,126924.3671875,55289.2206953125,1.432463366985321,2.838510982513428,1.0,0.5,4.983825206756592,1258.8062744140625,9.039778709411621,0.12136560678482056,0.7617334127426147,5.342320442199707,0.8420311212539673,34.525875091552734,1.4155739545822144,30.15349006652832,0.9719210863113403,21.925214767456055,0.6306983232498169,0.10559423267841339,6.246169567108154,20.08803939819336,1.6956353187561035,198.28184509277344,1.5813757181167603,386.0839538574219,2.9547377380367834e-06,1.1654562870333507e-09,3.654383897781372,30.567350387573242,41.86005401611328,0.059088241308927536,7.774348735809326,0.31415727734565735
1148,56834.214265625,71308.78125,56831.394046875,1.4377842330932618,2.7653605308532714,1.0,0.5,3.67659068107605,903.4744262695312,7.668908596038818,0.09335598349571228,0.6586511731147766,4.698112487792969,0.6518601179122925,30.819931030273438,1.3069980144500732,29.019161224365234,0.76624995470047,19.86911964416504,0.6306983232498169,0.10559423267841339,6.0466179847717285,18.960552215576172,1.3858246803283691,186.37013244628906,1.498639702796936,379.3016357421875,2.9547377380367834e-06,1.1654562870333507e-09,3.3132307529449463,29.366365432739258,41.81800842285156,0.05862979218363762,7.506540298461914,0.3136686086654663
1149,53665.9863046875,108659.6484375,53663.2720390625,1.4183291296958924,2.5920528860092165,1.0,0.5,3.227259874343872,1146.476806640625,7.6356611251831055,0.08932071924209595,0.7452201843261719,5.1496076583862305,0.8379331827163696,34.94847106933594,1.4179933071136475,30.810161590576172,0.9295860528945923,22.123886108398438,0.6306983232498169,0.10559423267841339,6.384514331817627,21.131519317626953,1.4545327425003052,201.26312255859375,1.6920734643936157,402.6784362792969,2.9547377380367834e-06,1.1654562870333507e-09,3.7035903930664062,31.837398529052734,41.520992279052734,0.058696892112493515,7.9635910987854,0.3227767050266266
1150,59771.8576328125,65015.765625,59769.174515625,1.4086149697303771,2.5488337240219114,1.0,0.5,3.5835933685302734,841.3137817382812,7.817340850830078,0.08846684545278549,0.6608376502990723,4.663872718811035,0.7324100136756897,32.84128189086914,1.4014962911605835,30.910348892211914,0.8353751301765442,20.81181526184082,0.6306983232498169,0.10559423267841339,6.387648105621338,19.12653160095215,1.574378490447998,194.71597290039062,1.6823006868362427,400.9383544921875,2.9547377380367834e-06,1.1654562870333507e-09,3.3915374279022217,29.47372055053711,41.81768035888672,0.058435238897800446,8.042017936706543,0.31303390860557556
1151,57474.184140625,128310.59375,57471.430265625,1.4608463888168335,2.5861812620162965,1.0,0.5,4.4475603103637695,1244.2674560546875,8.285966873168945,0.12174837291240692,0.6872919201850891,4.893442153930664,0.9108180999755859,36.49539566040039,1.3587106466293335,30.720338821411133,1.0277719497680664,22.537004470825195,0.6306983232498169,0.10559423267841339,6.367812156677246,20.62623405456543,1.8703701496124268,217.55113220214844,1.8567867279052734,443.34027099609375,2.9547377380367834e-06,1.1654562870333507e-09,3.53167986869812,31.804319381713867,42.490177154541016,0.05987141281366348,7.859366416931152,0.3316953182220459
1152,57626.3429453125,54966.51171875,57623.6981953125,1.414199536561966,2.461661657333374,1.0,0.5,3.3876166343688965,751.5281372070312,8.491728782653809,0.10303080826997757,0.6635665893554688,4.5258097648620605,0.6930155158042908,29.07357406616211,1.3079919815063477,27.434526443481445,0.7694292664527893,18.16326332092285,0.6306983232498169,0.10559423267841339,6.707489490509033,20.07925796508789,1.5976697206497192,198.82266235351562,1.5822408199310303,402.508056640625,2.9547377380367834e-06,1.1654562870333507e-09,3.292553186416626,28.62832260131836,42.15159606933594,0.05872625112533569,7.9429030418396,0.32483214139938354
1153,53730.19796875,57976.40234375,53727.5213515625,1.4327325944900513,2.4876716938018797,1.0,0.5,3.4526889324188232,786.279296875,7.62579870223999,0.08545379340648651,0.6684048771858215,4.590575218200684,0.7352476119995117,31.341087341308594,1.428096055984497,29.142499923706055,0.8367257118225098,19.62710189819336,0.6306983232498169,0.10559423267841339,6.83233642578125,20.821311950683594,1.3064007759094238,200.0360870361328,1.7052528858184814,387.29766845703125,2.9547377380367834e-06,1.1654562870333507e-09,3.2631051540374756,26.95241928100586,42.188377380371094,0.058868445456027985,7.711716175079346,0.30762118101119995
1154,53579.9799609375,193331.6875,53577.3131328125,1.4503511362075805,2.4327505331039427,1.0,0.5,3.6327145099639893,1580.9603271484375,8.186139106750488,0.10071227699518204,0.7352464199066162,5.283109664916992,0.7732589244842529,32.85136413574219,1.3366901874542236,28.21358299255371,0.8795895576477051,20.658130645751953,0.6306983232498169,0.10559423267841339,6.030829906463623,20.591344833374023,1.4685883522033691,200.7208251953125,1.6571213006973267,403.96307373046875,2.9547377380367834e-06,1.1654562870333507e-09,3.6085612773895264,30.92635726928711,41.74205780029297,0.05891935154795647,7.834389686584473,0.3339258134365082
1155,60971.7504375,120491.890625,60969.13165625,1.4316400709152222,2.374640528678894,1.0,0.5,4.364047527313232,1216.2149658203125,8.235403060913086,0.09887195378541946,0.7203041911125183,5.047513484954834,0.6830694079399109,28.639915466308594,1.2258329391479492,26.8449764251709,0.773573637008667,18.415054321289062,0.6306983232498169,0.10559423267841339,6.4444499015808105,19.3428897857666,1.3585789203643799,197.77284240722656,1.7766714096069336,406.688720703125,2.9547377380367834e-06,1.1654562870333507e-09,3.3825104236602783,29.9212646484375,41.64236068725586,0.05841377004981041,7.971958160400391,0.32960501313209534
1156,62495.8354375,53997.125,62493.1484609375,1.4637978143692016,2.446529438972473,1.0,0.5,2.9617061614990234,723.78125,7.584317207336426,0.08708056062459946,0.7253530621528625,4.942846298217773,0.6899756193161011,30.842315673828125,1.2086515426635742,27.108440399169922,0.821816623210907,20.288904190063477,0.6306983232498169,0.10559423267841339,5.740777492523193,19.121713638305664,1.5037368535995483,220.706298828125,1.5661110877990723,424.1893615722656,2.9547377380367834e-06,1.1654562870333507e-09,3.7705957889556885,30.70012664794922,42.15150451660156,0.059103529900312424,8.033639907836914,0.3280911147594452
1157,55861.79846875,103752.75,55859.154,1.4393394379615783,2.4100739021301267,1.0,0.5,4.28887939453125,1068.433349609375,8.686790466308594,0.10666762292385101,0.6955456137657166,4.733706951141357,0.8792709708213806,38.83083724975586,1.3908817768096924,33.967708587646484,0.9412853717803955,22.097742080688477,0.6306983232498169,0.10559423267841339,6.422914028167725,19.934473037719727,1.5684975385665894,211.5241241455078,2.0243375301361084,511.6011962890625,2.9547377380367834e-06,1.1654562870333507e-09,3.58194899559021,30.307357788085938,42.04444885253906,0.05909567326307297,8.455863952636719,0.3264544904232025
1158,67083.6187109375,72421.1796875,67080.949359375,1.4259918484687806,2.485960355758667,1.0,0.5,4.161792278289795,886.626708984375,8.202411651611328,0.09597723931074142,0.710938036441803,5.000057697296143,0.7705291509628296,32.32252883911133,1.5179989337921143,31.815282821655273,0.8528336882591248,20.457780838012695,0.6306983232498169,0.10559423267841339,7.6506733894348145,20.806236267089844,1.608538269996643,210.83094787597656,1.8900314569473267,423.5669860839844,2.9547377380367834e-06,1.1654562870333507e-09,3.6828198432922363,31.22849464416504,41.14741134643555,0.05772675946354866,7.862439155578613,0.3152967393398285
1159,63890.45921875,127298.0078125,63887.8410859375,1.392932021379471,2.4501522645950318,1.0,0.5,3.304812431335449,1263.57421875,7.329188346862793,0.08048927783966064,0.7292565703392029,5.106377601623535,0.6853713393211365,28.87786865234375,1.1731863021850586,25.825504302978516,0.7925452589988708,18.724607467651367,0.6306983232498169,0.10559423267841339,5.333216667175293,17.894309997558594,1.5430012941360474,195.3638153076172,1.6031278371810913,379.9607238769531,2.9547377380367834e-06,1.1654562870333507e-09,3.20021915435791,28.19132423400879,41.040260314941406,0.057680852711200714,7.838483810424805,0.31006133556365967
1160,65571.688109375,187667.03125,65569.01715625,1.470685664653778,2.400668737411499,1.0,0.5,4.099400997161865,1551.9127197265625,7.5546064376831055,0.0906580314040184,0.7044539451599121,4.8738932609558105,0.735688328742981,31.859214782714844,1.4472609758377075,29.40257453918457,0.8420336246490479,20.62298583984375,0.6306983232498169,0.10559423267841339,7.232149124145508,21.04360580444336,1.5949000120162964,215.41876220703125,1.798511266708374,410.7570495605469,2.9547377380367834e-06,1.1654562870333507e-09,3.7529234886169434,31.368492126464844,41.19804763793945,0.057709794491529465,7.892057418823242,0.33429470658302307
1161,57431.1275390625,75149.515625,57428.45678125,1.4516096024513245,2.438292217254639,1.0,0.5,3.9582715034484863,910.522705078125,7.762335300445557,0.09357226639986038,0.6908338069915771,4.6967668533325195,0.8668864965438843,33.73609924316406,1.3620593547821045,27.964298248291016,1.0019590854644775,21.824081420898438,0.6306983232498169,0.10559423267841339,6.462918281555176,19.730592727661133,1.570412278175354,217.35809326171875,1.6793526411056519,414.88677978515625,2.9547377380367834e-06,1.1654562870333507e-09,3.4927780628204346,28.907390594482422,41.14429473876953,0.057675741612911224,7.830618858337402,0.31332457065582275
1162,71988.43584375,64526.1171875,71985.766234375,1.4638786897659302,2.4110468187332152,1.0,0.5,3.149845838546753,812.7249145507812,7.575512886047363,0.08088397979736328,0.6974655389785767,4.79226016998291,0.6932777166366577,30.49262237548828,1.191542625427246,26.829355239868164,0.7897398471832275,19.168821334838867,0.6306983232498169,0.10559423267841339,5.94738245010376,19.22872543334961,1.5371652841567993,209.31814575195312,1.6563199758529663,442.499267578125,2.9547377380367834e-06,1.1654562870333507e-09,3.360607147216797,28.15154457092285,41.5709228515625,0.05810616537928581,7.984386444091797,0.3081820011138916
1163,62933.0134296875,65697.0625,62930.346984375,1.4223611199855803,2.488430576324463,1.0,0.5,3.260037660598755,850.1631469726562,7.518195152282715,0.08457772433757782,0.7450162172317505,4.996119499206543,0.7269216775894165,31.217113494873047,1.1972788572311401,26.523054122924805,0.8313406109809875,19.56540298461914,0.6306983232498169,0.10559423267841339,6.196107387542725,19.686832427978516,1.3365236520767212,198.05816650390625,1.54054856300354,393.0152587890625,2.9547377380367834e-06,1.1654562870333507e-09,3.323718547821045,28.243532180786133,40.99824905395508,0.057508450001478195,7.540844440460205,0.3097533881664276
1164,51889.99609375,73087.984375,51887.3367734375,1.4244190287590026,2.4695398349761963,1.0,0.5,4.252089500427246,921.6641845703125,8.934463500976562,0.11508851498365402,0.7412669658660889,5.10888147354126,0.7283340096473694,29.517576217651367,1.2275338172912598,26.062095642089844,0.8436259627342224,19.178457260131836,0.6306983232498169,0.10559423267841339,5.547094821929932,17.980684280395508,1.4967602491378784,195.59219360351562,1.4459680318832397,363.98541259765625,2.9547377380367834e-06,1.1654562870333507e-09,3.2059881687164307,27.108552932739258,41.410804748535156,0.058132462203502655,7.572868347167969,0.2993255853652954
1165,65674.554296875,96988.7265625,65671.741046875,1.433887927532196,2.759048411369324,1.0,0.5,3.7112441062927246,1087.9395751953125,8.395045280456543,0.10551858693361282,0.7110020518302917,5.000653266906738,0.6710389852523804,29.829450607299805,1.0967533588409424,25.169557571411133,0.8129299879074097,19.524248123168945,0.6306983232498169,0.10559423267841339,4.940382957458496,18.26494598388672,1.5046360492706299,196.9465789794922,1.4563183784484863,363.8827209472656,2.9547377380367834e-06,1.1654562870333507e-09,3.309802770614624,27.298364639282227,41.98109436035156,0.05899424105882645,7.6363725662231445,0.3090919256210327
1166,61654.9116875,151631.515625,61652.152546875,1.4427353720664977,2.6321762657165526,1.0,0.5,3.2547647953033447,1396.956787109375,7.536357879638672,0.08207184821367264,0.7283473610877991,4.968911647796631,0.7496334314346313,30.156856536865234,1.2496849298477173,26.37140464782715,0.9002836346626282,19.745445251464844,0.6306983232498169,0.10559423267841339,5.434958457946777,19.401399612426758,1.532728672027588,192.55938720703125,1.5063828229904175,361.9503173828125,2.9547377380367834e-06,1.1654562870333507e-09,3.310981273651123,29.10476303100586,41.86412811279297,0.05868759751319885,7.796963214874268,0.32463258504867554
1167,64582.4920546875,122193.21875,64579.7105625,1.450779531955719,2.661345187187195,1.0,0.5,4.319268226623535,1222.6859130859375,8.062355041503906,0.09135868400335312,0.7420326471328735,5.1413116455078125,0.8256893754005432,32.74394607543945,1.3235089778900146,28.037574768066406,0.9204375743865967,20.46013069152832,0.6306983232498169,0.10559423267841339,6.476937294006348,21.647829055786133,1.7785019874572754,209.04373168945312,1.7358875274658203,410.1412353515625,2.9547377380367834e-06,1.1654562870333507e-09,3.933332920074463,32.163299560546875,41.06938171386719,0.057245831936597824,8.104191780090332,0.3307308256626129
1168,58136.18453125,122946.2734375,58133.280640625,1.46541672706604,2.8778400888442994,1.0,0.5,3.286391019821167,1234.4735107421875,7.5124101638793945,0.08172117173671722,0.7811935544013977,5.41901159286499,0.745697021484375,30.44243812561035,1.2081775665283203,26.182722091674805,0.8736405372619629,20.38045883178711,0.6306983232498169,0.10559423267841339,6.022281646728516,18.41956329345703,1.6223500967025757,201.9883270263672,1.5088914632797241,391.0799865722656,2.9547377380367834e-06,1.1654562870333507e-09,3.841771125793457,34.07589340209961,41.633026123046875,0.05846554785966873,8.130999565124512,0.32618066668510437
1169,62444.278,65328.7265625,62441.52803125,1.4827010045051574,2.534862154006958,1.0,0.5,3.2829396724700928,873.5684814453125,8.527710914611816,0.09775635600090027,0.7084504961967468,4.829346656799316,0.7591955661773682,32.856529235839844,1.3535624742507935,30.448617935180664,0.8803020119667053,21.090002059936523,0.6306983232498169,0.10559423267841339,6.622591495513916,21.219316482543945,1.407564640045166,183.67144775390625,1.439658761024475,337.6854248046875,2.9547377380367834e-06,1.1654562870333507e-09,3.4178261756896973,27.676612854003906,41.19712829589844,0.058520715683698654,7.694877624511719,0.29971787333488464
1170,56586.975796875,80959.96875,56584.2765078125,1.453962251663208,2.4906545190811156,1.0,0.5,4.256291389465332,958.4451904296875,8.817781448364258,0.10247708857059479,0.7009479403495789,4.7409772872924805,0.8600655794143677,34.280391693115234,1.3282451629638672,29.712968826293945,0.9375307559967041,20.51708221435547,0.6306983232498169,0.10559423267841339,6.2790207862854,19.795629501342773,1.4766788482666016,196.40093994140625,1.7192121744155884,415.390625,2.9547377380367834e-06,1.1654562870333507e-09,3.4440810680389404,27.9979190826416,41.369503021240234,0.05795673280954361,8.102523803710938,0.31047511100769043
1171,61915.006453125,65644.5546875,61912.353984375,1.4716040196418763,2.362081608772278,1.0,0.5,3.283903121948242,851.0343627929688,7.7598185539245605,0.08482621610164642,0.7200725078582764,5.022531509399414,0.7451953291893005,30.290573120117188,1.2285722494125366,26.311323165893555,0.838116466999054,18.734935760498047,0.6306983232498169,0.10559423267841339,6.061667442321777,19.373279571533203,1.470655083656311,186.95530700683594,1.5013365745544434,395.8540954589844,2.9547377380367834e-06,1.1654562870333507e-09,3.3028602600097656,26.977100372314453,41.10413360595703,0.05761664733290672,7.620622158050537,0.31179574131965637
1172,57457.202703125,99781.984375,57454.5859921875,1.4735488820075988,2.285963755607605,1.0,0.5,3.7189908027648926,1103.283447265625,7.778852462768555,0.08484088629484177,0.7336680889129639,4.949754238128662,0.7279124855995178,32.63736343383789,1.2975388765335083,29.543689727783203,0.8411456942558289,20.352285385131836,0.6306983232498169,0.10559423267841339,6.142219543457031,20.443622589111328,1.5419344902038574,196.49769592285156,1.5627164840698242,370.6459655761719,2.9547377380367834e-06,1.1654562870333507e-09,3.4731268882751465,30.114421844482422,40.30121994018555,0.05660271644592285,7.855055332183838,0.32045042514801025
1173,68263.454296875,100771.671875,68260.846765625,1.4913336472511292,2.2329458532333373,1.0,0.5,4.14560079574585,1101.49365234375,8.571069717407227,0.09880547225475311,0.7413929104804993,5.124829292297363,0.6400540471076965,27.682872772216797,1.2326267957687378,26.257999420166016,0.705819308757782,17.31399917602539,0.6306983232498169,0.10559423267841339,5.918123722076416,18.519317626953125,1.5040552616119385,193.3773956298828,1.6042845249176025,396.5176696777344,2.9547377380367834e-06,1.1654562870333507e-09,3.143796682357788,27.319164276123047,41.23289489746094,0.05795449763536453,8.332328796386719,0.327224999666214
1174,61396.59803125,116044.7421875,61393.9904921875,1.422546851158142,2.370179965019226,1.0,0.5,3.1651418209075928,1202.99658203125,8.861396789550781,0.105366051197052,0.7595071196556091,5.201728343963623,0.7013815641403198,29.391321182250977,1.2259246110916138,26.535911560058594,0.8161560893058777,18.544832229614258,0.6306983232498169,0.10559423267841339,5.48392915725708,18.775253295898438,1.3202193975448608,179.047119140625,1.5665005445480347,377.1573181152344,2.9547377380367834e-06,1.1654562870333507e-09,3.3598222732543945,28.388364791870117,40.85915756225586,0.057573601603507996,8.375938415527344,0.32194453477859497
1175,57212.2747578125,80234.6484375,57209.702140625,1.4139652132987977,2.316692503929138,1.0,0.5,3.4862451553344727,960.0071411132812,7.947482109069824,0.09003964811563492,0.7648205757141113,5.206192493438721,0.7705283761024475,31.730731964111328,1.419209599494934,30.011571884155273,0.8292873501777649,19.73351287841797,0.6306983232498169,0.10559423267841339,7.543992042541504,21.43994903564453,1.4024112224578857,192.1126251220703,1.7823834419250488,401.3210754394531,2.9547377380367834e-06,1.1654562870333507e-09,3.503704071044922,29.989103317260742,40.90705490112305,0.05739052966237068,8.583556175231934,0.327934592962265
1176,56657.09290625,106303.6328125,56654.508171875,1.4268321771621704,2.315489037513733,1.0,0.5,3.2285397052764893,1141.830322265625,7.876981735229492,0.08796697854995728,0.8145554065704346,5.502938270568848,0.8485345244407654,33.619625091552734,1.4297738075256348,28.87180519104004,0.9353952407836914,20.19289207458496,0.6306983232498169,0.10559423267841339,7.052258491516113,20.62593650817871,1.267585039138794,185.3040771484375,1.694817066192627,382.5852966308594,2.9547377380367834e-06,1.1654562870333507e-09,3.594400644302368,30.25572395324707,40.8662109375,0.05758915841579437,7.730922698974609,0.3213135302066803
1177,63617.538515625,80582.9921875,63614.86484375,1.4269623231887818,2.492723141670227,1.0,0.5,3.071601152420044,966.0044555664062,7.772524833679199,0.08349892497062683,0.6879597306251526,4.776125907897949,0.7064855098724365,30.301441192626953,1.2589503526687622,27.84015464782715,0.8157020211219788,19.539779663085938,0.6306983232498169,0.10559423267841339,6.219128131866455,19.229833602905273,1.3511563539505005,189.89834594726562,1.6045258045196533,394.3794250488281,2.9547377380367834e-06,1.1654562870333507e-09,3.4017093181610107,30.17934226989746,40.84703063964844,0.05740689858794212,8.277913093566895,0.32470613718032837
1178,69941.48284375,69208.9765625,69938.789625,1.4447890985012055,2.4973939800262452,1.0,0.5,3.570211410522461,891.0489501953125,8.47411823272705,0.09232798218727112,0.6791486144065857,4.77097225189209,0.7046648859977722,30.681499481201172,1.228890299797058,27.514575958251953,0.7979536652565002,19.625080108642578,0.6306983232498169,0.10559423267841339,5.934354305267334,19.550607681274414,1.4304910898208618,185.7559356689453,1.5290212631225586,370.3371887207031,2.9547377380367834e-06,1.1654562870333507e-09,3.1683194637298584,28.137996673583984,40.9677734375,0.057575907558202744,8.306782722473145,0.3210442066192627
1179,60782.8090546875,62560.32421875,60780.19871875,1.425732655763626,2.368660079956055,1.0,0.5,3.6078073978424072,812.2850952148438,7.916924953460693,0.08530884981155396,0.7563849091529846,5.160253047943115,0.7874685525894165,33.590885162353516,1.345076084136963,29.539379119873047,0.9081524014472961,21.471458435058594,0.6306983232498169,0.10559423267841339,6.105194091796875,19.87145233154297,1.7251408100128174,213.20997619628906,1.5862867832183838,408.30487060546875,2.9547377380367834e-06,1.1654562870333507e-09,3.6358871459960938,30.992223739624023,41.15742492675781,0.05792202800512314,8.456034660339355,0.3308258652687073
1180,62280.1822265625,98810.6015625,62277.534046875,1.4427434730529785,2.4101389837265015,1.0,0.5,3.3440704345703125,1061.5352783203125,8.020018577575684,0.08459032326936722,0.7846923470497131,5.370632648468018,0.7803546190261841,32.075042724609375,1.3243529796600342,27.47293472290039,0.9039565920829773,20.708635330200195,0.6306983232498169,0.10559423267841339,5.808018207550049,19.11789321899414,1.605367660522461,229.69285583496094,1.6964277029037476,447.43927001953125,2.9547377380367834e-06,1.1654562870333507e-09,3.759294271469116,30.021154403686523,41.09056854248047,0.058009613305330276,8.415521621704102,0.3262496590614319
1181,55010.608421875,82092.8671875,55007.8710703125,1.4550971703529358,2.5639594898223876,1.0,0.5,3.6998252868652344,926.843017578125,8.412246704101562,0.08810541778802872,0.684395968914032,4.615817546844482,0.727302610874176,32.35350036621094,1.3035938739776611,30.171247482299805,0.791693389415741,19.487346649169922,0.6306983232498169,0.10559423267841339,6.319509983062744,20.449520111083984,1.628394365310669,220.3097381591797,1.8885300159454346,487.8731689453125,2.9547377380367834e-06,1.1654562870333507e-09,3.5608134269714355,30.11032485961914,41.489505767822266,0.05860297754406929,8.35768985748291,0.3241916596889496
1182,60424.1279921875,166168.390625,60421.3903671875,1.4477997422218323,2.579646346092224,1.0,0.5,3.6217458248138428,1438.1185302734375,8.073030471801758,0.09039190411567688,0.7515909075737,5.275012493133545,0.6807594895362854,30.497568130493164,1.2982370853424072,29.653955459594727,0.7490459084510803,18.1570987701416,0.6306983232498169,0.10559423267841339,6.442142486572266,20.498647689819336,1.413116455078125,204.89602661132812,1.7107497453689575,461.1598205566406,2.9547377380367834e-06,1.1654562870333507e-09,3.284468173980713,30.19548225402832,41.11036682128906,0.057914849370718,7.958834648132324,0.32501211762428284
1183,65820.1003359375,159881.984375,65817.4075703125,1.449995822429657,2.485887969017029,1.0,0.5,4.234403133392334,1438.0177001953125,8.18722152709961,0.08647562563419342,0.7454330325126648,5.1400837898254395,0.7322139739990234,28.96266746520996,1.3621742725372314,28.079504013061523,0.8296319246292114,18.524702072143555,0.6306983232498169,0.10559423267841339,6.130443572998047,18.893888473510742,1.4139032363891602,191.33436584472656,1.570777177810669,361.38226318359375,2.9547377380367834e-06,1.1654562870333507e-09,3.406026840209961,29.490726470947266,40.9005241394043,0.05722089484333992,7.721038341522217,0.3152817487716675
1184,69311.7763984375,87691.203125,69309.108734375,1.4534142289161682,2.4283898134231565,1.0,0.5,4.691887855529785,1009.5299682617188,9.608490943908691,0.1357467770576477,0.6956913471221924,4.893806457519531,0.7835351824760437,31.5581111907959,1.2505685091018677,27.29408073425293,0.9098464846611023,20.522762298583984,0.6306983232498169,0.10559423267841339,5.8910746574401855,19.804616928100586,1.5296576023101807,201.02577209472656,1.6352046728134155,405.7423095703125,2.9547377380367834e-06,1.1654562870333507e-09,3.2804102897644043,29.780864715576172,40.96601486206055,0.05759984627366066,8.367491722106934,0.3312535583972931
1185,71199.3033984375,149139.5,71196.59315625,1.431903817653656,2.5564288387298584,1.0,0.5,4.46386194229126,1382.0616455078125,8.802672386169434,0.11248711496591568,0.713333010673523,4.948244571685791,0.7112876176834106,29.368717193603516,1.3532705307006836,28.853919982910156,0.8062031269073486,18.92536163330078,0.6306983232498169,0.10559423267841339,6.550243377685547,20.850954055786133,1.4908384084701538,191.5345916748047,1.525054693222046,371.0956726074219,2.9547377380367834e-06,1.1654562870333507e-09,3.4837350845336914,30.42696189880371,40.87104034423828,0.05736106261610985,8.103373527526855,0.319966197013855
1186,57961.642703125,95789.28125,57958.9048125,1.4310943202972413,2.612950264930725,1.0,0.5,3.906644105911255,1064.149658203125,7.6645426750183105,0.08302537351846695,0.676815927028656,4.690664768218994,0.7100974917411804,32.28943634033203,1.2647255659103394,28.96152687072754,0.8140056133270264,20.626073837280273,0.6306983232498169,0.10559423267841339,5.989008903503418,19.560361862182617,1.5425502061843872,208.32498168945312,1.6137704849243164,402.1863098144531,2.9547377380367834e-06,1.1654562870333507e-09,3.2138373851776123,27.357297897338867,40.41505813598633,0.056838978081941605,8.023154258728027,0.31286025047302246
1187,70983.6616640625,90472.609375,70980.0609765625,2.3459229440689087,2.50939080619812,1.0,0.5,4.663425445556641,1043.065673828125,8.03930377960205,0.09817536920309067,0.7251420021057129,4.984246253967285,0.7507616877555847,33.54062271118164,1.4067167043685913,32.04566192626953,0.8782868981361389,21.518896102905273,0.6306983232498169,0.10559423267841339,6.703535556793213,20.470722198486328,1.7028844356536865,203.59512329101562,1.5308878421783447,364.95538330078125,2.9547377380367834e-06,1.1654562870333507e-09,3.5806357860565186,30.095983505249023,40.18303298950195,0.05628371238708496,8.160414695739746,0.33014699816703796
1188,62451.666078125,69805.828125,62448.6536953125,1.4492951469421387,3.1262697763442993,1.0,0.5,3.6771395206451416,895.7778930664062,7.632131099700928,0.08455415070056915,0.7364665865898132,4.920643329620361,0.7823812961578369,33.260276794433594,1.2157936096191406,27.078916549682617,0.9180257320404053,21.363189697265625,0.6306983232498169,0.10559423267841339,6.150301456451416,20.04723358154297,1.3938918113708496,188.66651916503906,1.5289082527160645,368.0390319824219,2.9547377380367834e-06,1.1654562870333507e-09,4.063194274902344,32.735267639160156,40.812564849853516,0.05699138715863228,7.815042018890381,0.30857592821121216
1189,60683.50246875,130702.828125,60680.608125,1.4350683646202087,2.9178308935165407,1.0,0.5,3.5884623527526855,1286.320556640625,8.473620414733887,0.11021821200847626,0.7604022026062012,5.28033447265625,0.7466122508049011,31.18313217163086,1.2711199522018433,28.08015251159668,0.8681848645210266,19.52256202697754,0.6306983232498169,0.10559423267841339,6.285661697387695,20.333473205566406,1.324369192123413,188.5077667236328,1.506567120552063,369.09326171875,2.9547377380367834e-06,1.1654562870333507e-09,3.532971143722534,29.120750427246094,40.69780731201172,0.05732795596122742,8.09083366394043,0.3190121054649353
1190,60916.4443671875,82090.25,60913.6861484375,1.432229702949524,2.6515102910995485,1.0,0.5,4.325433254241943,982.397705078125,7.837865352630615,0.08819557726383209,0.7037745714187622,4.725886821746826,0.8359661102294922,35.41719055175781,1.2983665466308594,30.028732299804688,0.9517644643783569,22.086408615112305,0.6306983232498169,0.10559423267841339,6.812757968902588,20.62615966796875,1.594285488128662,199.32730102539062,1.4873454570770264,374.764892578125,2.9547377380367834e-06,1.1654562870333507e-09,3.3949337005615234,29.3918514251709,40.15951919555664,0.056356433779001236,7.765629768371582,0.31304824352264404
1191,71468.8193359375,62253.15234375,71465.8952890625,1.455385353088379,2.937519418716431,1.0,0.5,4.30557107925415,815.390380859375,8.150591850280762,0.08957553654909134,0.7462624311447144,5.128427982330322,0.754291296005249,32.69382858276367,1.4345890283584595,29.878190994262695,0.8391704559326172,20.22132682800293,0.6306983232498169,0.10559423267841339,6.450560092926025,19.40238380432129,1.600534439086914,206.94500732421875,1.6319489479064941,400.17657470703125,2.9547377380367834e-06,1.1654562870333507e-09,3.5092597007751465,30.321165084838867,40.75275802612305,0.0571337565779686,8.354246139526367,0.3213781416416168
1192,59928.5702109375,70141.3671875,59925.767875,1.4379992251396179,2.728833271026611,1.0,0.5,4.060823440551758,882.5891723632812,7.81016731262207,0.08911845833063126,0.7132881283760071,4.844509601593018,0.8944897055625916,36.200138092041016,1.3614654541015625,29.556236267089844,0.990851104259491,22.143476486206055,0.6306983232498169,0.10559423267841339,6.17850399017334,19.244070053100586,1.6062544584274292,192.8047332763672,1.5881726741790771,402.47021484375,2.9547377380367834e-06,1.1654562870333507e-09,3.5272650718688965,27.726072311401367,40.59423828125,0.05727851018309593,8.556674003601074,0.33263230323791504
1193,60407.5978359375,109308.875,60404.7285546875,1.413529760837555,2.9113809785842895,1.0,0.5,4.597843647003174,1154.0791015625,9.25212574005127,0.11679565906524658,0.7615225911140442,5.1884379386901855,0.7262890338897705,32.48646545410156,1.4501508474349976,31.75094223022461,0.8443859219551086,20.94597053527832,0.6306983232498169,0.10559423267841339,6.9203081130981445,21.376449584960938,1.530644416809082,205.25440979003906,1.5324100255966187,390.2462463378906,2.9547377380367834e-06,1.1654562870333507e-09,3.7819669246673584,31.557130813598633,40.44952392578125,0.05685672163963318,8.468510627746582,0.33791178464889526
1194,61136.22215625,106811.828125,61133.3811640625,1.456957685470581,2.76703262424469,1.0,0.5,3.204162359237671,1135.32275390625,8.356210708618164,0.09782727062702179,0.7460349202156067,5.156673431396484,0.7445430755615234,32.67599105834961,1.2391748428344727,30.405677795410156,0.8578751087188721,20.2530517578125,0.6306983232498169,0.10559423267841339,6.17763614654541,20.59606170654297,1.4308407306671143,193.42701721191406,1.6113920211791992,406.4290771484375,2.9547377380367834e-06,1.1654562870333507e-09,3.5529158115386963,30.554224014282227,41.08134078979492,0.057889435440301895,8.135054588317871,0.32622355222702026
1195,65486.491328125,81649.6328125,65483.5676640625,1.4610290565490722,2.924795352935791,1.0,0.5,3.818631649017334,934.8755493164062,8.324702262878418,0.09563300758600235,0.7322762608528137,4.954424858093262,0.8023524880409241,34.857391357421875,1.3997091054916382,32.76234436035156,0.8945149183273315,21.159503936767578,0.6306983232498169,0.10559423267841339,6.9663615226745605,20.488372802734375,1.681259274482727,209.40794372558594,1.7737594842910767,470.0668029785156,2.9547377380367834e-06,1.1654562870333507e-09,3.526671886444092,32.93808364868164,40.93385314941406,0.057453304529190063,8.069592475891113,0.32696473598480225
1196,69242.0453203125,101088.1328125,69239.2653046875,1.4535471787452698,2.6528245878219603,1.0,0.5,3.432990312576294,1106.9488525390625,7.84991455078125,0.08335623890161514,0.7131045460700989,5.038967132568359,0.6854313015937805,27.769243240356445,1.3909355401992798,27.839365005493164,0.7756862640380859,17.622264862060547,0.6306983232498169,0.10559423267841339,7.497051239013672,20.061662673950195,1.5357601642608643,202.57826232910156,1.6177611351013184,381.67047119140625,2.9547377380367834e-06,1.1654562870333507e-09,3.3758397102355957,29.677227020263672,40.66557312011719,0.05709995701909065,7.98661470413208,0.32902616262435913
1197,60509.9386796875,80583.4921875,60507.1951015625,1.453271128177643,2.5807508125305176,1.0,0.5,3.9256389141082764,981.6212158203125,8.457755088806152,0.0988682210445404,0.7827889919281006,5.274790287017822,0.7669774293899536,30.92058753967285,1.393468976020813,28.39671516418457,0.868829607963562,18.944480895996094,0.6306983232498169,0.10559423267841339,6.434276580810547,19.062028884887695,1.4113668203353882,185.464111328125,1.5120927095413208,356.059326171875,2.9547377380367834e-06,1.1654562870333507e-09,3.570103168487549,29.634746551513672,40.596248626708984,0.05698523297905922,8.092935562133789,0.324985533952713
1198,56349.9558671875,75526.4140625,56347.1223984375,1.4243833727836608,2.818480338096619,1.0,0.5,3.0680835247039795,924.826171875,7.648080825805664,0.08046187460422516,0.6993324160575867,4.818448066711426,0.7756496071815491,34.05823516845703,1.317456603050232,29.996671676635742,0.905301034450531,21.17116355895996,0.6306983232498169,0.10559423267841339,5.955600261688232,19.707639694213867,1.5116772651672363,202.0624542236328,1.6106986999511719,396.8508605957031,2.9547377380367834e-06,1.1654562870333507e-09,3.4539148807525635,28.36605453491211,40.52509689331055,0.05743324011564255,8.516595840454102,0.32364773750305176
1199,64264.7747265625,221691.953125,64261.925203125,1.4551146335601806,2.7894497880935667,1.0,0.5,3.528432846069336,1710.475830078125,8.16859245300293,0.10292769223451614,0.7676860094070435,5.467809200286865,0.6991474032402039,29.929542541503906,1.2955721616744995,27.6583309173584,0.8005197048187256,18.58201026916504,0.6306983232498169,0.10559423267841339,5.993153095245361,19.161630630493164,1.3553714752197266,179.815673828125,1.5739080905914307,377.1419677734375,2.9547377380367834e-06,1.1654562870333507e-09,3.4706764221191406,31.0446834564209,40.835845947265625,0.0574028417468071,7.787571907043457,0.32151031494140625
